--
-- PostgreSQL database cluster dump
--

SET default_transaction_read_only = off;

SET client_encoding = 'UTF8';
SET standard_conforming_strings = on;

--
-- Drop databases (except postgres and template1)
--





--
-- Drop roles
--

DROP ROLE postgres;


--
-- Roles
--

CREATE ROLE postgres;
ALTER ROLE postgres WITH SUPERUSER INHERIT CREATEROLE CREATEDB LOGIN REPLICATION BYPASSRLS PASSWORD 'SCRAM-SHA-256$4096:cAOygYmzX7xbEkxQksVNow==$Tqmksnb+4xDOJBXR/SoBtb+usnMKz4nA0O5ag8oTkOg=:my/2E91kc33SGiHEeqi8HWhUnGbLHnHmJfwOSDZUwhU=';






--
-- Databases
--

--
-- Database "template1" dump
--

--
-- PostgreSQL database dump
--

-- Dumped from database version 14.5
-- Dumped by pg_dump version 14.5

SET statement_timeout = 0;
SET lock_timeout = 0;
SET idle_in_transaction_session_timeout = 0;
SET client_encoding = 'UTF8';
SET standard_conforming_strings = on;
SELECT pg_catalog.set_config('search_path', '', false);
SET check_function_bodies = false;
SET xmloption = content;
SET client_min_messages = warning;
SET row_security = off;

UPDATE pg_catalog.pg_database SET datistemplate = false WHERE datname = 'template1';
DROP DATABASE template1;
--
-- Name: template1; Type: DATABASE; Schema: -; Owner: postgres
--

CREATE DATABASE template1 WITH TEMPLATE = template0 ENCODING = 'UTF8' LOCALE = 'en_US.utf8';


ALTER DATABASE template1 OWNER TO postgres;

\connect template1

SET statement_timeout = 0;
SET lock_timeout = 0;
SET idle_in_transaction_session_timeout = 0;
SET client_encoding = 'UTF8';
SET standard_conforming_strings = on;
SELECT pg_catalog.set_config('search_path', '', false);
SET check_function_bodies = false;
SET xmloption = content;
SET client_min_messages = warning;
SET row_security = off;

--
-- Name: DATABASE template1; Type: COMMENT; Schema: -; Owner: postgres
--

COMMENT ON DATABASE template1 IS 'default template for new databases';


--
-- Name: template1; Type: DATABASE PROPERTIES; Schema: -; Owner: postgres
--

ALTER DATABASE template1 IS_TEMPLATE = true;


\connect template1

SET statement_timeout = 0;
SET lock_timeout = 0;
SET idle_in_transaction_session_timeout = 0;
SET client_encoding = 'UTF8';
SET standard_conforming_strings = on;
SELECT pg_catalog.set_config('search_path', '', false);
SET check_function_bodies = false;
SET xmloption = content;
SET client_min_messages = warning;
SET row_security = off;

--
-- Name: DATABASE template1; Type: ACL; Schema: -; Owner: postgres
--

REVOKE CONNECT,TEMPORARY ON DATABASE template1 FROM PUBLIC;
GRANT CONNECT ON DATABASE template1 TO PUBLIC;


--
-- PostgreSQL database dump complete
--

--
-- Database "postgres" dump
--

--
-- PostgreSQL database dump
--

-- Dumped from database version 14.5
-- Dumped by pg_dump version 14.5

SET statement_timeout = 0;
SET lock_timeout = 0;
SET idle_in_transaction_session_timeout = 0;
SET client_encoding = 'UTF8';
SET standard_conforming_strings = on;
SELECT pg_catalog.set_config('search_path', '', false);
SET check_function_bodies = false;
SET xmloption = content;
SET client_min_messages = warning;
SET row_security = off;

DROP DATABASE postgres;
--
-- Name: postgres; Type: DATABASE; Schema: -; Owner: postgres
--

CREATE DATABASE postgres WITH TEMPLATE = template0 ENCODING = 'UTF8' LOCALE = 'en_US.utf8';


ALTER DATABASE postgres OWNER TO postgres;

\connect postgres

SET statement_timeout = 0;
SET lock_timeout = 0;
SET idle_in_transaction_session_timeout = 0;
SET client_encoding = 'UTF8';
SET standard_conforming_strings = on;
SELECT pg_catalog.set_config('search_path', '', false);
SET check_function_bodies = false;
SET xmloption = content;
SET client_min_messages = warning;
SET row_security = off;

--
-- Name: DATABASE postgres; Type: COMMENT; Schema: -; Owner: postgres
--

COMMENT ON DATABASE postgres IS 'default administrative connection database';


SET default_tablespace = '';

SET default_table_access_method = heap;

--
-- Name: abouts; Type: TABLE; Schema: public; Owner: postgres
--

CREATE TABLE public.abouts (
    id integer NOT NULL,
    document_id character varying(255),
    title character varying(255),
    created_at timestamp(6) without time zone,
    updated_at timestamp(6) without time zone,
    published_at timestamp(6) without time zone,
    created_by_id integer,
    updated_by_id integer,
    locale character varying(255)
);


ALTER TABLE public.abouts OWNER TO postgres;

--
-- Name: abouts_cmps; Type: TABLE; Schema: public; Owner: postgres
--

CREATE TABLE public.abouts_cmps (
    id integer NOT NULL,
    entity_id integer,
    cmp_id integer,
    component_type character varying(255),
    field character varying(255),
    "order" double precision
);


ALTER TABLE public.abouts_cmps OWNER TO postgres;

--
-- Name: abouts_cmps_id_seq; Type: SEQUENCE; Schema: public; Owner: postgres
--

CREATE SEQUENCE public.abouts_cmps_id_seq
    AS integer
    START WITH 1
    INCREMENT BY 1
    NO MINVALUE
    NO MAXVALUE
    CACHE 1;


ALTER TABLE public.abouts_cmps_id_seq OWNER TO postgres;

--
-- Name: abouts_cmps_id_seq; Type: SEQUENCE OWNED BY; Schema: public; Owner: postgres
--

ALTER SEQUENCE public.abouts_cmps_id_seq OWNED BY public.abouts_cmps.id;


--
-- Name: abouts_id_seq; Type: SEQUENCE; Schema: public; Owner: postgres
--

CREATE SEQUENCE public.abouts_id_seq
    AS integer
    START WITH 1
    INCREMENT BY 1
    NO MINVALUE
    NO MAXVALUE
    CACHE 1;


ALTER TABLE public.abouts_id_seq OWNER TO postgres;

--
-- Name: abouts_id_seq; Type: SEQUENCE OWNED BY; Schema: public; Owner: postgres
--

ALTER SEQUENCE public.abouts_id_seq OWNED BY public.abouts.id;


--
-- Name: admin_permissions; Type: TABLE; Schema: public; Owner: postgres
--

CREATE TABLE public.admin_permissions (
    id integer NOT NULL,
    document_id character varying(255),
    action character varying(255),
    action_parameters jsonb,
    subject character varying(255),
    properties jsonb,
    conditions jsonb,
    created_at timestamp(6) without time zone,
    updated_at timestamp(6) without time zone,
    published_at timestamp(6) without time zone,
    created_by_id integer,
    updated_by_id integer,
    locale character varying(255)
);


ALTER TABLE public.admin_permissions OWNER TO postgres;

--
-- Name: admin_permissions_id_seq; Type: SEQUENCE; Schema: public; Owner: postgres
--

CREATE SEQUENCE public.admin_permissions_id_seq
    AS integer
    START WITH 1
    INCREMENT BY 1
    NO MINVALUE
    NO MAXVALUE
    CACHE 1;


ALTER TABLE public.admin_permissions_id_seq OWNER TO postgres;

--
-- Name: admin_permissions_id_seq; Type: SEQUENCE OWNED BY; Schema: public; Owner: postgres
--

ALTER SEQUENCE public.admin_permissions_id_seq OWNED BY public.admin_permissions.id;


--
-- Name: admin_permissions_role_lnk; Type: TABLE; Schema: public; Owner: postgres
--

CREATE TABLE public.admin_permissions_role_lnk (
    id integer NOT NULL,
    permission_id integer,
    role_id integer,
    permission_ord double precision
);


ALTER TABLE public.admin_permissions_role_lnk OWNER TO postgres;

--
-- Name: admin_permissions_role_lnk_id_seq; Type: SEQUENCE; Schema: public; Owner: postgres
--

CREATE SEQUENCE public.admin_permissions_role_lnk_id_seq
    AS integer
    START WITH 1
    INCREMENT BY 1
    NO MINVALUE
    NO MAXVALUE
    CACHE 1;


ALTER TABLE public.admin_permissions_role_lnk_id_seq OWNER TO postgres;

--
-- Name: admin_permissions_role_lnk_id_seq; Type: SEQUENCE OWNED BY; Schema: public; Owner: postgres
--

ALTER SEQUENCE public.admin_permissions_role_lnk_id_seq OWNED BY public.admin_permissions_role_lnk.id;


--
-- Name: admin_roles; Type: TABLE; Schema: public; Owner: postgres
--

CREATE TABLE public.admin_roles (
    id integer NOT NULL,
    document_id character varying(255),
    name character varying(255),
    code character varying(255),
    description character varying(255),
    created_at timestamp(6) without time zone,
    updated_at timestamp(6) without time zone,
    published_at timestamp(6) without time zone,
    created_by_id integer,
    updated_by_id integer,
    locale character varying(255)
);


ALTER TABLE public.admin_roles OWNER TO postgres;

--
-- Name: admin_roles_id_seq; Type: SEQUENCE; Schema: public; Owner: postgres
--

CREATE SEQUENCE public.admin_roles_id_seq
    AS integer
    START WITH 1
    INCREMENT BY 1
    NO MINVALUE
    NO MAXVALUE
    CACHE 1;


ALTER TABLE public.admin_roles_id_seq OWNER TO postgres;

--
-- Name: admin_roles_id_seq; Type: SEQUENCE OWNED BY; Schema: public; Owner: postgres
--

ALTER SEQUENCE public.admin_roles_id_seq OWNED BY public.admin_roles.id;


--
-- Name: admin_users; Type: TABLE; Schema: public; Owner: postgres
--

CREATE TABLE public.admin_users (
    id integer NOT NULL,
    document_id character varying(255),
    firstname character varying(255),
    lastname character varying(255),
    username character varying(255),
    email character varying(255),
    password character varying(255),
    reset_password_token character varying(255),
    registration_token character varying(255),
    is_active boolean,
    blocked boolean,
    prefered_language character varying(255),
    created_at timestamp(6) without time zone,
    updated_at timestamp(6) without time zone,
    published_at timestamp(6) without time zone,
    created_by_id integer,
    updated_by_id integer,
    locale character varying(255)
);


ALTER TABLE public.admin_users OWNER TO postgres;

--
-- Name: admin_users_id_seq; Type: SEQUENCE; Schema: public; Owner: postgres
--

CREATE SEQUENCE public.admin_users_id_seq
    AS integer
    START WITH 1
    INCREMENT BY 1
    NO MINVALUE
    NO MAXVALUE
    CACHE 1;


ALTER TABLE public.admin_users_id_seq OWNER TO postgres;

--
-- Name: admin_users_id_seq; Type: SEQUENCE OWNED BY; Schema: public; Owner: postgres
--

ALTER SEQUENCE public.admin_users_id_seq OWNED BY public.admin_users.id;


--
-- Name: admin_users_roles_lnk; Type: TABLE; Schema: public; Owner: postgres
--

CREATE TABLE public.admin_users_roles_lnk (
    id integer NOT NULL,
    user_id integer,
    role_id integer,
    role_ord double precision,
    user_ord double precision
);


ALTER TABLE public.admin_users_roles_lnk OWNER TO postgres;

--
-- Name: admin_users_roles_lnk_id_seq; Type: SEQUENCE; Schema: public; Owner: postgres
--

CREATE SEQUENCE public.admin_users_roles_lnk_id_seq
    AS integer
    START WITH 1
    INCREMENT BY 1
    NO MINVALUE
    NO MAXVALUE
    CACHE 1;


ALTER TABLE public.admin_users_roles_lnk_id_seq OWNER TO postgres;

--
-- Name: admin_users_roles_lnk_id_seq; Type: SEQUENCE OWNED BY; Schema: public; Owner: postgres
--

ALTER SEQUENCE public.admin_users_roles_lnk_id_seq OWNED BY public.admin_users_roles_lnk.id;


--
-- Name: articles; Type: TABLE; Schema: public; Owner: postgres
--

CREATE TABLE public.articles (
    id integer NOT NULL,
    document_id character varying(255),
    name character varying(255),
    description text,
    slug character varying(255),
    publish_date date,
    taxonomy character varying(255),
    created_at timestamp(6) without time zone,
    updated_at timestamp(6) without time zone,
    published_at timestamp(6) without time zone,
    created_by_id integer,
    updated_by_id integer,
    locale character varying(255)
);


ALTER TABLE public.articles OWNER TO postgres;

--
-- Name: articles_cmps; Type: TABLE; Schema: public; Owner: postgres
--

CREATE TABLE public.articles_cmps (
    id integer NOT NULL,
    entity_id integer,
    cmp_id integer,
    component_type character varying(255),
    field character varying(255),
    "order" double precision
);


ALTER TABLE public.articles_cmps OWNER TO postgres;

--
-- Name: articles_cmps_id_seq; Type: SEQUENCE; Schema: public; Owner: postgres
--

CREATE SEQUENCE public.articles_cmps_id_seq
    AS integer
    START WITH 1
    INCREMENT BY 1
    NO MINVALUE
    NO MAXVALUE
    CACHE 1;


ALTER TABLE public.articles_cmps_id_seq OWNER TO postgres;

--
-- Name: articles_cmps_id_seq; Type: SEQUENCE OWNED BY; Schema: public; Owner: postgres
--

ALTER SEQUENCE public.articles_cmps_id_seq OWNED BY public.articles_cmps.id;


--
-- Name: articles_id_seq; Type: SEQUENCE; Schema: public; Owner: postgres
--

CREATE SEQUENCE public.articles_id_seq
    AS integer
    START WITH 1
    INCREMENT BY 1
    NO MINVALUE
    NO MAXVALUE
    CACHE 1;


ALTER TABLE public.articles_id_seq OWNER TO postgres;

--
-- Name: articles_id_seq; Type: SEQUENCE OWNED BY; Schema: public; Owner: postgres
--

ALTER SEQUENCE public.articles_id_seq OWNED BY public.articles.id;


--
-- Name: authors; Type: TABLE; Schema: public; Owner: postgres
--

CREATE TABLE public.authors (
    id integer NOT NULL,
    document_id character varying(255),
    name character varying(255),
    email character varying(255),
    created_at timestamp(6) without time zone,
    updated_at timestamp(6) without time zone,
    published_at timestamp(6) without time zone,
    created_by_id integer,
    updated_by_id integer,
    locale character varying(255)
);


ALTER TABLE public.authors OWNER TO postgres;

--
-- Name: authors_id_seq; Type: SEQUENCE; Schema: public; Owner: postgres
--

CREATE SEQUENCE public.authors_id_seq
    AS integer
    START WITH 1
    INCREMENT BY 1
    NO MINVALUE
    NO MAXVALUE
    CACHE 1;


ALTER TABLE public.authors_id_seq OWNER TO postgres;

--
-- Name: authors_id_seq; Type: SEQUENCE OWNED BY; Schema: public; Owner: postgres
--

ALTER SEQUENCE public.authors_id_seq OWNED BY public.authors.id;


--
-- Name: categories; Type: TABLE; Schema: public; Owner: postgres
--

CREATE TABLE public.categories (
    id integer NOT NULL,
    document_id character varying(255),
    name character varying(255),
    slug character varying(255),
    description text,
    created_at timestamp(6) without time zone,
    updated_at timestamp(6) without time zone,
    published_at timestamp(6) without time zone,
    created_by_id integer,
    updated_by_id integer,
    locale character varying(255)
);


ALTER TABLE public.categories OWNER TO postgres;

--
-- Name: categories_id_seq; Type: SEQUENCE; Schema: public; Owner: postgres
--

CREATE SEQUENCE public.categories_id_seq
    AS integer
    START WITH 1
    INCREMENT BY 1
    NO MINVALUE
    NO MAXVALUE
    CACHE 1;


ALTER TABLE public.categories_id_seq OWNER TO postgres;

--
-- Name: categories_id_seq; Type: SEQUENCE OWNED BY; Schema: public; Owner: postgres
--

ALTER SEQUENCE public.categories_id_seq OWNED BY public.categories.id;


--
-- Name: components_shared_captions; Type: TABLE; Schema: public; Owner: postgres
--

CREATE TABLE public.components_shared_captions (
    id integer NOT NULL,
    attribute_author text,
    attr_url text,
    caption_fig text
);


ALTER TABLE public.components_shared_captions OWNER TO postgres;

--
-- Name: components_shared_captions_id_seq; Type: SEQUENCE; Schema: public; Owner: postgres
--

CREATE SEQUENCE public.components_shared_captions_id_seq
    AS integer
    START WITH 1
    INCREMENT BY 1
    NO MINVALUE
    NO MAXVALUE
    CACHE 1;


ALTER TABLE public.components_shared_captions_id_seq OWNER TO postgres;

--
-- Name: components_shared_captions_id_seq; Type: SEQUENCE OWNED BY; Schema: public; Owner: postgres
--

ALTER SEQUENCE public.components_shared_captions_id_seq OWNED BY public.components_shared_captions.id;


--
-- Name: components_shared_cards; Type: TABLE; Schema: public; Owner: postgres
--

CREATE TABLE public.components_shared_cards (
    id integer NOT NULL,
    title text,
    subhead text
);


ALTER TABLE public.components_shared_cards OWNER TO postgres;

--
-- Name: components_shared_cards_id_seq; Type: SEQUENCE; Schema: public; Owner: postgres
--

CREATE SEQUENCE public.components_shared_cards_id_seq
    AS integer
    START WITH 1
    INCREMENT BY 1
    NO MINVALUE
    NO MAXVALUE
    CACHE 1;


ALTER TABLE public.components_shared_cards_id_seq OWNER TO postgres;

--
-- Name: components_shared_cards_id_seq; Type: SEQUENCE OWNED BY; Schema: public; Owner: postgres
--

ALTER SEQUENCE public.components_shared_cards_id_seq OWNED BY public.components_shared_cards.id;


--
-- Name: components_shared_custom_mdx_blocks; Type: TABLE; Schema: public; Owner: postgres
--

CREATE TABLE public.components_shared_custom_mdx_blocks (
    id integer NOT NULL,
    custom_mdx text
);


ALTER TABLE public.components_shared_custom_mdx_blocks OWNER TO postgres;

--
-- Name: components_shared_custom_mdx_blocks_id_seq; Type: SEQUENCE; Schema: public; Owner: postgres
--

CREATE SEQUENCE public.components_shared_custom_mdx_blocks_id_seq
    AS integer
    START WITH 1
    INCREMENT BY 1
    NO MINVALUE
    NO MAXVALUE
    CACHE 1;


ALTER TABLE public.components_shared_custom_mdx_blocks_id_seq OWNER TO postgres;

--
-- Name: components_shared_custom_mdx_blocks_id_seq; Type: SEQUENCE OWNED BY; Schema: public; Owner: postgres
--

ALTER SEQUENCE public.components_shared_custom_mdx_blocks_id_seq OWNED BY public.components_shared_custom_mdx_blocks.id;


--
-- Name: components_shared_line_graphs; Type: TABLE; Schema: public; Owner: postgres
--

CREATE TABLE public.components_shared_line_graphs (
    id integer NOT NULL,
    date_format character varying(255),
    id_key character varying(255),
    x_key character varying(255),
    y_key character varying(255)
);


ALTER TABLE public.components_shared_line_graphs OWNER TO postgres;

--
-- Name: components_shared_line_graphs_cmps; Type: TABLE; Schema: public; Owner: postgres
--

CREATE TABLE public.components_shared_line_graphs_cmps (
    id integer NOT NULL,
    entity_id integer,
    cmp_id integer,
    component_type character varying(255),
    field character varying(255),
    "order" double precision
);


ALTER TABLE public.components_shared_line_graphs_cmps OWNER TO postgres;

--
-- Name: components_shared_line_graphs_cmps_id_seq; Type: SEQUENCE; Schema: public; Owner: postgres
--

CREATE SEQUENCE public.components_shared_line_graphs_cmps_id_seq
    AS integer
    START WITH 1
    INCREMENT BY 1
    NO MINVALUE
    NO MAXVALUE
    CACHE 1;


ALTER TABLE public.components_shared_line_graphs_cmps_id_seq OWNER TO postgres;

--
-- Name: components_shared_line_graphs_cmps_id_seq; Type: SEQUENCE OWNED BY; Schema: public; Owner: postgres
--

ALTER SEQUENCE public.components_shared_line_graphs_cmps_id_seq OWNED BY public.components_shared_line_graphs_cmps.id;


--
-- Name: components_shared_line_graphs_id_seq; Type: SEQUENCE; Schema: public; Owner: postgres
--

CREATE SEQUENCE public.components_shared_line_graphs_id_seq
    AS integer
    START WITH 1
    INCREMENT BY 1
    NO MINVALUE
    NO MAXVALUE
    CACHE 1;


ALTER TABLE public.components_shared_line_graphs_id_seq OWNER TO postgres;

--
-- Name: components_shared_line_graphs_id_seq; Type: SEQUENCE OWNED BY; Schema: public; Owner: postgres
--

ALTER SEQUENCE public.components_shared_line_graphs_id_seq OWNED BY public.components_shared_line_graphs.id;


--
-- Name: components_shared_maps; Type: TABLE; Schema: public; Owner: postgres
--

CREATE TABLE public.components_shared_maps (
    id integer NOT NULL,
    zoom numeric(10,2),
    date_time date,
    compare_date_time date,
    center jsonb,
    layer_id text,
    dataset_id text
);


ALTER TABLE public.components_shared_maps OWNER TO postgres;

--
-- Name: components_shared_maps_cmps; Type: TABLE; Schema: public; Owner: postgres
--

CREATE TABLE public.components_shared_maps_cmps (
    id integer NOT NULL,
    entity_id integer,
    cmp_id integer,
    component_type character varying(255),
    field character varying(255),
    "order" double precision
);


ALTER TABLE public.components_shared_maps_cmps OWNER TO postgres;

--
-- Name: components_shared_maps_cmps_id_seq; Type: SEQUENCE; Schema: public; Owner: postgres
--

CREATE SEQUENCE public.components_shared_maps_cmps_id_seq
    AS integer
    START WITH 1
    INCREMENT BY 1
    NO MINVALUE
    NO MAXVALUE
    CACHE 1;


ALTER TABLE public.components_shared_maps_cmps_id_seq OWNER TO postgres;

--
-- Name: components_shared_maps_cmps_id_seq; Type: SEQUENCE OWNED BY; Schema: public; Owner: postgres
--

ALTER SEQUENCE public.components_shared_maps_cmps_id_seq OWNED BY public.components_shared_maps_cmps.id;


--
-- Name: components_shared_maps_id_seq; Type: SEQUENCE; Schema: public; Owner: postgres
--

CREATE SEQUENCE public.components_shared_maps_id_seq
    AS integer
    START WITH 1
    INCREMENT BY 1
    NO MINVALUE
    NO MAXVALUE
    CACHE 1;


ALTER TABLE public.components_shared_maps_id_seq OWNER TO postgres;

--
-- Name: components_shared_maps_id_seq; Type: SEQUENCE OWNED BY; Schema: public; Owner: postgres
--

ALTER SEQUENCE public.components_shared_maps_id_seq OWNED BY public.components_shared_maps.id;


--
-- Name: components_shared_mdx_blocks; Type: TABLE; Schema: public; Owner: postgres
--

CREATE TABLE public.components_shared_mdx_blocks (
    id integer NOT NULL,
    markdown jsonb
);


ALTER TABLE public.components_shared_mdx_blocks OWNER TO postgres;

--
-- Name: components_shared_mdx_blocks_id_seq; Type: SEQUENCE; Schema: public; Owner: postgres
--

CREATE SEQUENCE public.components_shared_mdx_blocks_id_seq
    AS integer
    START WITH 1
    INCREMENT BY 1
    NO MINVALUE
    NO MAXVALUE
    CACHE 1;


ALTER TABLE public.components_shared_mdx_blocks_id_seq OWNER TO postgres;

--
-- Name: components_shared_mdx_blocks_id_seq; Type: SEQUENCE OWNED BY; Schema: public; Owner: postgres
--

ALTER SEQUENCE public.components_shared_mdx_blocks_id_seq OWNED BY public.components_shared_mdx_blocks.id;


--
-- Name: components_shared_media; Type: TABLE; Schema: public; Owner: postgres
--

CREATE TABLE public.components_shared_media (
    id integer NOT NULL
);


ALTER TABLE public.components_shared_media OWNER TO postgres;

--
-- Name: components_shared_media_id_seq; Type: SEQUENCE; Schema: public; Owner: postgres
--

CREATE SEQUENCE public.components_shared_media_id_seq
    AS integer
    START WITH 1
    INCREMENT BY 1
    NO MINVALUE
    NO MAXVALUE
    CACHE 1;


ALTER TABLE public.components_shared_media_id_seq OWNER TO postgres;

--
-- Name: components_shared_media_id_seq; Type: SEQUENCE OWNED BY; Schema: public; Owner: postgres
--

ALTER SEQUENCE public.components_shared_media_id_seq OWNED BY public.components_shared_media.id;


--
-- Name: components_shared_quotes; Type: TABLE; Schema: public; Owner: postgres
--

CREATE TABLE public.components_shared_quotes (
    id integer NOT NULL,
    title character varying(255),
    body text
);


ALTER TABLE public.components_shared_quotes OWNER TO postgres;

--
-- Name: components_shared_quotes_id_seq; Type: SEQUENCE; Schema: public; Owner: postgres
--

CREATE SEQUENCE public.components_shared_quotes_id_seq
    AS integer
    START WITH 1
    INCREMENT BY 1
    NO MINVALUE
    NO MAXVALUE
    CACHE 1;


ALTER TABLE public.components_shared_quotes_id_seq OWNER TO postgres;

--
-- Name: components_shared_quotes_id_seq; Type: SEQUENCE OWNED BY; Schema: public; Owner: postgres
--

ALTER SEQUENCE public.components_shared_quotes_id_seq OWNED BY public.components_shared_quotes.id;


--
-- Name: components_shared_rich_texts; Type: TABLE; Schema: public; Owner: postgres
--

CREATE TABLE public.components_shared_rich_texts (
    id integer NOT NULL,
    body text
);


ALTER TABLE public.components_shared_rich_texts OWNER TO postgres;

--
-- Name: components_shared_rich_texts_id_seq; Type: SEQUENCE; Schema: public; Owner: postgres
--

CREATE SEQUENCE public.components_shared_rich_texts_id_seq
    AS integer
    START WITH 1
    INCREMENT BY 1
    NO MINVALUE
    NO MAXVALUE
    CACHE 1;


ALTER TABLE public.components_shared_rich_texts_id_seq OWNER TO postgres;

--
-- Name: components_shared_rich_texts_id_seq; Type: SEQUENCE OWNED BY; Schema: public; Owner: postgres
--

ALTER SEQUENCE public.components_shared_rich_texts_id_seq OWNED BY public.components_shared_rich_texts.id;


--
-- Name: components_shared_seos; Type: TABLE; Schema: public; Owner: postgres
--

CREATE TABLE public.components_shared_seos (
    id integer NOT NULL,
    meta_title character varying(255),
    meta_description text
);


ALTER TABLE public.components_shared_seos OWNER TO postgres;

--
-- Name: components_shared_seos_id_seq; Type: SEQUENCE; Schema: public; Owner: postgres
--

CREATE SEQUENCE public.components_shared_seos_id_seq
    AS integer
    START WITH 1
    INCREMENT BY 1
    NO MINVALUE
    NO MAXVALUE
    CACHE 1;


ALTER TABLE public.components_shared_seos_id_seq OWNER TO postgres;

--
-- Name: components_shared_seos_id_seq; Type: SEQUENCE OWNED BY; Schema: public; Owner: postgres
--

ALTER SEQUENCE public.components_shared_seos_id_seq OWNED BY public.components_shared_seos.id;


--
-- Name: components_shared_side_by_sides; Type: TABLE; Schema: public; Owner: postgres
--

CREATE TABLE public.components_shared_side_by_sides (
    id integer NOT NULL,
    section_title character varying(255),
    body text,
    orientation character varying(255)
);


ALTER TABLE public.components_shared_side_by_sides OWNER TO postgres;

--
-- Name: components_shared_side_by_sides_id_seq; Type: SEQUENCE; Schema: public; Owner: postgres
--

CREATE SEQUENCE public.components_shared_side_by_sides_id_seq
    AS integer
    START WITH 1
    INCREMENT BY 1
    NO MINVALUE
    NO MAXVALUE
    CACHE 1;


ALTER TABLE public.components_shared_side_by_sides_id_seq OWNER TO postgres;

--
-- Name: components_shared_side_by_sides_id_seq; Type: SEQUENCE OWNED BY; Schema: public; Owner: postgres
--

ALTER SEQUENCE public.components_shared_side_by_sides_id_seq OWNED BY public.components_shared_side_by_sides.id;


--
-- Name: components_shared_sliders; Type: TABLE; Schema: public; Owner: postgres
--

CREATE TABLE public.components_shared_sliders (
    id integer NOT NULL
);


ALTER TABLE public.components_shared_sliders OWNER TO postgres;

--
-- Name: components_shared_sliders_id_seq; Type: SEQUENCE; Schema: public; Owner: postgres
--

CREATE SEQUENCE public.components_shared_sliders_id_seq
    AS integer
    START WITH 1
    INCREMENT BY 1
    NO MINVALUE
    NO MAXVALUE
    CACHE 1;


ALTER TABLE public.components_shared_sliders_id_seq OWNER TO postgres;

--
-- Name: components_shared_sliders_id_seq; Type: SEQUENCE OWNED BY; Schema: public; Owner: postgres
--

ALTER SEQUENCE public.components_shared_sliders_id_seq OWNED BY public.components_shared_sliders.id;


--
-- Name: components_shared_tests; Type: TABLE; Schema: public; Owner: postgres
--

CREATE TABLE public.components_shared_tests (
    id integer NOT NULL,
    test character varying(255)
);


ALTER TABLE public.components_shared_tests OWNER TO postgres;

--
-- Name: components_shared_tests_id_seq; Type: SEQUENCE; Schema: public; Owner: postgres
--

CREATE SEQUENCE public.components_shared_tests_id_seq
    AS integer
    START WITH 1
    INCREMENT BY 1
    NO MINVALUE
    NO MAXVALUE
    CACHE 1;


ALTER TABLE public.components_shared_tests_id_seq OWNER TO postgres;

--
-- Name: components_shared_tests_id_seq; Type: SEQUENCE OWNED BY; Schema: public; Owner: postgres
--

ALTER SEQUENCE public.components_shared_tests_id_seq OWNED BY public.components_shared_tests.id;


--
-- Name: files; Type: TABLE; Schema: public; Owner: postgres
--

CREATE TABLE public.files (
    id integer NOT NULL,
    document_id character varying(255),
    name character varying(255),
    alternative_text character varying(255),
    caption character varying(255),
    width integer,
    height integer,
    formats jsonb,
    hash character varying(255),
    ext character varying(255),
    mime character varying(255),
    size numeric(10,2),
    url character varying(255),
    preview_url character varying(255),
    provider character varying(255),
    provider_metadata jsonb,
    folder_path character varying(255),
    created_at timestamp(6) without time zone,
    updated_at timestamp(6) without time zone,
    published_at timestamp(6) without time zone,
    created_by_id integer,
    updated_by_id integer,
    locale character varying(255)
);


ALTER TABLE public.files OWNER TO postgres;

--
-- Name: files_folder_lnk; Type: TABLE; Schema: public; Owner: postgres
--

CREATE TABLE public.files_folder_lnk (
    id integer NOT NULL,
    file_id integer,
    folder_id integer,
    file_ord double precision
);


ALTER TABLE public.files_folder_lnk OWNER TO postgres;

--
-- Name: files_folder_lnk_id_seq; Type: SEQUENCE; Schema: public; Owner: postgres
--

CREATE SEQUENCE public.files_folder_lnk_id_seq
    AS integer
    START WITH 1
    INCREMENT BY 1
    NO MINVALUE
    NO MAXVALUE
    CACHE 1;


ALTER TABLE public.files_folder_lnk_id_seq OWNER TO postgres;

--
-- Name: files_folder_lnk_id_seq; Type: SEQUENCE OWNED BY; Schema: public; Owner: postgres
--

ALTER SEQUENCE public.files_folder_lnk_id_seq OWNED BY public.files_folder_lnk.id;


--
-- Name: files_id_seq; Type: SEQUENCE; Schema: public; Owner: postgres
--

CREATE SEQUENCE public.files_id_seq
    AS integer
    START WITH 1
    INCREMENT BY 1
    NO MINVALUE
    NO MAXVALUE
    CACHE 1;


ALTER TABLE public.files_id_seq OWNER TO postgres;

--
-- Name: files_id_seq; Type: SEQUENCE OWNED BY; Schema: public; Owner: postgres
--

ALTER SEQUENCE public.files_id_seq OWNED BY public.files.id;


--
-- Name: files_related_mph; Type: TABLE; Schema: public; Owner: postgres
--

CREATE TABLE public.files_related_mph (
    id integer NOT NULL,
    file_id integer,
    related_id integer,
    related_type character varying(255),
    field character varying(255),
    "order" double precision
);


ALTER TABLE public.files_related_mph OWNER TO postgres;

--
-- Name: files_related_mph_id_seq; Type: SEQUENCE; Schema: public; Owner: postgres
--

CREATE SEQUENCE public.files_related_mph_id_seq
    AS integer
    START WITH 1
    INCREMENT BY 1
    NO MINVALUE
    NO MAXVALUE
    CACHE 1;


ALTER TABLE public.files_related_mph_id_seq OWNER TO postgres;

--
-- Name: files_related_mph_id_seq; Type: SEQUENCE OWNED BY; Schema: public; Owner: postgres
--

ALTER SEQUENCE public.files_related_mph_id_seq OWNED BY public.files_related_mph.id;


--
-- Name: globals; Type: TABLE; Schema: public; Owner: postgres
--

CREATE TABLE public.globals (
    id integer NOT NULL,
    document_id character varying(255),
    site_name character varying(255),
    site_description text,
    created_at timestamp(6) without time zone,
    updated_at timestamp(6) without time zone,
    published_at timestamp(6) without time zone,
    created_by_id integer,
    updated_by_id integer,
    locale character varying(255)
);


ALTER TABLE public.globals OWNER TO postgres;

--
-- Name: globals_cmps; Type: TABLE; Schema: public; Owner: postgres
--

CREATE TABLE public.globals_cmps (
    id integer NOT NULL,
    entity_id integer,
    cmp_id integer,
    component_type character varying(255),
    field character varying(255),
    "order" double precision
);


ALTER TABLE public.globals_cmps OWNER TO postgres;

--
-- Name: globals_cmps_id_seq; Type: SEQUENCE; Schema: public; Owner: postgres
--

CREATE SEQUENCE public.globals_cmps_id_seq
    AS integer
    START WITH 1
    INCREMENT BY 1
    NO MINVALUE
    NO MAXVALUE
    CACHE 1;


ALTER TABLE public.globals_cmps_id_seq OWNER TO postgres;

--
-- Name: globals_cmps_id_seq; Type: SEQUENCE OWNED BY; Schema: public; Owner: postgres
--

ALTER SEQUENCE public.globals_cmps_id_seq OWNED BY public.globals_cmps.id;


--
-- Name: globals_id_seq; Type: SEQUENCE; Schema: public; Owner: postgres
--

CREATE SEQUENCE public.globals_id_seq
    AS integer
    START WITH 1
    INCREMENT BY 1
    NO MINVALUE
    NO MAXVALUE
    CACHE 1;


ALTER TABLE public.globals_id_seq OWNER TO postgres;

--
-- Name: globals_id_seq; Type: SEQUENCE OWNED BY; Schema: public; Owner: postgres
--

ALTER SEQUENCE public.globals_id_seq OWNED BY public.globals.id;


--
-- Name: i18n_locale; Type: TABLE; Schema: public; Owner: postgres
--

CREATE TABLE public.i18n_locale (
    id integer NOT NULL,
    document_id character varying(255),
    name character varying(255),
    code character varying(255),
    created_at timestamp(6) without time zone,
    updated_at timestamp(6) without time zone,
    published_at timestamp(6) without time zone,
    created_by_id integer,
    updated_by_id integer,
    locale character varying(255)
);


ALTER TABLE public.i18n_locale OWNER TO postgres;

--
-- Name: i18n_locale_id_seq; Type: SEQUENCE; Schema: public; Owner: postgres
--

CREATE SEQUENCE public.i18n_locale_id_seq
    AS integer
    START WITH 1
    INCREMENT BY 1
    NO MINVALUE
    NO MAXVALUE
    CACHE 1;


ALTER TABLE public.i18n_locale_id_seq OWNER TO postgres;

--
-- Name: i18n_locale_id_seq; Type: SEQUENCE OWNED BY; Schema: public; Owner: postgres
--

ALTER SEQUENCE public.i18n_locale_id_seq OWNED BY public.i18n_locale.id;


--
-- Name: strapi_api_token_permissions; Type: TABLE; Schema: public; Owner: postgres
--

CREATE TABLE public.strapi_api_token_permissions (
    id integer NOT NULL,
    document_id character varying(255),
    action character varying(255),
    created_at timestamp(6) without time zone,
    updated_at timestamp(6) without time zone,
    published_at timestamp(6) without time zone,
    created_by_id integer,
    updated_by_id integer,
    locale character varying(255)
);


ALTER TABLE public.strapi_api_token_permissions OWNER TO postgres;

--
-- Name: strapi_api_token_permissions_id_seq; Type: SEQUENCE; Schema: public; Owner: postgres
--

CREATE SEQUENCE public.strapi_api_token_permissions_id_seq
    AS integer
    START WITH 1
    INCREMENT BY 1
    NO MINVALUE
    NO MAXVALUE
    CACHE 1;


ALTER TABLE public.strapi_api_token_permissions_id_seq OWNER TO postgres;

--
-- Name: strapi_api_token_permissions_id_seq; Type: SEQUENCE OWNED BY; Schema: public; Owner: postgres
--

ALTER SEQUENCE public.strapi_api_token_permissions_id_seq OWNED BY public.strapi_api_token_permissions.id;


--
-- Name: strapi_api_token_permissions_token_lnk; Type: TABLE; Schema: public; Owner: postgres
--

CREATE TABLE public.strapi_api_token_permissions_token_lnk (
    id integer NOT NULL,
    api_token_permission_id integer,
    api_token_id integer,
    api_token_permission_ord double precision
);


ALTER TABLE public.strapi_api_token_permissions_token_lnk OWNER TO postgres;

--
-- Name: strapi_api_token_permissions_token_lnk_id_seq; Type: SEQUENCE; Schema: public; Owner: postgres
--

CREATE SEQUENCE public.strapi_api_token_permissions_token_lnk_id_seq
    AS integer
    START WITH 1
    INCREMENT BY 1
    NO MINVALUE
    NO MAXVALUE
    CACHE 1;


ALTER TABLE public.strapi_api_token_permissions_token_lnk_id_seq OWNER TO postgres;

--
-- Name: strapi_api_token_permissions_token_lnk_id_seq; Type: SEQUENCE OWNED BY; Schema: public; Owner: postgres
--

ALTER SEQUENCE public.strapi_api_token_permissions_token_lnk_id_seq OWNED BY public.strapi_api_token_permissions_token_lnk.id;


--
-- Name: strapi_api_tokens; Type: TABLE; Schema: public; Owner: postgres
--

CREATE TABLE public.strapi_api_tokens (
    id integer NOT NULL,
    document_id character varying(255),
    name character varying(255),
    description character varying(255),
    type character varying(255),
    access_key character varying(255),
    last_used_at timestamp(6) without time zone,
    expires_at timestamp(6) without time zone,
    lifespan bigint,
    created_at timestamp(6) without time zone,
    updated_at timestamp(6) without time zone,
    published_at timestamp(6) without time zone,
    created_by_id integer,
    updated_by_id integer,
    locale character varying(255)
);


ALTER TABLE public.strapi_api_tokens OWNER TO postgres;

--
-- Name: strapi_api_tokens_id_seq; Type: SEQUENCE; Schema: public; Owner: postgres
--

CREATE SEQUENCE public.strapi_api_tokens_id_seq
    AS integer
    START WITH 1
    INCREMENT BY 1
    NO MINVALUE
    NO MAXVALUE
    CACHE 1;


ALTER TABLE public.strapi_api_tokens_id_seq OWNER TO postgres;

--
-- Name: strapi_api_tokens_id_seq; Type: SEQUENCE OWNED BY; Schema: public; Owner: postgres
--

ALTER SEQUENCE public.strapi_api_tokens_id_seq OWNED BY public.strapi_api_tokens.id;


--
-- Name: strapi_core_store_settings; Type: TABLE; Schema: public; Owner: postgres
--

CREATE TABLE public.strapi_core_store_settings (
    id integer NOT NULL,
    key character varying(255),
    value text,
    type character varying(255),
    environment character varying(255),
    tag character varying(255)
);


ALTER TABLE public.strapi_core_store_settings OWNER TO postgres;

--
-- Name: strapi_core_store_settings_id_seq; Type: SEQUENCE; Schema: public; Owner: postgres
--

CREATE SEQUENCE public.strapi_core_store_settings_id_seq
    AS integer
    START WITH 1
    INCREMENT BY 1
    NO MINVALUE
    NO MAXVALUE
    CACHE 1;


ALTER TABLE public.strapi_core_store_settings_id_seq OWNER TO postgres;

--
-- Name: strapi_core_store_settings_id_seq; Type: SEQUENCE OWNED BY; Schema: public; Owner: postgres
--

ALTER SEQUENCE public.strapi_core_store_settings_id_seq OWNED BY public.strapi_core_store_settings.id;


--
-- Name: strapi_database_schema; Type: TABLE; Schema: public; Owner: postgres
--

CREATE TABLE public.strapi_database_schema (
    id integer NOT NULL,
    schema json,
    "time" timestamp without time zone,
    hash character varying(255)
);


ALTER TABLE public.strapi_database_schema OWNER TO postgres;

--
-- Name: strapi_database_schema_id_seq; Type: SEQUENCE; Schema: public; Owner: postgres
--

CREATE SEQUENCE public.strapi_database_schema_id_seq
    AS integer
    START WITH 1
    INCREMENT BY 1
    NO MINVALUE
    NO MAXVALUE
    CACHE 1;


ALTER TABLE public.strapi_database_schema_id_seq OWNER TO postgres;

--
-- Name: strapi_database_schema_id_seq; Type: SEQUENCE OWNED BY; Schema: public; Owner: postgres
--

ALTER SEQUENCE public.strapi_database_schema_id_seq OWNED BY public.strapi_database_schema.id;


--
-- Name: strapi_history_versions; Type: TABLE; Schema: public; Owner: postgres
--

CREATE TABLE public.strapi_history_versions (
    id integer NOT NULL,
    content_type character varying(255) NOT NULL,
    related_document_id character varying(255),
    locale character varying(255),
    status character varying(255),
    data jsonb,
    schema jsonb,
    created_at timestamp(6) without time zone,
    created_by_id integer
);


ALTER TABLE public.strapi_history_versions OWNER TO postgres;

--
-- Name: strapi_history_versions_id_seq; Type: SEQUENCE; Schema: public; Owner: postgres
--

CREATE SEQUENCE public.strapi_history_versions_id_seq
    AS integer
    START WITH 1
    INCREMENT BY 1
    NO MINVALUE
    NO MAXVALUE
    CACHE 1;


ALTER TABLE public.strapi_history_versions_id_seq OWNER TO postgres;

--
-- Name: strapi_history_versions_id_seq; Type: SEQUENCE OWNED BY; Schema: public; Owner: postgres
--

ALTER SEQUENCE public.strapi_history_versions_id_seq OWNED BY public.strapi_history_versions.id;


--
-- Name: strapi_migrations; Type: TABLE; Schema: public; Owner: postgres
--

CREATE TABLE public.strapi_migrations (
    id integer NOT NULL,
    name character varying(255),
    "time" timestamp without time zone
);


ALTER TABLE public.strapi_migrations OWNER TO postgres;

--
-- Name: strapi_migrations_id_seq; Type: SEQUENCE; Schema: public; Owner: postgres
--

CREATE SEQUENCE public.strapi_migrations_id_seq
    AS integer
    START WITH 1
    INCREMENT BY 1
    NO MINVALUE
    NO MAXVALUE
    CACHE 1;


ALTER TABLE public.strapi_migrations_id_seq OWNER TO postgres;

--
-- Name: strapi_migrations_id_seq; Type: SEQUENCE OWNED BY; Schema: public; Owner: postgres
--

ALTER SEQUENCE public.strapi_migrations_id_seq OWNED BY public.strapi_migrations.id;


--
-- Name: strapi_migrations_internal; Type: TABLE; Schema: public; Owner: postgres
--

CREATE TABLE public.strapi_migrations_internal (
    id integer NOT NULL,
    name character varying(255),
    "time" timestamp without time zone
);


ALTER TABLE public.strapi_migrations_internal OWNER TO postgres;

--
-- Name: strapi_migrations_internal_id_seq; Type: SEQUENCE; Schema: public; Owner: postgres
--

CREATE SEQUENCE public.strapi_migrations_internal_id_seq
    AS integer
    START WITH 1
    INCREMENT BY 1
    NO MINVALUE
    NO MAXVALUE
    CACHE 1;


ALTER TABLE public.strapi_migrations_internal_id_seq OWNER TO postgres;

--
-- Name: strapi_migrations_internal_id_seq; Type: SEQUENCE OWNED BY; Schema: public; Owner: postgres
--

ALTER SEQUENCE public.strapi_migrations_internal_id_seq OWNED BY public.strapi_migrations_internal.id;


--
-- Name: strapi_release_actions; Type: TABLE; Schema: public; Owner: postgres
--

CREATE TABLE public.strapi_release_actions (
    id integer NOT NULL,
    document_id character varying(255),
    type character varying(255),
    content_type character varying(255),
    entry_document_id character varying(255),
    locale character varying(255),
    is_entry_valid boolean,
    created_at timestamp(6) without time zone,
    updated_at timestamp(6) without time zone,
    published_at timestamp(6) without time zone,
    created_by_id integer,
    updated_by_id integer
);


ALTER TABLE public.strapi_release_actions OWNER TO postgres;

--
-- Name: strapi_release_actions_id_seq; Type: SEQUENCE; Schema: public; Owner: postgres
--

CREATE SEQUENCE public.strapi_release_actions_id_seq
    AS integer
    START WITH 1
    INCREMENT BY 1
    NO MINVALUE
    NO MAXVALUE
    CACHE 1;


ALTER TABLE public.strapi_release_actions_id_seq OWNER TO postgres;

--
-- Name: strapi_release_actions_id_seq; Type: SEQUENCE OWNED BY; Schema: public; Owner: postgres
--

ALTER SEQUENCE public.strapi_release_actions_id_seq OWNED BY public.strapi_release_actions.id;


--
-- Name: strapi_release_actions_release_lnk; Type: TABLE; Schema: public; Owner: postgres
--

CREATE TABLE public.strapi_release_actions_release_lnk (
    id integer NOT NULL,
    release_action_id integer,
    release_id integer,
    release_action_ord double precision
);


ALTER TABLE public.strapi_release_actions_release_lnk OWNER TO postgres;

--
-- Name: strapi_release_actions_release_lnk_id_seq; Type: SEQUENCE; Schema: public; Owner: postgres
--

CREATE SEQUENCE public.strapi_release_actions_release_lnk_id_seq
    AS integer
    START WITH 1
    INCREMENT BY 1
    NO MINVALUE
    NO MAXVALUE
    CACHE 1;


ALTER TABLE public.strapi_release_actions_release_lnk_id_seq OWNER TO postgres;

--
-- Name: strapi_release_actions_release_lnk_id_seq; Type: SEQUENCE OWNED BY; Schema: public; Owner: postgres
--

ALTER SEQUENCE public.strapi_release_actions_release_lnk_id_seq OWNED BY public.strapi_release_actions_release_lnk.id;


--
-- Name: strapi_releases; Type: TABLE; Schema: public; Owner: postgres
--

CREATE TABLE public.strapi_releases (
    id integer NOT NULL,
    document_id character varying(255),
    name character varying(255),
    released_at timestamp(6) without time zone,
    scheduled_at timestamp(6) without time zone,
    timezone character varying(255),
    status character varying(255),
    created_at timestamp(6) without time zone,
    updated_at timestamp(6) without time zone,
    published_at timestamp(6) without time zone,
    created_by_id integer,
    updated_by_id integer,
    locale character varying(255)
);


ALTER TABLE public.strapi_releases OWNER TO postgres;

--
-- Name: strapi_releases_id_seq; Type: SEQUENCE; Schema: public; Owner: postgres
--

CREATE SEQUENCE public.strapi_releases_id_seq
    AS integer
    START WITH 1
    INCREMENT BY 1
    NO MINVALUE
    NO MAXVALUE
    CACHE 1;


ALTER TABLE public.strapi_releases_id_seq OWNER TO postgres;

--
-- Name: strapi_releases_id_seq; Type: SEQUENCE OWNED BY; Schema: public; Owner: postgres
--

ALTER SEQUENCE public.strapi_releases_id_seq OWNED BY public.strapi_releases.id;


--
-- Name: strapi_transfer_token_permissions; Type: TABLE; Schema: public; Owner: postgres
--

CREATE TABLE public.strapi_transfer_token_permissions (
    id integer NOT NULL,
    document_id character varying(255),
    action character varying(255),
    created_at timestamp(6) without time zone,
    updated_at timestamp(6) without time zone,
    published_at timestamp(6) without time zone,
    created_by_id integer,
    updated_by_id integer,
    locale character varying(255)
);


ALTER TABLE public.strapi_transfer_token_permissions OWNER TO postgres;

--
-- Name: strapi_transfer_token_permissions_id_seq; Type: SEQUENCE; Schema: public; Owner: postgres
--

CREATE SEQUENCE public.strapi_transfer_token_permissions_id_seq
    AS integer
    START WITH 1
    INCREMENT BY 1
    NO MINVALUE
    NO MAXVALUE
    CACHE 1;


ALTER TABLE public.strapi_transfer_token_permissions_id_seq OWNER TO postgres;

--
-- Name: strapi_transfer_token_permissions_id_seq; Type: SEQUENCE OWNED BY; Schema: public; Owner: postgres
--

ALTER SEQUENCE public.strapi_transfer_token_permissions_id_seq OWNED BY public.strapi_transfer_token_permissions.id;


--
-- Name: strapi_transfer_token_permissions_token_lnk; Type: TABLE; Schema: public; Owner: postgres
--

CREATE TABLE public.strapi_transfer_token_permissions_token_lnk (
    id integer NOT NULL,
    transfer_token_permission_id integer,
    transfer_token_id integer,
    transfer_token_permission_ord double precision
);


ALTER TABLE public.strapi_transfer_token_permissions_token_lnk OWNER TO postgres;

--
-- Name: strapi_transfer_token_permissions_token_lnk_id_seq; Type: SEQUENCE; Schema: public; Owner: postgres
--

CREATE SEQUENCE public.strapi_transfer_token_permissions_token_lnk_id_seq
    AS integer
    START WITH 1
    INCREMENT BY 1
    NO MINVALUE
    NO MAXVALUE
    CACHE 1;


ALTER TABLE public.strapi_transfer_token_permissions_token_lnk_id_seq OWNER TO postgres;

--
-- Name: strapi_transfer_token_permissions_token_lnk_id_seq; Type: SEQUENCE OWNED BY; Schema: public; Owner: postgres
--

ALTER SEQUENCE public.strapi_transfer_token_permissions_token_lnk_id_seq OWNED BY public.strapi_transfer_token_permissions_token_lnk.id;


--
-- Name: strapi_transfer_tokens; Type: TABLE; Schema: public; Owner: postgres
--

CREATE TABLE public.strapi_transfer_tokens (
    id integer NOT NULL,
    document_id character varying(255),
    name character varying(255),
    description character varying(255),
    access_key character varying(255),
    last_used_at timestamp(6) without time zone,
    expires_at timestamp(6) without time zone,
    lifespan bigint,
    created_at timestamp(6) without time zone,
    updated_at timestamp(6) without time zone,
    published_at timestamp(6) without time zone,
    created_by_id integer,
    updated_by_id integer,
    locale character varying(255)
);


ALTER TABLE public.strapi_transfer_tokens OWNER TO postgres;

--
-- Name: strapi_transfer_tokens_id_seq; Type: SEQUENCE; Schema: public; Owner: postgres
--

CREATE SEQUENCE public.strapi_transfer_tokens_id_seq
    AS integer
    START WITH 1
    INCREMENT BY 1
    NO MINVALUE
    NO MAXVALUE
    CACHE 1;


ALTER TABLE public.strapi_transfer_tokens_id_seq OWNER TO postgres;

--
-- Name: strapi_transfer_tokens_id_seq; Type: SEQUENCE OWNED BY; Schema: public; Owner: postgres
--

ALTER SEQUENCE public.strapi_transfer_tokens_id_seq OWNED BY public.strapi_transfer_tokens.id;


--
-- Name: strapi_webhooks; Type: TABLE; Schema: public; Owner: postgres
--

CREATE TABLE public.strapi_webhooks (
    id integer NOT NULL,
    name character varying(255),
    url text,
    headers jsonb,
    events jsonb,
    enabled boolean
);


ALTER TABLE public.strapi_webhooks OWNER TO postgres;

--
-- Name: strapi_webhooks_id_seq; Type: SEQUENCE; Schema: public; Owner: postgres
--

CREATE SEQUENCE public.strapi_webhooks_id_seq
    AS integer
    START WITH 1
    INCREMENT BY 1
    NO MINVALUE
    NO MAXVALUE
    CACHE 1;


ALTER TABLE public.strapi_webhooks_id_seq OWNER TO postgres;

--
-- Name: strapi_webhooks_id_seq; Type: SEQUENCE OWNED BY; Schema: public; Owner: postgres
--

ALTER SEQUENCE public.strapi_webhooks_id_seq OWNED BY public.strapi_webhooks.id;


--
-- Name: strapi_workflows; Type: TABLE; Schema: public; Owner: postgres
--

CREATE TABLE public.strapi_workflows (
    id integer NOT NULL,
    document_id character varying(255),
    name character varying(255),
    content_types jsonb,
    created_at timestamp(6) without time zone,
    updated_at timestamp(6) without time zone,
    published_at timestamp(6) without time zone,
    created_by_id integer,
    updated_by_id integer,
    locale character varying(255)
);


ALTER TABLE public.strapi_workflows OWNER TO postgres;

--
-- Name: strapi_workflows_id_seq; Type: SEQUENCE; Schema: public; Owner: postgres
--

CREATE SEQUENCE public.strapi_workflows_id_seq
    AS integer
    START WITH 1
    INCREMENT BY 1
    NO MINVALUE
    NO MAXVALUE
    CACHE 1;


ALTER TABLE public.strapi_workflows_id_seq OWNER TO postgres;

--
-- Name: strapi_workflows_id_seq; Type: SEQUENCE OWNED BY; Schema: public; Owner: postgres
--

ALTER SEQUENCE public.strapi_workflows_id_seq OWNED BY public.strapi_workflows.id;


--
-- Name: strapi_workflows_stage_required_to_publish_lnk; Type: TABLE; Schema: public; Owner: postgres
--

CREATE TABLE public.strapi_workflows_stage_required_to_publish_lnk (
    id integer NOT NULL,
    workflow_id integer,
    workflow_stage_id integer
);


ALTER TABLE public.strapi_workflows_stage_required_to_publish_lnk OWNER TO postgres;

--
-- Name: strapi_workflows_stage_required_to_publish_lnk_id_seq; Type: SEQUENCE; Schema: public; Owner: postgres
--

CREATE SEQUENCE public.strapi_workflows_stage_required_to_publish_lnk_id_seq
    AS integer
    START WITH 1
    INCREMENT BY 1
    NO MINVALUE
    NO MAXVALUE
    CACHE 1;


ALTER TABLE public.strapi_workflows_stage_required_to_publish_lnk_id_seq OWNER TO postgres;

--
-- Name: strapi_workflows_stage_required_to_publish_lnk_id_seq; Type: SEQUENCE OWNED BY; Schema: public; Owner: postgres
--

ALTER SEQUENCE public.strapi_workflows_stage_required_to_publish_lnk_id_seq OWNED BY public.strapi_workflows_stage_required_to_publish_lnk.id;


--
-- Name: strapi_workflows_stages; Type: TABLE; Schema: public; Owner: postgres
--

CREATE TABLE public.strapi_workflows_stages (
    id integer NOT NULL,
    document_id character varying(255),
    name character varying(255),
    color character varying(255),
    created_at timestamp(6) without time zone,
    updated_at timestamp(6) without time zone,
    published_at timestamp(6) without time zone,
    created_by_id integer,
    updated_by_id integer,
    locale character varying(255)
);


ALTER TABLE public.strapi_workflows_stages OWNER TO postgres;

--
-- Name: strapi_workflows_stages_id_seq; Type: SEQUENCE; Schema: public; Owner: postgres
--

CREATE SEQUENCE public.strapi_workflows_stages_id_seq
    AS integer
    START WITH 1
    INCREMENT BY 1
    NO MINVALUE
    NO MAXVALUE
    CACHE 1;


ALTER TABLE public.strapi_workflows_stages_id_seq OWNER TO postgres;

--
-- Name: strapi_workflows_stages_id_seq; Type: SEQUENCE OWNED BY; Schema: public; Owner: postgres
--

ALTER SEQUENCE public.strapi_workflows_stages_id_seq OWNED BY public.strapi_workflows_stages.id;


--
-- Name: strapi_workflows_stages_permissions_lnk; Type: TABLE; Schema: public; Owner: postgres
--

CREATE TABLE public.strapi_workflows_stages_permissions_lnk (
    id integer NOT NULL,
    workflow_stage_id integer,
    permission_id integer,
    permission_ord double precision
);


ALTER TABLE public.strapi_workflows_stages_permissions_lnk OWNER TO postgres;

--
-- Name: strapi_workflows_stages_permissions_lnk_id_seq; Type: SEQUENCE; Schema: public; Owner: postgres
--

CREATE SEQUENCE public.strapi_workflows_stages_permissions_lnk_id_seq
    AS integer
    START WITH 1
    INCREMENT BY 1
    NO MINVALUE
    NO MAXVALUE
    CACHE 1;


ALTER TABLE public.strapi_workflows_stages_permissions_lnk_id_seq OWNER TO postgres;

--
-- Name: strapi_workflows_stages_permissions_lnk_id_seq; Type: SEQUENCE OWNED BY; Schema: public; Owner: postgres
--

ALTER SEQUENCE public.strapi_workflows_stages_permissions_lnk_id_seq OWNED BY public.strapi_workflows_stages_permissions_lnk.id;


--
-- Name: strapi_workflows_stages_workflow_lnk; Type: TABLE; Schema: public; Owner: postgres
--

CREATE TABLE public.strapi_workflows_stages_workflow_lnk (
    id integer NOT NULL,
    workflow_stage_id integer,
    workflow_id integer,
    workflow_stage_ord double precision
);


ALTER TABLE public.strapi_workflows_stages_workflow_lnk OWNER TO postgres;

--
-- Name: strapi_workflows_stages_workflow_lnk_id_seq; Type: SEQUENCE; Schema: public; Owner: postgres
--

CREATE SEQUENCE public.strapi_workflows_stages_workflow_lnk_id_seq
    AS integer
    START WITH 1
    INCREMENT BY 1
    NO MINVALUE
    NO MAXVALUE
    CACHE 1;


ALTER TABLE public.strapi_workflows_stages_workflow_lnk_id_seq OWNER TO postgres;

--
-- Name: strapi_workflows_stages_workflow_lnk_id_seq; Type: SEQUENCE OWNED BY; Schema: public; Owner: postgres
--

ALTER SEQUENCE public.strapi_workflows_stages_workflow_lnk_id_seq OWNED BY public.strapi_workflows_stages_workflow_lnk.id;


--
-- Name: up_permissions; Type: TABLE; Schema: public; Owner: postgres
--

CREATE TABLE public.up_permissions (
    id integer NOT NULL,
    document_id character varying(255),
    action character varying(255),
    created_at timestamp(6) without time zone,
    updated_at timestamp(6) without time zone,
    published_at timestamp(6) without time zone,
    created_by_id integer,
    updated_by_id integer,
    locale character varying(255)
);


ALTER TABLE public.up_permissions OWNER TO postgres;

--
-- Name: up_permissions_id_seq; Type: SEQUENCE; Schema: public; Owner: postgres
--

CREATE SEQUENCE public.up_permissions_id_seq
    AS integer
    START WITH 1
    INCREMENT BY 1
    NO MINVALUE
    NO MAXVALUE
    CACHE 1;


ALTER TABLE public.up_permissions_id_seq OWNER TO postgres;

--
-- Name: up_permissions_id_seq; Type: SEQUENCE OWNED BY; Schema: public; Owner: postgres
--

ALTER SEQUENCE public.up_permissions_id_seq OWNED BY public.up_permissions.id;


--
-- Name: up_permissions_role_lnk; Type: TABLE; Schema: public; Owner: postgres
--

CREATE TABLE public.up_permissions_role_lnk (
    id integer NOT NULL,
    permission_id integer,
    role_id integer,
    permission_ord double precision
);


ALTER TABLE public.up_permissions_role_lnk OWNER TO postgres;

--
-- Name: up_permissions_role_lnk_id_seq; Type: SEQUENCE; Schema: public; Owner: postgres
--

CREATE SEQUENCE public.up_permissions_role_lnk_id_seq
    AS integer
    START WITH 1
    INCREMENT BY 1
    NO MINVALUE
    NO MAXVALUE
    CACHE 1;


ALTER TABLE public.up_permissions_role_lnk_id_seq OWNER TO postgres;

--
-- Name: up_permissions_role_lnk_id_seq; Type: SEQUENCE OWNED BY; Schema: public; Owner: postgres
--

ALTER SEQUENCE public.up_permissions_role_lnk_id_seq OWNED BY public.up_permissions_role_lnk.id;


--
-- Name: up_roles; Type: TABLE; Schema: public; Owner: postgres
--

CREATE TABLE public.up_roles (
    id integer NOT NULL,
    document_id character varying(255),
    name character varying(255),
    description character varying(255),
    type character varying(255),
    created_at timestamp(6) without time zone,
    updated_at timestamp(6) without time zone,
    published_at timestamp(6) without time zone,
    created_by_id integer,
    updated_by_id integer,
    locale character varying(255)
);


ALTER TABLE public.up_roles OWNER TO postgres;

--
-- Name: up_roles_id_seq; Type: SEQUENCE; Schema: public; Owner: postgres
--

CREATE SEQUENCE public.up_roles_id_seq
    AS integer
    START WITH 1
    INCREMENT BY 1
    NO MINVALUE
    NO MAXVALUE
    CACHE 1;


ALTER TABLE public.up_roles_id_seq OWNER TO postgres;

--
-- Name: up_roles_id_seq; Type: SEQUENCE OWNED BY; Schema: public; Owner: postgres
--

ALTER SEQUENCE public.up_roles_id_seq OWNED BY public.up_roles.id;


--
-- Name: up_users; Type: TABLE; Schema: public; Owner: postgres
--

CREATE TABLE public.up_users (
    id integer NOT NULL,
    document_id character varying(255),
    username character varying(255),
    email character varying(255),
    provider character varying(255),
    password character varying(255),
    reset_password_token character varying(255),
    confirmation_token character varying(255),
    confirmed boolean,
    blocked boolean,
    created_at timestamp(6) without time zone,
    updated_at timestamp(6) without time zone,
    published_at timestamp(6) without time zone,
    created_by_id integer,
    updated_by_id integer,
    locale character varying(255)
);


ALTER TABLE public.up_users OWNER TO postgres;

--
-- Name: up_users_id_seq; Type: SEQUENCE; Schema: public; Owner: postgres
--

CREATE SEQUENCE public.up_users_id_seq
    AS integer
    START WITH 1
    INCREMENT BY 1
    NO MINVALUE
    NO MAXVALUE
    CACHE 1;


ALTER TABLE public.up_users_id_seq OWNER TO postgres;

--
-- Name: up_users_id_seq; Type: SEQUENCE OWNED BY; Schema: public; Owner: postgres
--

ALTER SEQUENCE public.up_users_id_seq OWNED BY public.up_users.id;


--
-- Name: up_users_role_lnk; Type: TABLE; Schema: public; Owner: postgres
--

CREATE TABLE public.up_users_role_lnk (
    id integer NOT NULL,
    user_id integer,
    role_id integer,
    user_ord double precision
);


ALTER TABLE public.up_users_role_lnk OWNER TO postgres;

--
-- Name: up_users_role_lnk_id_seq; Type: SEQUENCE; Schema: public; Owner: postgres
--

CREATE SEQUENCE public.up_users_role_lnk_id_seq
    AS integer
    START WITH 1
    INCREMENT BY 1
    NO MINVALUE
    NO MAXVALUE
    CACHE 1;


ALTER TABLE public.up_users_role_lnk_id_seq OWNER TO postgres;

--
-- Name: up_users_role_lnk_id_seq; Type: SEQUENCE OWNED BY; Schema: public; Owner: postgres
--

ALTER SEQUENCE public.up_users_role_lnk_id_seq OWNED BY public.up_users_role_lnk.id;


--
-- Name: upload_folders; Type: TABLE; Schema: public; Owner: postgres
--

CREATE TABLE public.upload_folders (
    id integer NOT NULL,
    document_id character varying(255),
    name character varying(255),
    path_id integer,
    path character varying(255),
    created_at timestamp(6) without time zone,
    updated_at timestamp(6) without time zone,
    published_at timestamp(6) without time zone,
    created_by_id integer,
    updated_by_id integer,
    locale character varying(255)
);


ALTER TABLE public.upload_folders OWNER TO postgres;

--
-- Name: upload_folders_id_seq; Type: SEQUENCE; Schema: public; Owner: postgres
--

CREATE SEQUENCE public.upload_folders_id_seq
    AS integer
    START WITH 1
    INCREMENT BY 1
    NO MINVALUE
    NO MAXVALUE
    CACHE 1;


ALTER TABLE public.upload_folders_id_seq OWNER TO postgres;

--
-- Name: upload_folders_id_seq; Type: SEQUENCE OWNED BY; Schema: public; Owner: postgres
--

ALTER SEQUENCE public.upload_folders_id_seq OWNED BY public.upload_folders.id;


--
-- Name: upload_folders_parent_lnk; Type: TABLE; Schema: public; Owner: postgres
--

CREATE TABLE public.upload_folders_parent_lnk (
    id integer NOT NULL,
    folder_id integer,
    inv_folder_id integer,
    folder_ord double precision
);


ALTER TABLE public.upload_folders_parent_lnk OWNER TO postgres;

--
-- Name: upload_folders_parent_lnk_id_seq; Type: SEQUENCE; Schema: public; Owner: postgres
--

CREATE SEQUENCE public.upload_folders_parent_lnk_id_seq
    AS integer
    START WITH 1
    INCREMENT BY 1
    NO MINVALUE
    NO MAXVALUE
    CACHE 1;


ALTER TABLE public.upload_folders_parent_lnk_id_seq OWNER TO postgres;

--
-- Name: upload_folders_parent_lnk_id_seq; Type: SEQUENCE OWNED BY; Schema: public; Owner: postgres
--

ALTER SEQUENCE public.upload_folders_parent_lnk_id_seq OWNED BY public.upload_folders_parent_lnk.id;


--
-- Name: abouts id; Type: DEFAULT; Schema: public; Owner: postgres
--

ALTER TABLE ONLY public.abouts ALTER COLUMN id SET DEFAULT nextval('public.abouts_id_seq'::regclass);


--
-- Name: abouts_cmps id; Type: DEFAULT; Schema: public; Owner: postgres
--

ALTER TABLE ONLY public.abouts_cmps ALTER COLUMN id SET DEFAULT nextval('public.abouts_cmps_id_seq'::regclass);


--
-- Name: admin_permissions id; Type: DEFAULT; Schema: public; Owner: postgres
--

ALTER TABLE ONLY public.admin_permissions ALTER COLUMN id SET DEFAULT nextval('public.admin_permissions_id_seq'::regclass);


--
-- Name: admin_permissions_role_lnk id; Type: DEFAULT; Schema: public; Owner: postgres
--

ALTER TABLE ONLY public.admin_permissions_role_lnk ALTER COLUMN id SET DEFAULT nextval('public.admin_permissions_role_lnk_id_seq'::regclass);


--
-- Name: admin_roles id; Type: DEFAULT; Schema: public; Owner: postgres
--

ALTER TABLE ONLY public.admin_roles ALTER COLUMN id SET DEFAULT nextval('public.admin_roles_id_seq'::regclass);


--
-- Name: admin_users id; Type: DEFAULT; Schema: public; Owner: postgres
--

ALTER TABLE ONLY public.admin_users ALTER COLUMN id SET DEFAULT nextval('public.admin_users_id_seq'::regclass);


--
-- Name: admin_users_roles_lnk id; Type: DEFAULT; Schema: public; Owner: postgres
--

ALTER TABLE ONLY public.admin_users_roles_lnk ALTER COLUMN id SET DEFAULT nextval('public.admin_users_roles_lnk_id_seq'::regclass);


--
-- Name: articles id; Type: DEFAULT; Schema: public; Owner: postgres
--

ALTER TABLE ONLY public.articles ALTER COLUMN id SET DEFAULT nextval('public.articles_id_seq'::regclass);


--
-- Name: articles_cmps id; Type: DEFAULT; Schema: public; Owner: postgres
--

ALTER TABLE ONLY public.articles_cmps ALTER COLUMN id SET DEFAULT nextval('public.articles_cmps_id_seq'::regclass);


--
-- Name: authors id; Type: DEFAULT; Schema: public; Owner: postgres
--

ALTER TABLE ONLY public.authors ALTER COLUMN id SET DEFAULT nextval('public.authors_id_seq'::regclass);


--
-- Name: categories id; Type: DEFAULT; Schema: public; Owner: postgres
--

ALTER TABLE ONLY public.categories ALTER COLUMN id SET DEFAULT nextval('public.categories_id_seq'::regclass);


--
-- Name: components_shared_captions id; Type: DEFAULT; Schema: public; Owner: postgres
--

ALTER TABLE ONLY public.components_shared_captions ALTER COLUMN id SET DEFAULT nextval('public.components_shared_captions_id_seq'::regclass);


--
-- Name: components_shared_cards id; Type: DEFAULT; Schema: public; Owner: postgres
--

ALTER TABLE ONLY public.components_shared_cards ALTER COLUMN id SET DEFAULT nextval('public.components_shared_cards_id_seq'::regclass);


--
-- Name: components_shared_custom_mdx_blocks id; Type: DEFAULT; Schema: public; Owner: postgres
--

ALTER TABLE ONLY public.components_shared_custom_mdx_blocks ALTER COLUMN id SET DEFAULT nextval('public.components_shared_custom_mdx_blocks_id_seq'::regclass);


--
-- Name: components_shared_line_graphs id; Type: DEFAULT; Schema: public; Owner: postgres
--

ALTER TABLE ONLY public.components_shared_line_graphs ALTER COLUMN id SET DEFAULT nextval('public.components_shared_line_graphs_id_seq'::regclass);


--
-- Name: components_shared_line_graphs_cmps id; Type: DEFAULT; Schema: public; Owner: postgres
--

ALTER TABLE ONLY public.components_shared_line_graphs_cmps ALTER COLUMN id SET DEFAULT nextval('public.components_shared_line_graphs_cmps_id_seq'::regclass);


--
-- Name: components_shared_maps id; Type: DEFAULT; Schema: public; Owner: postgres
--

ALTER TABLE ONLY public.components_shared_maps ALTER COLUMN id SET DEFAULT nextval('public.components_shared_maps_id_seq'::regclass);


--
-- Name: components_shared_maps_cmps id; Type: DEFAULT; Schema: public; Owner: postgres
--

ALTER TABLE ONLY public.components_shared_maps_cmps ALTER COLUMN id SET DEFAULT nextval('public.components_shared_maps_cmps_id_seq'::regclass);


--
-- Name: components_shared_mdx_blocks id; Type: DEFAULT; Schema: public; Owner: postgres
--

ALTER TABLE ONLY public.components_shared_mdx_blocks ALTER COLUMN id SET DEFAULT nextval('public.components_shared_mdx_blocks_id_seq'::regclass);


--
-- Name: components_shared_media id; Type: DEFAULT; Schema: public; Owner: postgres
--

ALTER TABLE ONLY public.components_shared_media ALTER COLUMN id SET DEFAULT nextval('public.components_shared_media_id_seq'::regclass);


--
-- Name: components_shared_quotes id; Type: DEFAULT; Schema: public; Owner: postgres
--

ALTER TABLE ONLY public.components_shared_quotes ALTER COLUMN id SET DEFAULT nextval('public.components_shared_quotes_id_seq'::regclass);


--
-- Name: components_shared_rich_texts id; Type: DEFAULT; Schema: public; Owner: postgres
--

ALTER TABLE ONLY public.components_shared_rich_texts ALTER COLUMN id SET DEFAULT nextval('public.components_shared_rich_texts_id_seq'::regclass);


--
-- Name: components_shared_seos id; Type: DEFAULT; Schema: public; Owner: postgres
--

ALTER TABLE ONLY public.components_shared_seos ALTER COLUMN id SET DEFAULT nextval('public.components_shared_seos_id_seq'::regclass);


--
-- Name: components_shared_side_by_sides id; Type: DEFAULT; Schema: public; Owner: postgres
--

ALTER TABLE ONLY public.components_shared_side_by_sides ALTER COLUMN id SET DEFAULT nextval('public.components_shared_side_by_sides_id_seq'::regclass);


--
-- Name: components_shared_sliders id; Type: DEFAULT; Schema: public; Owner: postgres
--

ALTER TABLE ONLY public.components_shared_sliders ALTER COLUMN id SET DEFAULT nextval('public.components_shared_sliders_id_seq'::regclass);


--
-- Name: components_shared_tests id; Type: DEFAULT; Schema: public; Owner: postgres
--

ALTER TABLE ONLY public.components_shared_tests ALTER COLUMN id SET DEFAULT nextval('public.components_shared_tests_id_seq'::regclass);


--
-- Name: files id; Type: DEFAULT; Schema: public; Owner: postgres
--

ALTER TABLE ONLY public.files ALTER COLUMN id SET DEFAULT nextval('public.files_id_seq'::regclass);


--
-- Name: files_folder_lnk id; Type: DEFAULT; Schema: public; Owner: postgres
--

ALTER TABLE ONLY public.files_folder_lnk ALTER COLUMN id SET DEFAULT nextval('public.files_folder_lnk_id_seq'::regclass);


--
-- Name: files_related_mph id; Type: DEFAULT; Schema: public; Owner: postgres
--

ALTER TABLE ONLY public.files_related_mph ALTER COLUMN id SET DEFAULT nextval('public.files_related_mph_id_seq'::regclass);


--
-- Name: globals id; Type: DEFAULT; Schema: public; Owner: postgres
--

ALTER TABLE ONLY public.globals ALTER COLUMN id SET DEFAULT nextval('public.globals_id_seq'::regclass);


--
-- Name: globals_cmps id; Type: DEFAULT; Schema: public; Owner: postgres
--

ALTER TABLE ONLY public.globals_cmps ALTER COLUMN id SET DEFAULT nextval('public.globals_cmps_id_seq'::regclass);


--
-- Name: i18n_locale id; Type: DEFAULT; Schema: public; Owner: postgres
--

ALTER TABLE ONLY public.i18n_locale ALTER COLUMN id SET DEFAULT nextval('public.i18n_locale_id_seq'::regclass);


--
-- Name: strapi_api_token_permissions id; Type: DEFAULT; Schema: public; Owner: postgres
--

ALTER TABLE ONLY public.strapi_api_token_permissions ALTER COLUMN id SET DEFAULT nextval('public.strapi_api_token_permissions_id_seq'::regclass);


--
-- Name: strapi_api_token_permissions_token_lnk id; Type: DEFAULT; Schema: public; Owner: postgres
--

ALTER TABLE ONLY public.strapi_api_token_permissions_token_lnk ALTER COLUMN id SET DEFAULT nextval('public.strapi_api_token_permissions_token_lnk_id_seq'::regclass);


--
-- Name: strapi_api_tokens id; Type: DEFAULT; Schema: public; Owner: postgres
--

ALTER TABLE ONLY public.strapi_api_tokens ALTER COLUMN id SET DEFAULT nextval('public.strapi_api_tokens_id_seq'::regclass);


--
-- Name: strapi_core_store_settings id; Type: DEFAULT; Schema: public; Owner: postgres
--

ALTER TABLE ONLY public.strapi_core_store_settings ALTER COLUMN id SET DEFAULT nextval('public.strapi_core_store_settings_id_seq'::regclass);


--
-- Name: strapi_database_schema id; Type: DEFAULT; Schema: public; Owner: postgres
--

ALTER TABLE ONLY public.strapi_database_schema ALTER COLUMN id SET DEFAULT nextval('public.strapi_database_schema_id_seq'::regclass);


--
-- Name: strapi_history_versions id; Type: DEFAULT; Schema: public; Owner: postgres
--

ALTER TABLE ONLY public.strapi_history_versions ALTER COLUMN id SET DEFAULT nextval('public.strapi_history_versions_id_seq'::regclass);


--
-- Name: strapi_migrations id; Type: DEFAULT; Schema: public; Owner: postgres
--

ALTER TABLE ONLY public.strapi_migrations ALTER COLUMN id SET DEFAULT nextval('public.strapi_migrations_id_seq'::regclass);


--
-- Name: strapi_migrations_internal id; Type: DEFAULT; Schema: public; Owner: postgres
--

ALTER TABLE ONLY public.strapi_migrations_internal ALTER COLUMN id SET DEFAULT nextval('public.strapi_migrations_internal_id_seq'::regclass);


--
-- Name: strapi_release_actions id; Type: DEFAULT; Schema: public; Owner: postgres
--

ALTER TABLE ONLY public.strapi_release_actions ALTER COLUMN id SET DEFAULT nextval('public.strapi_release_actions_id_seq'::regclass);


--
-- Name: strapi_release_actions_release_lnk id; Type: DEFAULT; Schema: public; Owner: postgres
--

ALTER TABLE ONLY public.strapi_release_actions_release_lnk ALTER COLUMN id SET DEFAULT nextval('public.strapi_release_actions_release_lnk_id_seq'::regclass);


--
-- Name: strapi_releases id; Type: DEFAULT; Schema: public; Owner: postgres
--

ALTER TABLE ONLY public.strapi_releases ALTER COLUMN id SET DEFAULT nextval('public.strapi_releases_id_seq'::regclass);


--
-- Name: strapi_transfer_token_permissions id; Type: DEFAULT; Schema: public; Owner: postgres
--

ALTER TABLE ONLY public.strapi_transfer_token_permissions ALTER COLUMN id SET DEFAULT nextval('public.strapi_transfer_token_permissions_id_seq'::regclass);


--
-- Name: strapi_transfer_token_permissions_token_lnk id; Type: DEFAULT; Schema: public; Owner: postgres
--

ALTER TABLE ONLY public.strapi_transfer_token_permissions_token_lnk ALTER COLUMN id SET DEFAULT nextval('public.strapi_transfer_token_permissions_token_lnk_id_seq'::regclass);


--
-- Name: strapi_transfer_tokens id; Type: DEFAULT; Schema: public; Owner: postgres
--

ALTER TABLE ONLY public.strapi_transfer_tokens ALTER COLUMN id SET DEFAULT nextval('public.strapi_transfer_tokens_id_seq'::regclass);


--
-- Name: strapi_webhooks id; Type: DEFAULT; Schema: public; Owner: postgres
--

ALTER TABLE ONLY public.strapi_webhooks ALTER COLUMN id SET DEFAULT nextval('public.strapi_webhooks_id_seq'::regclass);


--
-- Name: strapi_workflows id; Type: DEFAULT; Schema: public; Owner: postgres
--

ALTER TABLE ONLY public.strapi_workflows ALTER COLUMN id SET DEFAULT nextval('public.strapi_workflows_id_seq'::regclass);


--
-- Name: strapi_workflows_stage_required_to_publish_lnk id; Type: DEFAULT; Schema: public; Owner: postgres
--

ALTER TABLE ONLY public.strapi_workflows_stage_required_to_publish_lnk ALTER COLUMN id SET DEFAULT nextval('public.strapi_workflows_stage_required_to_publish_lnk_id_seq'::regclass);


--
-- Name: strapi_workflows_stages id; Type: DEFAULT; Schema: public; Owner: postgres
--

ALTER TABLE ONLY public.strapi_workflows_stages ALTER COLUMN id SET DEFAULT nextval('public.strapi_workflows_stages_id_seq'::regclass);


--
-- Name: strapi_workflows_stages_permissions_lnk id; Type: DEFAULT; Schema: public; Owner: postgres
--

ALTER TABLE ONLY public.strapi_workflows_stages_permissions_lnk ALTER COLUMN id SET DEFAULT nextval('public.strapi_workflows_stages_permissions_lnk_id_seq'::regclass);


--
-- Name: strapi_workflows_stages_workflow_lnk id; Type: DEFAULT; Schema: public; Owner: postgres
--

ALTER TABLE ONLY public.strapi_workflows_stages_workflow_lnk ALTER COLUMN id SET DEFAULT nextval('public.strapi_workflows_stages_workflow_lnk_id_seq'::regclass);


--
-- Name: up_permissions id; Type: DEFAULT; Schema: public; Owner: postgres
--

ALTER TABLE ONLY public.up_permissions ALTER COLUMN id SET DEFAULT nextval('public.up_permissions_id_seq'::regclass);


--
-- Name: up_permissions_role_lnk id; Type: DEFAULT; Schema: public; Owner: postgres
--

ALTER TABLE ONLY public.up_permissions_role_lnk ALTER COLUMN id SET DEFAULT nextval('public.up_permissions_role_lnk_id_seq'::regclass);


--
-- Name: up_roles id; Type: DEFAULT; Schema: public; Owner: postgres
--

ALTER TABLE ONLY public.up_roles ALTER COLUMN id SET DEFAULT nextval('public.up_roles_id_seq'::regclass);


--
-- Name: up_users id; Type: DEFAULT; Schema: public; Owner: postgres
--

ALTER TABLE ONLY public.up_users ALTER COLUMN id SET DEFAULT nextval('public.up_users_id_seq'::regclass);


--
-- Name: up_users_role_lnk id; Type: DEFAULT; Schema: public; Owner: postgres
--

ALTER TABLE ONLY public.up_users_role_lnk ALTER COLUMN id SET DEFAULT nextval('public.up_users_role_lnk_id_seq'::regclass);


--
-- Name: upload_folders id; Type: DEFAULT; Schema: public; Owner: postgres
--

ALTER TABLE ONLY public.upload_folders ALTER COLUMN id SET DEFAULT nextval('public.upload_folders_id_seq'::regclass);


--
-- Name: upload_folders_parent_lnk id; Type: DEFAULT; Schema: public; Owner: postgres
--

ALTER TABLE ONLY public.upload_folders_parent_lnk ALTER COLUMN id SET DEFAULT nextval('public.upload_folders_parent_lnk_id_seq'::regclass);


--
-- Data for Name: abouts; Type: TABLE DATA; Schema: public; Owner: postgres
--

COPY public.abouts (id, document_id, title, created_at, updated_at, published_at, created_by_id, updated_by_id, locale) FROM stdin;
\.


--
-- Data for Name: abouts_cmps; Type: TABLE DATA; Schema: public; Owner: postgres
--

COPY public.abouts_cmps (id, entity_id, cmp_id, component_type, field, "order") FROM stdin;
\.


--
-- Data for Name: admin_permissions; Type: TABLE DATA; Schema: public; Owner: postgres
--

COPY public.admin_permissions (id, document_id, action, action_parameters, subject, properties, conditions, created_at, updated_at, published_at, created_by_id, updated_by_id, locale) FROM stdin;
1	mj8cx5mhavokcr8hgv2kna75	plugin::content-manager.explorer.create	{}	api::about.about	{"fields": ["title", "blocks"]}	[]	2025-03-18 19:10:01.719	2025-03-18 19:10:01.719	2025-03-18 19:10:01.719	\N	\N	\N
2	us6srxrfvmmsm41ubthyukvy	plugin::content-manager.explorer.create	{}	api::article.article	{"fields": ["name", "description", "slug", "cover", "blocks", "publishDate", "Taxonomy"]}	[]	2025-03-18 19:10:01.729	2025-03-18 19:10:01.729	2025-03-18 19:10:01.729	\N	\N	\N
3	c1y614d3lnocv6z1mtizz2wb	plugin::content-manager.explorer.create	{}	api::author.author	{"fields": ["name", "avatar", "email"]}	[]	2025-03-18 19:10:01.734	2025-03-18 19:10:01.734	2025-03-18 19:10:01.734	\N	\N	\N
4	c8xek6t8o4vgcveo0x6ccqsh	plugin::content-manager.explorer.create	{}	api::category.category	{"fields": ["name", "slug", "description"]}	[]	2025-03-18 19:10:01.736	2025-03-18 19:10:01.736	2025-03-18 19:10:01.736	\N	\N	\N
5	gwdxgion5ky53jbmm8kpy1gg	plugin::content-manager.explorer.create	{}	api::global.global	{"fields": ["siteName", "favicon", "siteDescription", "defaultSeo.metaTitle", "defaultSeo.metaDescription", "defaultSeo.shareImage"]}	[]	2025-03-18 19:10:01.739	2025-03-18 19:10:01.739	2025-03-18 19:10:01.739	\N	\N	\N
6	v6ztule2e7wv8belou5qxyr6	plugin::content-manager.explorer.read	{}	api::about.about	{"fields": ["title", "blocks"]}	[]	2025-03-18 19:10:01.741	2025-03-18 19:10:01.741	2025-03-18 19:10:01.741	\N	\N	\N
7	xa5ignm3vgfervdbc1fwfkr8	plugin::content-manager.explorer.read	{}	api::article.article	{"fields": ["name", "description", "slug", "cover", "blocks", "publishDate", "Taxonomy"]}	[]	2025-03-18 19:10:01.743	2025-03-18 19:10:01.743	2025-03-18 19:10:01.743	\N	\N	\N
8	iiuhjan2ozfgu2xjb474m441	plugin::content-manager.explorer.read	{}	api::author.author	{"fields": ["name", "avatar", "email"]}	[]	2025-03-18 19:10:01.745	2025-03-18 19:10:01.745	2025-03-18 19:10:01.746	\N	\N	\N
9	e50jt4o2otqyzepvo8fu7c3w	plugin::content-manager.explorer.read	{}	api::category.category	{"fields": ["name", "slug", "description"]}	[]	2025-03-18 19:10:01.748	2025-03-18 19:10:01.748	2025-03-18 19:10:01.748	\N	\N	\N
10	r4rh4velg6s8eopbxjlj3yh2	plugin::content-manager.explorer.read	{}	api::global.global	{"fields": ["siteName", "favicon", "siteDescription", "defaultSeo.metaTitle", "defaultSeo.metaDescription", "defaultSeo.shareImage"]}	[]	2025-03-18 19:10:01.75	2025-03-18 19:10:01.75	2025-03-18 19:10:01.75	\N	\N	\N
11	u56jurhs1sopbsunvl6fx0hn	plugin::content-manager.explorer.update	{}	api::about.about	{"fields": ["title", "blocks"]}	[]	2025-03-18 19:10:01.752	2025-03-18 19:10:01.752	2025-03-18 19:10:01.752	\N	\N	\N
12	xryef4l65f00pkzixzig3icd	plugin::content-manager.explorer.update	{}	api::article.article	{"fields": ["name", "description", "slug", "cover", "blocks", "publishDate", "Taxonomy"]}	[]	2025-03-18 19:10:01.754	2025-03-18 19:10:01.754	2025-03-18 19:10:01.754	\N	\N	\N
13	bhitmgn4bzy13k9afevelhkr	plugin::content-manager.explorer.update	{}	api::author.author	{"fields": ["name", "avatar", "email"]}	[]	2025-03-18 19:10:01.756	2025-03-18 19:10:01.756	2025-03-18 19:10:01.757	\N	\N	\N
14	cnqcfefe7qnxs1mfinx6x442	plugin::content-manager.explorer.update	{}	api::category.category	{"fields": ["name", "slug", "description"]}	[]	2025-03-18 19:10:01.759	2025-03-18 19:10:01.759	2025-03-18 19:10:01.759	\N	\N	\N
15	lp2f431oh8gobqv16pgt9ftv	plugin::content-manager.explorer.update	{}	api::global.global	{"fields": ["siteName", "favicon", "siteDescription", "defaultSeo.metaTitle", "defaultSeo.metaDescription", "defaultSeo.shareImage"]}	[]	2025-03-18 19:10:01.761	2025-03-18 19:10:01.761	2025-03-18 19:10:01.761	\N	\N	\N
16	cremx3g4jsitovjgusukq7id	plugin::content-manager.explorer.delete	{}	api::about.about	{}	[]	2025-03-18 19:10:01.763	2025-03-18 19:10:01.763	2025-03-18 19:10:01.763	\N	\N	\N
17	rlym0sooratir3qiofwo6szm	plugin::content-manager.explorer.delete	{}	api::article.article	{}	[]	2025-03-18 19:10:01.765	2025-03-18 19:10:01.765	2025-03-18 19:10:01.765	\N	\N	\N
18	xp54x4yhuxyvlqp4m3p0g5as	plugin::content-manager.explorer.delete	{}	api::author.author	{}	[]	2025-03-18 19:10:01.768	2025-03-18 19:10:01.768	2025-03-18 19:10:01.768	\N	\N	\N
19	c85y1cdqutsypl7c95v9ej8o	plugin::content-manager.explorer.delete	{}	api::category.category	{}	[]	2025-03-18 19:10:01.77	2025-03-18 19:10:01.77	2025-03-18 19:10:01.77	\N	\N	\N
20	bfgucjkaukbme3wjw70w3ir8	plugin::content-manager.explorer.delete	{}	api::global.global	{}	[]	2025-03-18 19:10:01.772	2025-03-18 19:10:01.772	2025-03-18 19:10:01.772	\N	\N	\N
21	ri6vpc97whcu6917f6xagdrp	plugin::content-manager.explorer.publish	{}	api::about.about	{}	[]	2025-03-18 19:10:01.774	2025-03-18 19:10:01.774	2025-03-18 19:10:01.774	\N	\N	\N
22	scm1j6976l1hjmsskj5m7610	plugin::content-manager.explorer.publish	{}	api::article.article	{}	[]	2025-03-18 19:10:01.777	2025-03-18 19:10:01.777	2025-03-18 19:10:01.777	\N	\N	\N
23	h5ej4ns93hrxfpuhwrrp8eut	plugin::content-manager.explorer.publish	{}	api::author.author	{}	[]	2025-03-18 19:10:01.779	2025-03-18 19:10:01.779	2025-03-18 19:10:01.78	\N	\N	\N
24	xi4vwymand6vijoya6mpyysu	plugin::content-manager.explorer.publish	{}	api::category.category	{}	[]	2025-03-18 19:10:01.782	2025-03-18 19:10:01.782	2025-03-18 19:10:01.782	\N	\N	\N
25	lbxwwavwtwbhxr9b2759dl7v	plugin::content-manager.explorer.publish	{}	api::global.global	{}	[]	2025-03-18 19:10:01.784	2025-03-18 19:10:01.784	2025-03-18 19:10:01.784	\N	\N	\N
26	zg28hceo6e64s25gck1gm6rr	plugin::upload.read	{}	\N	{}	[]	2025-03-18 19:10:01.786	2025-03-18 19:10:01.786	2025-03-18 19:10:01.786	\N	\N	\N
27	i4fzvhary5gt99pj2oiu4o1b	plugin::upload.configure-view	{}	\N	{}	[]	2025-03-18 19:10:01.789	2025-03-18 19:10:01.789	2025-03-18 19:10:01.789	\N	\N	\N
28	onpvd3yzsiahcjgxthvsbug7	plugin::upload.assets.create	{}	\N	{}	[]	2025-03-18 19:10:01.794	2025-03-18 19:10:01.794	2025-03-18 19:10:01.794	\N	\N	\N
29	bmlo4h8md1hjlo4gi3eiroin	plugin::upload.assets.update	{}	\N	{}	[]	2025-03-18 19:10:01.797	2025-03-18 19:10:01.797	2025-03-18 19:10:01.797	\N	\N	\N
30	f0zuo1u6qk4hid7jtcw5h1ua	plugin::upload.assets.download	{}	\N	{}	[]	2025-03-18 19:10:01.799	2025-03-18 19:10:01.799	2025-03-18 19:10:01.799	\N	\N	\N
31	eef0mbt8t2xuop899jxczwhl	plugin::upload.assets.copy-link	{}	\N	{}	[]	2025-03-18 19:10:01.802	2025-03-18 19:10:01.802	2025-03-18 19:10:01.802	\N	\N	\N
32	bwy6buq3v4hz9etppz8hkto1	plugin::content-manager.explorer.create	{}	api::about.about	{"fields": ["title", "blocks"]}	["admin::is-creator"]	2025-03-18 19:10:01.807	2025-03-18 19:10:01.807	2025-03-18 19:10:01.807	\N	\N	\N
33	nutchw1synljvzeg5x16mdeq	plugin::content-manager.explorer.create	{}	api::article.article	{"fields": ["name", "description", "slug", "cover", "blocks", "publishDate", "Taxonomy"]}	["admin::is-creator"]	2025-03-18 19:10:01.81	2025-03-18 19:10:01.81	2025-03-18 19:10:01.81	\N	\N	\N
34	ixn8ttmx2w1vqn7dq7ermyma	plugin::content-manager.explorer.create	{}	api::author.author	{"fields": ["name", "avatar", "email"]}	["admin::is-creator"]	2025-03-18 19:10:01.813	2025-03-18 19:10:01.813	2025-03-18 19:10:01.813	\N	\N	\N
35	hou8xzr23zri3vrcdi2z1nw3	plugin::content-manager.explorer.create	{}	api::category.category	{"fields": ["name", "slug", "description"]}	["admin::is-creator"]	2025-03-18 19:10:01.816	2025-03-18 19:10:01.816	2025-03-18 19:10:01.816	\N	\N	\N
36	uvg1akq1sydhwmpc8ffsxdh7	plugin::content-manager.explorer.create	{}	api::global.global	{"fields": ["siteName", "favicon", "siteDescription", "defaultSeo.metaTitle", "defaultSeo.metaDescription", "defaultSeo.shareImage"]}	["admin::is-creator"]	2025-03-18 19:10:01.818	2025-03-18 19:10:01.818	2025-03-18 19:10:01.818	\N	\N	\N
37	unw7x2a6n2efrft7rwmqvtb5	plugin::content-manager.explorer.read	{}	api::about.about	{"fields": ["title", "blocks"]}	["admin::is-creator"]	2025-03-18 19:10:01.82	2025-03-18 19:10:01.82	2025-03-18 19:10:01.82	\N	\N	\N
38	amgqhzyys8odytde3hkv72vy	plugin::content-manager.explorer.read	{}	api::article.article	{"fields": ["name", "description", "slug", "cover", "blocks", "publishDate", "Taxonomy"]}	["admin::is-creator"]	2025-03-18 19:10:01.822	2025-03-18 19:10:01.822	2025-03-18 19:10:01.822	\N	\N	\N
128	aevliysihbwp2otwbx21pnt5	admin::api-tokens.create	{}	\N	{}	[]	2025-03-18 19:10:02.073	2025-03-18 19:10:02.073	2025-03-18 19:10:02.073	\N	\N	\N
39	k9pi3tv2rok8earadntpv43n	plugin::content-manager.explorer.read	{}	api::author.author	{"fields": ["name", "avatar", "email"]}	["admin::is-creator"]	2025-03-18 19:10:01.825	2025-03-18 19:10:01.825	2025-03-18 19:10:01.825	\N	\N	\N
40	w1t4rbfc7k4p3d1deveguswm	plugin::content-manager.explorer.read	{}	api::category.category	{"fields": ["name", "slug", "description"]}	["admin::is-creator"]	2025-03-18 19:10:01.829	2025-03-18 19:10:01.829	2025-03-18 19:10:01.829	\N	\N	\N
41	qplgywtkymu9w3y7axtxwf7b	plugin::content-manager.explorer.read	{}	api::global.global	{"fields": ["siteName", "favicon", "siteDescription", "defaultSeo.metaTitle", "defaultSeo.metaDescription", "defaultSeo.shareImage"]}	["admin::is-creator"]	2025-03-18 19:10:01.831	2025-03-18 19:10:01.831	2025-03-18 19:10:01.831	\N	\N	\N
42	sum92zlyprw75intir20j8mo	plugin::content-manager.explorer.update	{}	api::about.about	{"fields": ["title", "blocks"]}	["admin::is-creator"]	2025-03-18 19:10:01.833	2025-03-18 19:10:01.833	2025-03-18 19:10:01.833	\N	\N	\N
43	dxhipcqxml2fi1opfibrpsfr	plugin::content-manager.explorer.update	{}	api::article.article	{"fields": ["name", "description", "slug", "cover", "blocks", "publishDate", "Taxonomy"]}	["admin::is-creator"]	2025-03-18 19:10:01.835	2025-03-18 19:10:01.835	2025-03-18 19:10:01.835	\N	\N	\N
44	bx4p0fbt7vv4j128dtdqrsnt	plugin::content-manager.explorer.update	{}	api::author.author	{"fields": ["name", "avatar", "email"]}	["admin::is-creator"]	2025-03-18 19:10:01.837	2025-03-18 19:10:01.837	2025-03-18 19:10:01.837	\N	\N	\N
45	bgslhgsiy1qjbeav3i79sgpf	plugin::content-manager.explorer.update	{}	api::category.category	{"fields": ["name", "slug", "description"]}	["admin::is-creator"]	2025-03-18 19:10:01.839	2025-03-18 19:10:01.839	2025-03-18 19:10:01.839	\N	\N	\N
46	h2t9ch3guytuyqcwbcsxffk9	plugin::content-manager.explorer.update	{}	api::global.global	{"fields": ["siteName", "favicon", "siteDescription", "defaultSeo.metaTitle", "defaultSeo.metaDescription", "defaultSeo.shareImage"]}	["admin::is-creator"]	2025-03-18 19:10:01.841	2025-03-18 19:10:01.841	2025-03-18 19:10:01.841	\N	\N	\N
47	u9rwvb00q77nk4fo2ow0z8jj	plugin::content-manager.explorer.delete	{}	api::about.about	{}	["admin::is-creator"]	2025-03-18 19:10:01.844	2025-03-18 19:10:01.844	2025-03-18 19:10:01.844	\N	\N	\N
48	w147q80q8wothak2fesjkmxi	plugin::content-manager.explorer.delete	{}	api::article.article	{}	["admin::is-creator"]	2025-03-18 19:10:01.846	2025-03-18 19:10:01.846	2025-03-18 19:10:01.846	\N	\N	\N
49	cbl4kc8dd6b9e2k7rk1afty0	plugin::content-manager.explorer.delete	{}	api::author.author	{}	["admin::is-creator"]	2025-03-18 19:10:01.848	2025-03-18 19:10:01.848	2025-03-18 19:10:01.848	\N	\N	\N
50	ewap3xg3zhuqu64jaceh9gva	plugin::content-manager.explorer.delete	{}	api::category.category	{}	["admin::is-creator"]	2025-03-18 19:10:01.85	2025-03-18 19:10:01.85	2025-03-18 19:10:01.85	\N	\N	\N
51	bfekdrvg58ca1k60awmfbvfk	plugin::content-manager.explorer.delete	{}	api::global.global	{}	["admin::is-creator"]	2025-03-18 19:10:01.852	2025-03-18 19:10:01.852	2025-03-18 19:10:01.852	\N	\N	\N
52	hxizjxizu4cy2rn9lpnuoakx	plugin::upload.read	{}	\N	{}	["admin::is-creator"]	2025-03-18 19:10:01.854	2025-03-18 19:10:01.854	2025-03-18 19:10:01.854	\N	\N	\N
53	r8yq9astcnkhzceousrmxqug	plugin::upload.configure-view	{}	\N	{}	[]	2025-03-18 19:10:01.856	2025-03-18 19:10:01.856	2025-03-18 19:10:01.856	\N	\N	\N
54	ikiiz0p8qjcqb29j5wm5xrmh	plugin::upload.assets.create	{}	\N	{}	[]	2025-03-18 19:10:01.859	2025-03-18 19:10:01.859	2025-03-18 19:10:01.859	\N	\N	\N
55	oej1lnnhh2c5vlyux63sspl6	plugin::upload.assets.update	{}	\N	{}	["admin::is-creator"]	2025-03-18 19:10:01.861	2025-03-18 19:10:01.861	2025-03-18 19:10:01.861	\N	\N	\N
56	v2c9wmk9h2j6wxdiz954lsym	plugin::upload.assets.download	{}	\N	{}	[]	2025-03-18 19:10:01.863	2025-03-18 19:10:01.863	2025-03-18 19:10:01.863	\N	\N	\N
57	lyy9touqrzx21jhuh3iqqazz	plugin::upload.assets.copy-link	{}	\N	{}	[]	2025-03-18 19:10:01.866	2025-03-18 19:10:01.866	2025-03-18 19:10:01.866	\N	\N	\N
58	ra2a0wypn3tf8xbsbivjt2xd	plugin::content-manager.explorer.create	{}	plugin::users-permissions.user	{"fields": ["username", "email", "provider", "password", "resetPasswordToken", "confirmationToken", "confirmed", "blocked", "role"]}	[]	2025-03-18 19:10:01.895	2025-03-18 19:10:01.895	2025-03-18 19:10:01.895	\N	\N	\N
59	l7ej0q520ocjkyoirtm89bi5	plugin::content-manager.explorer.create	{}	api::about.about	{"fields": ["title", "blocks"]}	[]	2025-03-18 19:10:01.898	2025-03-18 19:10:01.898	2025-03-18 19:10:01.898	\N	\N	\N
60	ocvi0as6hylbca4hbvrja4z9	plugin::content-manager.explorer.create	{}	api::article.article	{"fields": ["name", "description", "slug", "cover", "blocks", "publishDate", "Taxonomy"]}	[]	2025-03-18 19:10:01.901	2025-03-18 19:10:01.901	2025-03-18 19:10:01.901	\N	\N	\N
61	meeq6doww84n2ixd36g4demc	plugin::content-manager.explorer.create	{}	api::author.author	{"fields": ["name", "avatar", "email"]}	[]	2025-03-18 19:10:01.904	2025-03-18 19:10:01.904	2025-03-18 19:10:01.904	\N	\N	\N
62	da1d7brhnn0m70w7f4kj1wl3	plugin::content-manager.explorer.create	{}	api::category.category	{"fields": ["name", "slug", "description"]}	[]	2025-03-18 19:10:01.906	2025-03-18 19:10:01.906	2025-03-18 19:10:01.906	\N	\N	\N
63	yu6wc53kxt87a866sr6wgmtk	plugin::content-manager.explorer.create	{}	api::global.global	{"fields": ["siteName", "favicon", "siteDescription", "defaultSeo.metaTitle", "defaultSeo.metaDescription", "defaultSeo.shareImage"]}	[]	2025-03-18 19:10:01.908	2025-03-18 19:10:01.908	2025-03-18 19:10:01.908	\N	\N	\N
64	y2abk5b4osxpofb072z4btur	plugin::content-manager.explorer.read	{}	plugin::users-permissions.user	{"fields": ["username", "email", "provider", "password", "resetPasswordToken", "confirmationToken", "confirmed", "blocked", "role"]}	[]	2025-03-18 19:10:01.91	2025-03-18 19:10:01.91	2025-03-18 19:10:01.91	\N	\N	\N
65	h3x0bmhvgmtrr3o5ghye2dpx	plugin::content-manager.explorer.read	{}	api::about.about	{"fields": ["title", "blocks"]}	[]	2025-03-18 19:10:01.912	2025-03-18 19:10:01.912	2025-03-18 19:10:01.912	\N	\N	\N
66	y71b5ho4drjui2uu49zp74ba	plugin::content-manager.explorer.read	{}	api::article.article	{"fields": ["name", "description", "slug", "cover", "blocks", "publishDate", "Taxonomy"]}	[]	2025-03-18 19:10:01.914	2025-03-18 19:10:01.914	2025-03-18 19:10:01.914	\N	\N	\N
67	v1j3jmudtsqcu2cjn0jg31sv	plugin::content-manager.explorer.read	{}	api::author.author	{"fields": ["name", "avatar", "email"]}	[]	2025-03-18 19:10:01.916	2025-03-18 19:10:01.916	2025-03-18 19:10:01.916	\N	\N	\N
68	cyc3l6jp0xfnmuv2od0qveba	plugin::content-manager.explorer.read	{}	api::category.category	{"fields": ["name", "slug", "description"]}	[]	2025-03-18 19:10:01.918	2025-03-18 19:10:01.918	2025-03-18 19:10:01.918	\N	\N	\N
69	d8meas5udqsi42foe2rphsra	plugin::content-manager.explorer.read	{}	api::global.global	{"fields": ["siteName", "favicon", "siteDescription", "defaultSeo.metaTitle", "defaultSeo.metaDescription", "defaultSeo.shareImage"]}	[]	2025-03-18 19:10:01.92	2025-03-18 19:10:01.92	2025-03-18 19:10:01.92	\N	\N	\N
70	tdwexca79hxqez4oeo7isalh	plugin::content-manager.explorer.update	{}	plugin::users-permissions.user	{"fields": ["username", "email", "provider", "password", "resetPasswordToken", "confirmationToken", "confirmed", "blocked", "role"]}	[]	2025-03-18 19:10:01.922	2025-03-18 19:10:01.922	2025-03-18 19:10:01.922	\N	\N	\N
71	gwxyyf50faadeh1e0fz6q2lc	plugin::content-manager.explorer.update	{}	api::about.about	{"fields": ["title", "blocks"]}	[]	2025-03-18 19:10:01.925	2025-03-18 19:10:01.925	2025-03-18 19:10:01.925	\N	\N	\N
72	cxhbceows6798q9esgxvu333	plugin::content-manager.explorer.update	{}	api::article.article	{"fields": ["name", "description", "slug", "cover", "blocks", "publishDate", "Taxonomy"]}	[]	2025-03-18 19:10:01.927	2025-03-18 19:10:01.927	2025-03-18 19:10:01.927	\N	\N	\N
73	d0tzlh96o53bszf107j5u5k6	plugin::content-manager.explorer.update	{}	api::author.author	{"fields": ["name", "avatar", "email"]}	[]	2025-03-18 19:10:01.929	2025-03-18 19:10:01.929	2025-03-18 19:10:01.929	\N	\N	\N
129	o4rjaild8erk726yt0pxqjzw	admin::api-tokens.read	{}	\N	{}	[]	2025-03-18 19:10:02.075	2025-03-18 19:10:02.075	2025-03-18 19:10:02.076	\N	\N	\N
74	z0p21juhtz3jn2nefpk52a9v	plugin::content-manager.explorer.update	{}	api::category.category	{"fields": ["name", "slug", "description"]}	[]	2025-03-18 19:10:01.931	2025-03-18 19:10:01.931	2025-03-18 19:10:01.931	\N	\N	\N
75	osz68aa4l4xcog0p6s63jsv1	plugin::content-manager.explorer.update	{}	api::global.global	{"fields": ["siteName", "favicon", "siteDescription", "defaultSeo.metaTitle", "defaultSeo.metaDescription", "defaultSeo.shareImage"]}	[]	2025-03-18 19:10:01.933	2025-03-18 19:10:01.933	2025-03-18 19:10:01.933	\N	\N	\N
76	nw04wx82d7laicwnombd88hq	plugin::content-manager.explorer.delete	{}	plugin::users-permissions.user	{}	[]	2025-03-18 19:10:01.936	2025-03-18 19:10:01.936	2025-03-18 19:10:01.936	\N	\N	\N
77	x77gj2qlg6gytcbkx4c35gl6	plugin::content-manager.explorer.delete	{}	api::about.about	{}	[]	2025-03-18 19:10:01.939	2025-03-18 19:10:01.939	2025-03-18 19:10:01.939	\N	\N	\N
78	h4fkw24cw01uoj5o2j6i74lx	plugin::content-manager.explorer.delete	{}	api::article.article	{}	[]	2025-03-18 19:10:01.942	2025-03-18 19:10:01.942	2025-03-18 19:10:01.942	\N	\N	\N
79	g61x2r10qbspn612wt9j7gbl	plugin::content-manager.explorer.delete	{}	api::author.author	{}	[]	2025-03-18 19:10:01.944	2025-03-18 19:10:01.944	2025-03-18 19:10:01.944	\N	\N	\N
80	jqe14y7bwc496c1r11pjemve	plugin::content-manager.explorer.delete	{}	api::category.category	{}	[]	2025-03-18 19:10:01.946	2025-03-18 19:10:01.946	2025-03-18 19:10:01.946	\N	\N	\N
81	z1k6tzfgv0ix8xj9c7xmjei2	plugin::content-manager.explorer.delete	{}	api::global.global	{}	[]	2025-03-18 19:10:01.948	2025-03-18 19:10:01.948	2025-03-18 19:10:01.948	\N	\N	\N
82	xu2gg4g9khwk34e8nbdr6uom	plugin::content-manager.explorer.publish	{}	plugin::users-permissions.user	{}	[]	2025-03-18 19:10:01.951	2025-03-18 19:10:01.951	2025-03-18 19:10:01.951	\N	\N	\N
83	chpkr4jptdvtxtey0du4zirj	plugin::content-manager.explorer.publish	{}	api::about.about	{}	[]	2025-03-18 19:10:01.954	2025-03-18 19:10:01.954	2025-03-18 19:10:01.954	\N	\N	\N
84	hhefn4qv1opcfbb7kcak3wmw	plugin::content-manager.explorer.publish	{}	api::article.article	{}	[]	2025-03-18 19:10:01.957	2025-03-18 19:10:01.957	2025-03-18 19:10:01.957	\N	\N	\N
85	w4gtw68zlrd9vf8g82kxyaf9	plugin::content-manager.explorer.publish	{}	api::author.author	{}	[]	2025-03-18 19:10:01.959	2025-03-18 19:10:01.959	2025-03-18 19:10:01.959	\N	\N	\N
86	rc2gtokl0xibluz3makbvo26	plugin::content-manager.explorer.publish	{}	api::category.category	{}	[]	2025-03-18 19:10:01.961	2025-03-18 19:10:01.961	2025-03-18 19:10:01.961	\N	\N	\N
87	jgtdb264fquo6fx1dsrwejps	plugin::content-manager.explorer.publish	{}	api::global.global	{}	[]	2025-03-18 19:10:01.963	2025-03-18 19:10:01.963	2025-03-18 19:10:01.963	\N	\N	\N
88	f7ckx0dzz8oakwxjmdlkg6ki	plugin::content-manager.single-types.configure-view	{}	\N	{}	[]	2025-03-18 19:10:01.966	2025-03-18 19:10:01.966	2025-03-18 19:10:01.966	\N	\N	\N
89	vy3529eapbj922gekbfrdff9	plugin::content-manager.collection-types.configure-view	{}	\N	{}	[]	2025-03-18 19:10:01.968	2025-03-18 19:10:01.968	2025-03-18 19:10:01.968	\N	\N	\N
90	jwf99m5tdqd3a5w6m7fh4e7o	plugin::content-manager.components.configure-layout	{}	\N	{}	[]	2025-03-18 19:10:01.97	2025-03-18 19:10:01.97	2025-03-18 19:10:01.97	\N	\N	\N
91	h86l1pyt0kgo1abd64ar8t1d	plugin::content-type-builder.read	{}	\N	{}	[]	2025-03-18 19:10:01.973	2025-03-18 19:10:01.973	2025-03-18 19:10:01.974	\N	\N	\N
92	j8wf91znnf3v2jo8fmqls6fj	plugin::email.settings.read	{}	\N	{}	[]	2025-03-18 19:10:01.986	2025-03-18 19:10:01.986	2025-03-18 19:10:01.986	\N	\N	\N
93	oyf06iskjfo749u1b9g6jml0	plugin::upload.read	{}	\N	{}	[]	2025-03-18 19:10:01.989	2025-03-18 19:10:01.989	2025-03-18 19:10:01.989	\N	\N	\N
94	ym1htvgz5lrw8tbjvmpycone	plugin::upload.assets.create	{}	\N	{}	[]	2025-03-18 19:10:01.991	2025-03-18 19:10:01.991	2025-03-18 19:10:01.991	\N	\N	\N
95	h17htbuue5b0wylpekesouhm	plugin::upload.assets.update	{}	\N	{}	[]	2025-03-18 19:10:01.993	2025-03-18 19:10:01.993	2025-03-18 19:10:01.993	\N	\N	\N
96	xho1mnmha5evf31yz6j1ao8p	plugin::upload.assets.download	{}	\N	{}	[]	2025-03-18 19:10:01.995	2025-03-18 19:10:01.995	2025-03-18 19:10:01.995	\N	\N	\N
97	u8472wknsx4toyhtwnkx6fkd	plugin::upload.assets.copy-link	{}	\N	{}	[]	2025-03-18 19:10:01.997	2025-03-18 19:10:01.997	2025-03-18 19:10:01.997	\N	\N	\N
98	h51d7siqcnpdruyqq4cl6suf	plugin::upload.configure-view	{}	\N	{}	[]	2025-03-18 19:10:02.001	2025-03-18 19:10:02.001	2025-03-18 19:10:02.001	\N	\N	\N
99	q212xdptpi6xzgosuzza6vyd	plugin::upload.settings.read	{}	\N	{}	[]	2025-03-18 19:10:02.004	2025-03-18 19:10:02.004	2025-03-18 19:10:02.004	\N	\N	\N
100	j0727onftfv1puqhv7vf81ax	plugin::i18n.locale.create	{}	\N	{}	[]	2025-03-18 19:10:02.006	2025-03-18 19:10:02.006	2025-03-18 19:10:02.006	\N	\N	\N
101	xhat6ah1cvrvcwocqm6gux85	plugin::i18n.locale.read	{}	\N	{}	[]	2025-03-18 19:10:02.008	2025-03-18 19:10:02.008	2025-03-18 19:10:02.009	\N	\N	\N
102	vud5irj8gs08dbfbmqwgsbgd	plugin::i18n.locale.update	{}	\N	{}	[]	2025-03-18 19:10:02.011	2025-03-18 19:10:02.011	2025-03-18 19:10:02.011	\N	\N	\N
103	rtlu42c0g7hj2afqvlw7jm9b	plugin::i18n.locale.delete	{}	\N	{}	[]	2025-03-18 19:10:02.012	2025-03-18 19:10:02.012	2025-03-18 19:10:02.013	\N	\N	\N
104	fyefmkbr02kdt8jhs0nsfxcv	plugin::users-permissions.roles.create	{}	\N	{}	[]	2025-03-18 19:10:02.014	2025-03-18 19:10:02.014	2025-03-18 19:10:02.014	\N	\N	\N
105	ch2f6z6zf1880b6pqwv8sep0	plugin::users-permissions.roles.read	{}	\N	{}	[]	2025-03-18 19:10:02.016	2025-03-18 19:10:02.016	2025-03-18 19:10:02.016	\N	\N	\N
106	e1uuvmv9xpxicsv4md3wlnby	plugin::users-permissions.roles.update	{}	\N	{}	[]	2025-03-18 19:10:02.019	2025-03-18 19:10:02.019	2025-03-18 19:10:02.019	\N	\N	\N
107	do061mtlgx87q5v3erx2h0kn	plugin::users-permissions.roles.delete	{}	\N	{}	[]	2025-03-18 19:10:02.022	2025-03-18 19:10:02.022	2025-03-18 19:10:02.022	\N	\N	\N
108	jr6yhdn8hjgmdi0mhgdwp3gv	plugin::users-permissions.providers.read	{}	\N	{}	[]	2025-03-18 19:10:02.024	2025-03-18 19:10:02.024	2025-03-18 19:10:02.024	\N	\N	\N
109	iw5umkide0aoui5f6qqwr39k	plugin::users-permissions.providers.update	{}	\N	{}	[]	2025-03-18 19:10:02.027	2025-03-18 19:10:02.027	2025-03-18 19:10:02.027	\N	\N	\N
110	khe3gp9s0xjekhz9jzuxs59r	plugin::users-permissions.email-templates.read	{}	\N	{}	[]	2025-03-18 19:10:02.029	2025-03-18 19:10:02.029	2025-03-18 19:10:02.03	\N	\N	\N
111	mviyn68twwj36toksung1lg3	plugin::users-permissions.email-templates.update	{}	\N	{}	[]	2025-03-18 19:10:02.032	2025-03-18 19:10:02.032	2025-03-18 19:10:02.032	\N	\N	\N
112	wwxo5ubrw9tx4sgcyv76v0e5	plugin::users-permissions.advanced-settings.read	{}	\N	{}	[]	2025-03-18 19:10:02.035	2025-03-18 19:10:02.035	2025-03-18 19:10:02.035	\N	\N	\N
113	f1jc61hr9v1xaaobvhiktapv	plugin::users-permissions.advanced-settings.update	{}	\N	{}	[]	2025-03-18 19:10:02.037	2025-03-18 19:10:02.037	2025-03-18 19:10:02.037	\N	\N	\N
114	wih7l2nhgl0h0pafgqmx4pnr	admin::marketplace.read	{}	\N	{}	[]	2025-03-18 19:10:02.04	2025-03-18 19:10:02.04	2025-03-18 19:10:02.04	\N	\N	\N
115	vrvv0m56skb1q1s1wf5f86ww	admin::webhooks.create	{}	\N	{}	[]	2025-03-18 19:10:02.042	2025-03-18 19:10:02.042	2025-03-18 19:10:02.042	\N	\N	\N
116	ql58y0x1vgyq0bqabw2b0l13	admin::webhooks.read	{}	\N	{}	[]	2025-03-18 19:10:02.045	2025-03-18 19:10:02.045	2025-03-18 19:10:02.045	\N	\N	\N
117	ta0hy68n3aq69neqy16vwxmh	admin::webhooks.update	{}	\N	{}	[]	2025-03-18 19:10:02.047	2025-03-18 19:10:02.047	2025-03-18 19:10:02.047	\N	\N	\N
118	sebniqrg1kc4uomtifkc8p5i	admin::webhooks.delete	{}	\N	{}	[]	2025-03-18 19:10:02.051	2025-03-18 19:10:02.051	2025-03-18 19:10:02.051	\N	\N	\N
119	zgfbwuuci76d5ie5ez7drtzz	admin::users.create	{}	\N	{}	[]	2025-03-18 19:10:02.053	2025-03-18 19:10:02.053	2025-03-18 19:10:02.053	\N	\N	\N
120	sdjje95ulw7tq6i4bm4y5c04	admin::users.read	{}	\N	{}	[]	2025-03-18 19:10:02.056	2025-03-18 19:10:02.056	2025-03-18 19:10:02.056	\N	\N	\N
121	h3lshwnblhb5oyts7walpfen	admin::users.update	{}	\N	{}	[]	2025-03-18 19:10:02.058	2025-03-18 19:10:02.058	2025-03-18 19:10:02.058	\N	\N	\N
122	igya6dn93ddb3rkk7yjcn91u	admin::users.delete	{}	\N	{}	[]	2025-03-18 19:10:02.06	2025-03-18 19:10:02.06	2025-03-18 19:10:02.06	\N	\N	\N
123	phon99egbqy25mh72j7mvs2f	admin::roles.create	{}	\N	{}	[]	2025-03-18 19:10:02.062	2025-03-18 19:10:02.062	2025-03-18 19:10:02.062	\N	\N	\N
124	igknxa52bzsjlu4jzr5bzcys	admin::roles.read	{}	\N	{}	[]	2025-03-18 19:10:02.064	2025-03-18 19:10:02.064	2025-03-18 19:10:02.064	\N	\N	\N
125	i77y7ym1dso8gf2dcsbjjubr	admin::roles.update	{}	\N	{}	[]	2025-03-18 19:10:02.066	2025-03-18 19:10:02.066	2025-03-18 19:10:02.066	\N	\N	\N
126	xqdcy6fzkzphf37wpf73jclh	admin::roles.delete	{}	\N	{}	[]	2025-03-18 19:10:02.068	2025-03-18 19:10:02.068	2025-03-18 19:10:02.068	\N	\N	\N
127	xhhtbzepw4nppgp9kp9376uo	admin::api-tokens.access	{}	\N	{}	[]	2025-03-18 19:10:02.071	2025-03-18 19:10:02.071	2025-03-18 19:10:02.071	\N	\N	\N
130	eohzn860cvvoog5j5o7gwgl3	admin::api-tokens.update	{}	\N	{}	[]	2025-03-18 19:10:02.078	2025-03-18 19:10:02.078	2025-03-18 19:10:02.078	\N	\N	\N
131	qp5vlib7nm5r0zhvjzpoko0z	admin::api-tokens.regenerate	{}	\N	{}	[]	2025-03-18 19:10:02.08	2025-03-18 19:10:02.08	2025-03-18 19:10:02.08	\N	\N	\N
132	o6k3blpte7bv0je13u9ix3pr	admin::api-tokens.delete	{}	\N	{}	[]	2025-03-18 19:10:02.081	2025-03-18 19:10:02.081	2025-03-18 19:10:02.082	\N	\N	\N
133	js00ecdk3hmetanfqf1czb2b	admin::project-settings.update	{}	\N	{}	[]	2025-03-18 19:10:02.084	2025-03-18 19:10:02.084	2025-03-18 19:10:02.084	\N	\N	\N
134	mhie8eb1rmnekcctsmd0ec32	admin::project-settings.read	{}	\N	{}	[]	2025-03-18 19:10:02.086	2025-03-18 19:10:02.086	2025-03-18 19:10:02.086	\N	\N	\N
135	oilx9ruwrdz8rvnra448x0el	admin::transfer.tokens.access	{}	\N	{}	[]	2025-03-18 19:10:02.088	2025-03-18 19:10:02.088	2025-03-18 19:10:02.088	\N	\N	\N
136	vfqhpxs168ouyiff1bv7ixxt	admin::transfer.tokens.create	{}	\N	{}	[]	2025-03-18 19:10:02.09	2025-03-18 19:10:02.09	2025-03-18 19:10:02.09	\N	\N	\N
137	hhpff970fx5srfav81lxp469	admin::transfer.tokens.read	{}	\N	{}	[]	2025-03-18 19:10:02.094	2025-03-18 19:10:02.094	2025-03-18 19:10:02.094	\N	\N	\N
138	klsqfy0do5bvo3axhyt67k8u	admin::transfer.tokens.update	{}	\N	{}	[]	2025-03-18 19:10:02.096	2025-03-18 19:10:02.096	2025-03-18 19:10:02.096	\N	\N	\N
139	by33m9dfuufg4d5d7z3asszd	admin::transfer.tokens.regenerate	{}	\N	{}	[]	2025-03-18 19:10:02.098	2025-03-18 19:10:02.098	2025-03-18 19:10:02.098	\N	\N	\N
140	vfe3hs2sn2kx2zvocqr51x55	admin::transfer.tokens.delete	{}	\N	{}	[]	2025-03-18 19:10:02.102	2025-03-18 19:10:02.102	2025-03-18 19:10:02.102	\N	\N	\N
\.


--
-- Data for Name: admin_permissions_role_lnk; Type: TABLE DATA; Schema: public; Owner: postgres
--

COPY public.admin_permissions_role_lnk (id, permission_id, role_id, permission_ord) FROM stdin;
1	1	2	1
2	2	2	2
3	3	2	3
4	4	2	4
5	5	2	5
6	6	2	6
7	7	2	7
8	8	2	8
9	9	2	9
10	10	2	10
11	11	2	11
12	12	2	12
13	13	2	13
14	14	2	14
15	15	2	15
16	16	2	16
17	17	2	17
18	18	2	18
19	19	2	19
20	20	2	20
21	21	2	21
22	22	2	22
23	23	2	23
24	24	2	24
25	25	2	25
26	26	2	26
27	27	2	27
28	28	2	28
29	29	2	29
30	30	2	30
31	31	2	31
32	32	3	1
33	33	3	2
34	34	3	3
35	35	3	4
36	36	3	5
37	37	3	6
38	38	3	7
39	39	3	8
40	40	3	9
41	41	3	10
42	42	3	11
43	43	3	12
44	44	3	13
45	45	3	14
46	46	3	15
47	47	3	16
48	48	3	17
49	49	3	18
50	50	3	19
51	51	3	20
52	52	3	21
53	53	3	22
54	54	3	23
55	55	3	24
56	56	3	25
57	57	3	26
58	58	1	1
59	59	1	2
60	60	1	3
61	61	1	4
62	62	1	5
63	63	1	6
64	64	1	7
65	65	1	8
66	66	1	9
67	67	1	10
68	68	1	11
69	69	1	12
70	70	1	13
71	71	1	14
72	72	1	15
73	73	1	16
74	74	1	17
75	75	1	18
76	76	1	19
77	77	1	20
78	78	1	21
79	79	1	22
80	80	1	23
81	81	1	24
82	82	1	25
83	83	1	26
84	84	1	27
85	85	1	28
86	86	1	29
87	87	1	30
88	88	1	31
89	89	1	32
90	90	1	33
91	91	1	34
92	92	1	35
93	93	1	36
94	94	1	37
95	95	1	38
96	96	1	39
97	97	1	40
98	98	1	41
99	99	1	42
100	100	1	43
101	101	1	44
102	102	1	45
103	103	1	46
104	104	1	47
105	105	1	48
106	106	1	49
107	107	1	50
108	108	1	51
109	109	1	52
110	110	1	53
111	111	1	54
112	112	1	55
113	113	1	56
114	114	1	57
115	115	1	58
116	116	1	59
117	117	1	60
118	118	1	61
119	119	1	62
120	120	1	63
121	121	1	64
122	122	1	65
123	123	1	66
124	124	1	67
125	125	1	68
126	126	1	69
127	127	1	70
128	128	1	71
129	129	1	72
130	130	1	73
131	131	1	74
132	132	1	75
133	133	1	76
134	134	1	77
135	135	1	78
136	136	1	79
137	137	1	80
138	138	1	81
139	139	1	82
140	140	1	83
\.


--
-- Data for Name: admin_roles; Type: TABLE DATA; Schema: public; Owner: postgres
--

COPY public.admin_roles (id, document_id, name, code, description, created_at, updated_at, published_at, created_by_id, updated_by_id, locale) FROM stdin;
1	ojekx1g0qh5ww4cdyjhd47t1	Super Admin	strapi-super-admin	Super Admins can access and manage all features and settings.	2025-03-18 19:10:01.687	2025-03-18 19:10:01.687	2025-03-18 19:10:01.687	\N	\N	\N
2	duk6sn6yj6gjy3034p7o2kp6	Editor	strapi-editor	Editors can manage and publish contents including those of other users.	2025-03-18 19:10:01.708	2025-03-18 19:10:01.708	2025-03-18 19:10:01.708	\N	\N	\N
3	obj8uawzbj1s1zca9pjcoc3x	Author	strapi-author	Authors can manage the content they have created.	2025-03-18 19:10:01.711	2025-03-18 19:10:01.711	2025-03-18 19:10:01.711	\N	\N	\N
\.


--
-- Data for Name: admin_users; Type: TABLE DATA; Schema: public; Owner: postgres
--

COPY public.admin_users (id, document_id, firstname, lastname, username, email, password, reset_password_token, registration_token, is_active, blocked, prefered_language, created_at, updated_at, published_at, created_by_id, updated_by_id, locale) FROM stdin;
1	io9kofi303g3zqgibb2w3l47	Sean	Malone	\N	smalone@element84.com	$2a$10$Fa6CIE1DWwk3wuGZI5z1QOMHpDo4uKuAyUdfI2532CCKFG6xziYxO	\N	\N	t	f	\N	2025-03-18 19:10:53.241	2025-03-18 19:10:53.241	2025-03-18 19:10:53.242	\N	\N	\N
\.


--
-- Data for Name: admin_users_roles_lnk; Type: TABLE DATA; Schema: public; Owner: postgres
--

COPY public.admin_users_roles_lnk (id, user_id, role_id, role_ord, user_ord) FROM stdin;
1	1	1	1	1
\.


--
-- Data for Name: articles; Type: TABLE DATA; Schema: public; Owner: postgres
--

COPY public.articles (id, document_id, name, description, slug, publish_date, taxonomy, created_at, updated_at, published_at, created_by_id, updated_by_id, locale) FROM stdin;
1	hmbejuzbui5pickckxanhdf3	Air Quality and COVID-19	When governments began implementing shutdowns at the start of the COVID-19 pandemic, scientists wondered how the atmosphere would respond to the sudden change in human behavior.	air-quality-and-covid-19	2025-03-11	Environmental Justice 	2025-03-18 19:20:36.034	2025-03-18 16:48:36.442	\N	1	1	\N
12	hmbejuzbui5pickckxanhdf3	Air Quality and COVID-19	When governments began implementing shutdowns at the start of the COVID-19 pandemic, scientists wondered how the atmosphere would respond to the sudden change in human behavior.	air-quality-and-covid-19	2025-03-11	Environmental Justice 	2025-03-18 19:20:36.034	2025-03-18 16:48:36.442	2025-03-18 16:48:36.491	1	1	\N
8	wg5u4u3oem56kg7k7tqws536	Connecting Disaster Recovery with Environmental Justice	Featuring Hurricane Mara and Hurricane Ida	hurricane-maria-and-ida	\N	Environmental Justice 	2025-03-18 19:43:49.82	2025-03-18 22:14:15.874	\N	1	1	\N
21	wg5u4u3oem56kg7k7tqws536	Connecting Disaster Recovery with Environmental Justice	Featuring Hurricane Mara and Hurricane Ida	hurricane-maria-and-ida	\N	Environmental Justice 	2025-03-18 19:43:49.82	2025-03-18 22:14:15.874	2025-03-18 22:14:15.909	1	1	\N
13	yb9q1485cnplv1a3kipz9oi2	demo story	this is a demo	demo	\N	Wildfire	2025-03-18 21:32:47.341	2025-03-19 18:41:33.686	\N	1	1	\N
28	yb9q1485cnplv1a3kipz9oi2	demo story	this is a demo	demo	\N	Wildfire	2025-03-18 21:32:47.341	2025-03-19 18:41:33.686	2025-03-19 18:41:33.74	1	1	\N
\.


--
-- Data for Name: articles_cmps; Type: TABLE DATA; Schema: public; Owner: postgres
--

COPY public.articles_cmps (id, entity_id, cmp_id, component_type, field, "order") FROM stdin;
82	13	13	shared.rich-text	blocks	1
83	13	1	shared.media	blocks	2
84	13	1	shared.line-graph	blocks	3
85	13	1	shared.map	blocks	4
86	28	24	shared.rich-text	blocks	1
87	28	8	shared.media	blocks	2
88	28	6	shared.line-graph	blocks	3
89	28	5	shared.map	blocks	4
22	1	3	shared.rich-text	blocks	1
23	12	9	shared.rich-text	blocks	1
42	8	1	shared.custom-mdx-block	blocks	1
43	21	4	shared.custom-mdx-block	blocks	1
\.


--
-- Data for Name: authors; Type: TABLE DATA; Schema: public; Owner: postgres
--

COPY public.authors (id, document_id, name, email, created_at, updated_at, published_at, created_by_id, updated_by_id, locale) FROM stdin;
\.


--
-- Data for Name: categories; Type: TABLE DATA; Schema: public; Owner: postgres
--

COPY public.categories (id, document_id, name, slug, description, created_at, updated_at, published_at, created_by_id, updated_by_id, locale) FROM stdin;
\.


--
-- Data for Name: components_shared_captions; Type: TABLE DATA; Schema: public; Owner: postgres
--

COPY public.components_shared_captions (id, attribute_author, attr_url, caption_fig) FROM stdin;
1	Nasa	https://nasa.gov	Comparison of nightlights data for Puerto Rico pre-landfall (17 July 2017) and post-landfall (20 September 2017) for Hurricane Maria.\n
3	NASA	https://nasa.gov	 Harmonized Landsat 8 SWIR image provides enhanced contrast to detect flood extent in Puerto Rico before and after Hurricane Maria in 2017.
10	Nasa	https://nasa.gov	Comparison of nightlights data for Puerto Rico pre-landfall (17 July 2017) and post-landfall (20 September 2017) for Hurricane Maria.\n
11	NASA	https://nasa.gov	 Harmonized Landsat 8 SWIR image provides enhanced contrast to detect flood extent in Puerto Rico before and after Hurricane Maria in 2017.
\.


--
-- Data for Name: components_shared_cards; Type: TABLE DATA; Schema: public; Owner: postgres
--

COPY public.components_shared_cards (id, title, subhead) FROM stdin;
\.


--
-- Data for Name: components_shared_custom_mdx_blocks; Type: TABLE DATA; Schema: public; Owner: postgres
--

COPY public.components_shared_custom_mdx_blocks (id, custom_mdx) FROM stdin;
1	\n<style>{`\n  .hurricane-tables {\n    display: flex;\n    gap: 2rem\n  }\n  .hurricane-tables thead th,\n  .hurricane-tables tbody td {\n    text-align: center;\n  }\n  .high-val {\n    background: #F0DADE;\n  }\n  .mid-val {\n    background: #FAF4E1;\n  }\n  .low-val {\n    background: #E2EFE6;\n  }\n  @media only screen and (max-width: 544px) {\n    .hurricane-tables {\n      flex-flow: column;\n    }\n  }\n`}</style>\n\n<Block>\n  <Prose>\n    ## Connecting Disaster Recovery with Environmental Justice: Hurricane Mara\n\n    Hurricane Mara made landfall in Puerto Rico as a Category 4 or 5 hurricane on September 20, 2017, leaving a path of destruction in its wake. [Over 1.5 million people on the island lost power, leading to the longest blackout in US history](https://journals.plos.org/plosone/article?id=10.1371/journal.pone.0218883). Although efforts to repair the damage on the island were extensive, the [areas with the most severe and prolonged impacts were areas of lower socioeconomic status](https://journals.plos.org/plosone/article?id=10.1371/journal.pone.0218883). These communities lacked the resources and the representation to repair damage quickly, leading to long-term lack of access to electricity, water, and other critical supplies.\n\n    NASA hosts a wide variety of continuous Earth observation data useful in environmental justice research. This dashboard features a selection of NASA datasets from across the Agency, including socioeconomic data, Earth observation analysis, and other combined datasets. These tools allow users to visualize and download data to understand the environmental issues brought on by Hurricane Mara. Merging Earth data and socioeconomic data can help communities like those in Puerto Rico to better prepare for and respond to future natural disasters.\n\n    ## Connecting Disaster Recovery with Environmental Justice: Hurricane Ida\n\n    Known as the city that can barely catch its breath between storms, New Orleans experienced another devastating event on August 29, 2021 as Hurricane Ida made landfall as a Category 4 hurricane. The effects of the storm were widespread, causing millions of dollars worth of damage and affecting the lives and homes of millions of people.\n\n    [Disadvantaged communities](https://www.nature.com/articles/d41586-021-02520-8) in Louisiana and across the country already struggle with higher rates of asthma, cancer, and COVID-19 infections. These communities are often hardest-hit by storms like Ida. Research has shown that disadvantaged communities often receive less federal aid than other communities, only prolonging their hardships. NASA is prioritizing open access to environmental justice data such as the datasets in this dashboard in an effort to help communities better prepare for and respond to natural disasters and to help shed light on cases of environmental injustice.\n\n  </Prose>\n</Block>\n\n<Block type='full'>\n  <Prose>\n    ### Night Light Detection\n\n    **Shining Light on the Aftermath of Hurricanes**\n\n    30-meter resolution Black Marble HD nighttime lights were visualized for New Orleans, LA and Puerto Rico to highlight the impacts and recovery from the landfalls of Hurricane Ida and Hurricane Maria respectively. For each natural disaster, there is a pre-, during-, and post-event image for baseline comparisons. Within the night lights data layer, brighter areas indicate locations with higher light emissions. The observation data captures how the intensity and distribution of night lights changed during the recovery efforts.\n\n    **Additional Resources**\n\n    * [Explore the Missions](https://blackmarble.gsfc.nasa.gov/)\n    * [Nighlights Show Slow Recovery from Maria](https://www.earthobservatory.nasa.gov/images/144371/night-lights-show-slow-recovery-from-maria)\n    * [Satellite Observes Power Outages in New Orleans](https://earthobservatory.nasa.gov/images/148777/satellite-observes-power-outages-in-new-orleans)\n\n  </Prose>\n  <Figure>\n    <Map\n      datasetId='nighttime-lights-ej'\n      layerId='nightlights-hd-1band'\n      zoom={9}\n      center={[-66.45,18.22]}\n      dateTime='2017-07-21'\n      compareDateTime='2017-09-20'\n    />\n    <Caption \n      attrAuthor='NASA' \n      attrUrl='https://nasa.gov/'\n    >\n      Comparison of nightlights data for Puerto Rico pre-landfall (17 July 2017) and post-landfall (20 September 2017) for Hurricane Maria.\n    </Caption> \n  </Figure>\n</Block>\n\n<Block type='full'>\n  <Figure>\n    <Map\n      datasetId='hls_events'\n      layerId='hls-l30-002-ej'\n      dateTime='2017-08-25'\n      zoom={11}\n      center={[-65.97,18.41]}\n      compareDateTime='2017-09-26'\n    />\n    <Caption\n      attrAuthor='NASA'\n      attrUrl='https://nasa.gov/'\n    >\n      Harmonized Landsat 8 SWIR image provides enhanced contrast to detect flood extent in Puerto Rico before and after Hurricane Maria in 2017.\n    </Caption>\n  </Figure>\n  <Prose>\n    ### Flood Detection\n\n    **Watching the Waters Recede**\n    Harmonized Landsat Sentinel-2 (HLS) imagery shows the impact of flooding for Hurricanes Maria and Ida. This data supports disaster recovery and associated environmental justice issues as the degree and extent of flooding can be monitored in support of recovery efforts. The imagery displayed is a shortwave infrared (SWIR) false color composite that provides enhanced contrast to detect flood extent. In SWIR false color composite imagery, water is identified by dark blue colors, vegetation is bright green, clouds are white, and ice is blue.\n\n    **Additional Resources**\n    [HLSL30 Dataset Landing Page](https://lpdaac.usgs.gov/products/hlsl30v002/)\n    [HLSS30 Dataset Landing Page](https://lpdaac.usgs.gov/products/hlss30v002/)\n    [HLS Webinar with LPDAAC](https://www.youtube.com/watch?v=N2S4KGNo_XY)\n\n  </Prose>\n</Block>\n\n<Block type='full'>\n  <Prose>\n    ### Blue Tarp Detection\n\n    **Overview**\n\n    The Interagency Implementation and Advanced Concepts Team (IMPACT), based at NASAs Marshall Space Flight Center in Huntsville, Alabama, undertook an experimental study to determine if the application of artificial intelligence to NASA satellite images could accurately detect the number of blue tarps deployed on rooftops in the aftermath of hurricanes such as Mara and Ida as a way of predicting the relative severity of damage experienced by the respective local communities. Correlating these detections over time by zip codes and cross-referencing socio-economic data (such as that contained in the Visualization, Exploration, and Data Analysis (VEDA) dashboard), relationships between socio-economic factors and disaster recovery can be identified.\n\n  </Prose>\n  <Figure>\n    <Map\n      datasetId="ps_blue_tarp_detections"\n      layerId="blue-tarp-planetscope"\n      zoom={17}\n      dateTime="2022-02-12"\n      compareDateTime="2022-02-12"\n      center={[-90.0613, 29.914]}\n    />\n    <Caption attrAuthor="NASA" attrUrl="https://nasa.gov/">\n      Blue tarp detections in Jefferson Parish, LA on February 12, 2022.\n    </Caption>\n  </Figure>\n</Block>\n\n<Block>\n  <Prose>\n\n    ## Approach\n\n    The IMPACT machine learning team identified the bounding boxes for the New Orleans and San Juan regions. They ordered PlanetScope 3 band data from Planet Labs for dates before and after both hurricanes made landfall. They then combined all scenes available for the respective regions for each date. The scenes were segmented using shapefiles for each zip code in the metro areas. In the next step, the team used [US Building Footprints](https://github.com/microsoft/USBuildingFootprints) by Microsoft to limit the detections to just buildings and reduce false positives. A threshold for the color blue was defined and used to segment out blue pixels detected within the building footprints segmentations. For each of the above dates, the model counted the detection of blue pixelated building segments (interpreted to be blue tarps) in each zip code.\n\n    ## "The Ground Truth"\n\n    In order to establish an external benchmark, the team gathered local news reports published in the immediate aftermath of both Hurricane Ida and Hurricane Mara that included reports of damage. The news reports were grouped by the zip codes of the locations mentioned. Each reported zip code was then assigned an estimated level of damage severity. The damage experienced in a zip code was considered as:\n    * low impact (L) if the reported damages were minor (e.g. dangling boards or tree debris);\n    * medium impact (M) if the damages were significant but did not lead to complete loss of structures; or\n    * high impact (H) if the damages were severe and led to complete loss of structures.\n\n    <Figure style={{ display: 'block' }}>\n      <div className='hurricane-tables'>\n        <table>\n          <thead>\n            <tr>\n              <th colSpan="2">Hurricane Ida</th>\n            </tr>\n            <tr>\n              <th>Estimated Damage</th>\n              <th>Zip</th>\n            </tr>\n          </thead>\n          <tbody>\n            <tr>\n              <td className='high-val'>H</td>\n              <td>70001</td>\n            </tr>\n            <tr>\n              <td className='high-val'>H</td>\n              <td>70003</td>\n            </tr>\n            <tr>\n              <td className='high-val'>H</td>\n              <td>70094</td>\n            </tr>\n            <tr>\n              <td className='low-val'>L</td>\n              <td>70112</td>\n            </tr>\n            <tr>\n              <td className='mid-val'>M</td>\n              <td>70113</td>\n            </tr>\n            <tr>\n              <td className='high-val'>H</td>\n              <td>70114</td>\n            </tr>\n            <tr>\n              <td className='mid-val'>M</td>\n              <td>70117</td>\n            </tr>\n            <tr>\n              <td className='mid-val'>M</td>\n              <td>70119</td>\n            </tr>\n            <tr>\n              <td className='low-val'>L</td>\n              <td>70130</td>\n            </tr>\n          </tbody>\n        </table>\n\n        <table>\n          <thead>\n            <tr>\n              <th colSpan="2">Hurricane Mara</th>\n            </tr>\n            <tr>\n              <th>Estimated Damage</th>\n              <th>Zip</th>\n            </tr>\n          </thead>\n          <tbody>\n            <tr>\n              <td className='low-val'>L</td>\n              <td>00901</td>\n            </tr>\n            <tr>\n              <td className='low-val'>L</td>\n              <td>00911</td>\n            </tr>\n            <tr>\n              <td className='mid-val'>M</td>\n              <td>00912</td>\n            </tr>\n            <tr>\n              <td className='high-val'>H</td>\n              <td>00915</td>\n            </tr>\n            <tr>\n              <td className='mid-val'>M</td>\n              <td>00918</td>\n            </tr>\n            <tr>\n              <td className='mid-val'>M</td>\n              <td>00920</td>\n            </tr>\n            <tr>\n              <td className='high-val'>H</td>\n              <td>00956</td>\n            </tr>\n            <tr>\n              <td className='high-val'>H</td>\n              <td>00962</td>\n            </tr>\n            <tr>\n              <td className='mid-val'>M</td>\n              <td>00979</td>\n            </tr>\n          </tbody>\n        </table>\n      </div>\n      <Caption>\n        Estimated damage by zip code\n      </Caption>\n    </Figure>\n\n    A statistical analysis of the rankings demonstrates a high degree of correlation between the maximum number of detected blue tarp counts in each zip code and the level of estimated damage. The three instances where the order of rows should have been reversed, the difference in the blue tarp counts between each pair was not significant:\n\n    * 70114(H) with 70119(M) p=0.177;\n    * 70113(M) with 70130(L) p=0.452;\n    * 00912(M) with 00901(L) p=0.478.\n\n    Overall the number of detected blue tarps corresponded with the estimated amount of damage experienced by each zip code based on ground-level reports.\n\n    <Figure style={{ display: 'block' }}>\n      <div className='hurricane-tables'>\n        <table>\n          <thead>\n            <tr>\n              <th colSpan="3">Hurricane Ida</th>\n            </tr>\n            <tr>\n              <th>Estimated Damage</th>\n              <th>Zip</th>\n              <th>Max. Tarps</th>\n            </tr>\n          </thead>\n          <tbody>\n            <tr>\n              <td className='high-val'>H</td>\n              <td>70003</td>\n              <td>2112</td>\n            </tr>\n            <tr>\n              <td className='high-val'>H</td>\n              <td>70094</td>\n              <td>2068</td>\n            </tr>\n            <tr>\n              <td className='high-val'>H</td>\n              <td>70001</td>\n              <td>1066</td>\n            </tr>\n            <tr>\n              <td className='mid-val'>M</td>\n              <td>70119</td>\n              <td>883</td>\n            </tr>\n            <tr>\n              <td className='high-val'>H</td>\n              <td>70114</td>\n              <td>632</td>\n            </tr>\n            <tr>\n              <td className='mid-val'>M</td>\n              <td>70117</td>\n              <td>543</td>\n            </tr>\n            <tr>\n              <td className='low-val'>L</td>\n              <td>70130</td>\n              <td>213</td>\n            </tr>\n            <tr>\n              <td className='mid-val'>M</td>\n              <td>70113</td>\n              <td>181</td>\n            </tr>\n            <tr>\n              <td className='low-val'>L</td>\n              <td>70112</td>\n              <td>102</td>\n            </tr>\n          </tbody>\n        </table>\n\n        <table>\n          <thead>\n            <tr>\n              <th colSpan="3">Hurricane Mara</th>\n            </tr>\n            <tr>\n              <th>Estimated Damage</th>\n              <th>Zip</th>\n              <th>Max. Tarps</th>\n            </tr>\n          </thead>\n          <tbody>\n            <tr>\n              <td className='high-val'>H</td>\n              <td>00915</td>\n              <td>308</td>\n            </tr>\n            <tr>\n              <td className='high-val'>H</td>\n              <td>00962</td>\n              <td>242</td>\n            </tr>\n            <tr>\n              <td className='high-val'>H</td>\n              <td>00956</td>\n              <td>240</td>\n            </tr>\n            <tr>\n              <td className='mid-val'>M</td>\n              <td>00979</td>\n              <td>137</td>\n            </tr>\n            <tr>\n              <td className='mid-val'>M</td>\n              <td>00920</td>\n              <td>110</td>\n            </tr>\n            <tr>\n              <td className='mid-val'>M</td>\n              <td>00918</td>\n              <td>88</td>\n            </tr>\n            <tr>\n              <td className='low-val'>L</td>\n              <td>00901</td>\n              <td>42</td>\n            </tr>\n            <tr>\n              <td className='mid-val'>M</td>\n              <td>00912</td>\n              <td>40</td>\n            </tr>\n            <tr>\n              <td className='low-val'>L</td>\n              <td>00911</td>\n              <td>23</td>\n            </tr>\n          </tbody>\n        </table>\n      </div>\n      <Caption>\n        Estimated damage based on number of tarps detected\n      </Caption>\n    </Figure>\n  </Prose>\n</Block>\n\n<Block>\n  <Prose>\n    However, when analyzing detected blue tarps as a percentage of total building footprints in each zip code, a similar pattern emerges that suggests the on-the-ground observations and damage assessments do not necessarily capture the complete picture.\n    \n    The graphs show a zip code in each of the areas affected by the hurricanes that were estimated as having sustained a low degree of storm damage: 70112 in New Orleans and 00901 in San Juan. As noted previously, in line with the on-the-ground reports, both rank low on the graphs showing the number of blue tarps detected.\n  </Prose>\n\n  <Figure>\n    <Chart\n      dataPath="/charts/story/hurricane-maria-ida-chart1.csv"\n      dateFormat="%m/%Y" \n      idKey='Zip' \n      xKey='Month' \n      yKey='Number of Tarps' \n    />\n    <Caption \n      attrAuthor='NASA' \n      attrUrl='https://nasa.gov/'\n    >\n      Number of tarps detected in the aftermath of Hurricane Ida\n    </Caption> \n  </Figure>\n</Block>\n\n<Block>\n  <Figure>\n    <Chart\n      dataPath="/charts/story/hurricane-maria-ida-chart2.csv"\n      dateFormat="%m/%Y"\n      idKey="Zip"\n      xKey="Month"\n      yKey="Number of Tarps"\n    />\n    <Caption attrAuthor="NASA" attrUrl="https://nasa.gov/">\n      Number of tarps detected in the aftermath of Hurricane Maria\n    </Caption>\n  </Figure>\n  <Prose>\n    When the zip codes are analyzed in terms of the number of detected blue\n    tarps as a percentage of the total building footprints, a pattern emerges in\n    each of the affected areas. Both 70112 and 00901 jump high up in the damage\n    estimate, significantly higher than their low designation would have\n    predicted (p=0.054 and p = 0.009 respectively).\n  </Prose>\n</Block>\n\n<Block>\n  <Figure>\n    <Chart\n      dataPath="/charts/story/hurricane-maria-ida-chart3.csv"\n      dateFormat="%m/%Y"\n      idKey="Zip"\n      xKey="Month"\n      yKey="Percentage of Buildings"\n    />\n    <Caption attrAuthor="NASA" attrUrl="https://nasa.gov/">\n      Tarps as a percentage of the total buildings in the aftermath of Hurricane\n      Ida\n    </Caption>\n  </Figure>\n</Block>\n\n<Block>\n  <Figure>\n    <Chart\n      dataPath="/charts/story/hurricane-maria-ida-chart4.csv"\n      dateFormat="%m/%Y"\n      idKey="Zip"\n      xKey="Month"\n      yKey="Percentage of Buildings"\n    />\n    <Caption attrAuthor="NASA" attrUrl="https://nasa.gov/">\n      Tarps as a percentage of the total buildings in the aftermath of Hurricane\n      Maria\n    </Caption>\n  </Figure>\n</Block>\n\n<Block>\n  <Prose>\n    ## Findings and Future Avenues of Research\n\n    The ability to detect blue tarp counts for the entirety of a zip code from satellite imagery holds the possibility of surfacing areas of relatively severe damage that may be obscured in ground-level observations. In both these zip codes the small absolute number of damaged buildings and significantly lower building footprint densities (i.e., 761.49/sq. km. in 70112 (p=0.0119) and 713.16/ sq. km. in 00901 (p=0.008)), may have caused these communities to be overlooked by on-the-ground coverage of the storm damage. However, as a percentage of total buildings, the damage sustained in both these zip codes was significantly underestimated by on-the-ground reports when compared to the highest ranked zip codes in medium damage estimate groupings (p=0.012 for 70112 and p=0.004 for 00901).\n\n    These findings have potential environmental justice implications as zip code 70112 and 00901 share similar demographic profiles. Both zip codes are minority majority. The median household income for zip code 70112 is $20,457, and for 00901 it is $14,720 (65.7% and 47.3% the national median respectively). Both zip codes contain a higher than average population density:\n    * 70112 contains 3,655 residents in a land area of 2.26 square kilometers (an effective density of 4,255/sq. mile).\n    * 00901 contains 7,080 residents in a land area of 2.54 square kilometers (7,217/sq. mile).\n\n    Both zip codes have indicators that suggest a high degree of multifamily housing. In zip code 70112, 2,563 housing units exist within 1,720 building footprints for an average ratio of 1.49 units per building. There are 4,990 housing units among the 1,810 building footprints in zip code 00901 for an average ratio of 2.76 units per building. In terms of population density, zip code 70112 has a ratio of 2.13 residents per building footprint, and zip code 00901 has 3.91 residents per building footprint. It follows from these residential densities that the number of people directly affected by even an apparently low number of damaged buildings (in terms of raw counts) is not insignificant.\n\n    The environmental justice implications of being able to more quickly identify overlooked storm-damaged communities is considerable. Further research in this area can establish how satellite-based detections can inform and enhance disaster recovery efforts, especially in vulnerable communities.\n\n  </Prose>\n</Block>\n\n<Block>\n  <Prose>\n    ## Credits and Sources\n    - Black Marble data courtesy of [Universities Space Research Association (USRA) Earth from Space Institute (EfSI)](https://www.usra.edu/efsi-our-mission) and NASA Goddard Space Flight Centers [Terrestrial Information Systems\n    - Laboratory](https://science.gsfc.nasa.gov/earth/terrestrialinfo/) using VIIRS day-night band data from the Suomi National Polar-orbiting Partnership and Landsat-8 Operational Land Imager (OLI) data from the U.S. Geological Survey\n    - Citation for HLS data set: Claverie, M., Ju, J., Masek, J. G., Dungan, J. L., Vermote, E. F., Roger, J.-C., Skakun, S. V., & Justice, C. (2018). The Harmonized Landsat and Sentinel-2 surface reflectance data set. Remote Sensing of Environment, 219, 145-161.\n    - Masek, J., Ju, J., Roger, J., Skakun, S., Vermote, E., Claverie, M., Dungan, J., Yin, Z., Freitag, B., Justice, C. (2021). HLS Sentinel-2 Multi-spectral Instrument Surface Reflectance Daily Global 30m v2.0 [Data set]. NASA EOSDIS Land Processes DAAC. Accessed 2022-06-16 from https://doi.org/10.5067/HLS/HLSS30.002\n    - Masek, J., Ju, J., Roger, J., Skakun, S., Vermote, E., Claverie, M., Dungan, J., Yin, Z., Freitag, B., Justice, C. (2021). HLS Operational Land Imager Surface Reflectance and TOA Brightness Daily Global 30m v2.0 [Data set]. NASA EOSDIS Land Processes DAAC. Accessed 2022-06-16 from https://doi.org/10.5067/HLS/HLSL30.002\n    - [https://www.wdsu.com/article/parish-to-parish-the-latest-on-what-we-know-ten-days-post-ida/37511472#](https://www.wdsu.com/article/parish-to-parish-the-latest-on-what-we-know-ten-days-post-ida/37511472#)\n    - [https://www.nola.com/news/hurricane/article_bb0c2268-2144-11ec-8dce-672b7a624bed.html](https://www.nola.com/news/hurricane/article_bb0c2268-2144-11ec-8dce-672b7a624bed.html)\n    - [https://www.nola.com/multimedia/photos/collection_59f4a7f4-0973-11ec-b836-cfb3d4ff5589.html#20](https://www.nola.com/multimedia/photos/collection_59f4a7f4-0973-11ec-b836-cfb3d4ff5589.html#20)\n    - [https://www.nola.com/news/hurricane/article_ef41b052-0998-11ec-9c32-97779ca0847b.html](https://www.nola.com/news/hurricane/article_ef41b052-0998-11ec-9c32-97779ca0847b.html)\n    - [https://www.diva-portal.org/smash/record.jsf?pid=diva2%3A1084218&dswid=9465](https://www.diva-portal.org/smash/record.jsf?pid=diva2%3A1084218&dswid=9465)\n    - [https://digitalscholarship.tsu.edu/jpmsp/vol22/iss2/5/](https://digitalscholarship.tsu.edu/jpmsp/vol22/iss2/5/)\n    - [https://www.unitedstateszipcodes.org/70112/](https://www.unitedstateszipcodes.org/70112/)\n    - [https://www.unitedstateszipcodes.org/00901/](https://www.unitedstateszipcodes.org/00901/)\n\n  </Prose>\n</Block> 
4	\n<style>{`\n  .hurricane-tables {\n    display: flex;\n    gap: 2rem\n  }\n  .hurricane-tables thead th,\n  .hurricane-tables tbody td {\n    text-align: center;\n  }\n  .high-val {\n    background: #F0DADE;\n  }\n  .mid-val {\n    background: #FAF4E1;\n  }\n  .low-val {\n    background: #E2EFE6;\n  }\n  @media only screen and (max-width: 544px) {\n    .hurricane-tables {\n      flex-flow: column;\n    }\n  }\n`}</style>\n\n<Block>\n  <Prose>\n    ## Connecting Disaster Recovery with Environmental Justice: Hurricane Mara\n\n    Hurricane Mara made landfall in Puerto Rico as a Category 4 or 5 hurricane on September 20, 2017, leaving a path of destruction in its wake. [Over 1.5 million people on the island lost power, leading to the longest blackout in US history](https://journals.plos.org/plosone/article?id=10.1371/journal.pone.0218883). Although efforts to repair the damage on the island were extensive, the [areas with the most severe and prolonged impacts were areas of lower socioeconomic status](https://journals.plos.org/plosone/article?id=10.1371/journal.pone.0218883). These communities lacked the resources and the representation to repair damage quickly, leading to long-term lack of access to electricity, water, and other critical supplies.\n\n    NASA hosts a wide variety of continuous Earth observation data useful in environmental justice research. This dashboard features a selection of NASA datasets from across the Agency, including socioeconomic data, Earth observation analysis, and other combined datasets. These tools allow users to visualize and download data to understand the environmental issues brought on by Hurricane Mara. Merging Earth data and socioeconomic data can help communities like those in Puerto Rico to better prepare for and respond to future natural disasters.\n\n    ## Connecting Disaster Recovery with Environmental Justice: Hurricane Ida\n\n    Known as the city that can barely catch its breath between storms, New Orleans experienced another devastating event on August 29, 2021 as Hurricane Ida made landfall as a Category 4 hurricane. The effects of the storm were widespread, causing millions of dollars worth of damage and affecting the lives and homes of millions of people.\n\n    [Disadvantaged communities](https://www.nature.com/articles/d41586-021-02520-8) in Louisiana and across the country already struggle with higher rates of asthma, cancer, and COVID-19 infections. These communities are often hardest-hit by storms like Ida. Research has shown that disadvantaged communities often receive less federal aid than other communities, only prolonging their hardships. NASA is prioritizing open access to environmental justice data such as the datasets in this dashboard in an effort to help communities better prepare for and respond to natural disasters and to help shed light on cases of environmental injustice.\n\n  </Prose>\n</Block>\n\n<Block type='full'>\n  <Prose>\n    ### Night Light Detection\n\n    **Shining Light on the Aftermath of Hurricanes**\n\n    30-meter resolution Black Marble HD nighttime lights were visualized for New Orleans, LA and Puerto Rico to highlight the impacts and recovery from the landfalls of Hurricane Ida and Hurricane Maria respectively. For each natural disaster, there is a pre-, during-, and post-event image for baseline comparisons. Within the night lights data layer, brighter areas indicate locations with higher light emissions. The observation data captures how the intensity and distribution of night lights changed during the recovery efforts.\n\n    **Additional Resources**\n\n    * [Explore the Missions](https://blackmarble.gsfc.nasa.gov/)\n    * [Nighlights Show Slow Recovery from Maria](https://www.earthobservatory.nasa.gov/images/144371/night-lights-show-slow-recovery-from-maria)\n    * [Satellite Observes Power Outages in New Orleans](https://earthobservatory.nasa.gov/images/148777/satellite-observes-power-outages-in-new-orleans)\n\n  </Prose>\n  <Figure>\n    <Map\n      datasetId='nighttime-lights-ej'\n      layerId='nightlights-hd-1band'\n      zoom={9}\n      center={[-66.45,18.22]}\n      dateTime='2017-07-21'\n      compareDateTime='2017-09-20'\n    />\n    <Caption \n      attrAuthor='NASA' \n      attrUrl='https://nasa.gov/'\n    >\n      Comparison of nightlights data for Puerto Rico pre-landfall (17 July 2017) and post-landfall (20 September 2017) for Hurricane Maria.\n    </Caption> \n  </Figure>\n</Block>\n\n<Block type='full'>\n  <Figure>\n    <Map\n      datasetId='hls_events'\n      layerId='hls-l30-002-ej'\n      dateTime='2017-08-25'\n      zoom={11}\n      center={[-65.97,18.41]}\n      compareDateTime='2017-09-26'\n    />\n    <Caption\n      attrAuthor='NASA'\n      attrUrl='https://nasa.gov/'\n    >\n      Harmonized Landsat 8 SWIR image provides enhanced contrast to detect flood extent in Puerto Rico before and after Hurricane Maria in 2017.\n    </Caption>\n  </Figure>\n  <Prose>\n    ### Flood Detection\n\n    **Watching the Waters Recede**\n    Harmonized Landsat Sentinel-2 (HLS) imagery shows the impact of flooding for Hurricanes Maria and Ida. This data supports disaster recovery and associated environmental justice issues as the degree and extent of flooding can be monitored in support of recovery efforts. The imagery displayed is a shortwave infrared (SWIR) false color composite that provides enhanced contrast to detect flood extent. In SWIR false color composite imagery, water is identified by dark blue colors, vegetation is bright green, clouds are white, and ice is blue.\n\n    **Additional Resources**\n    [HLSL30 Dataset Landing Page](https://lpdaac.usgs.gov/products/hlsl30v002/)\n    [HLSS30 Dataset Landing Page](https://lpdaac.usgs.gov/products/hlss30v002/)\n    [HLS Webinar with LPDAAC](https://www.youtube.com/watch?v=N2S4KGNo_XY)\n\n  </Prose>\n</Block>\n\n<Block type='full'>\n  <Prose>\n    ### Blue Tarp Detection\n\n    **Overview**\n\n    The Interagency Implementation and Advanced Concepts Team (IMPACT), based at NASAs Marshall Space Flight Center in Huntsville, Alabama, undertook an experimental study to determine if the application of artificial intelligence to NASA satellite images could accurately detect the number of blue tarps deployed on rooftops in the aftermath of hurricanes such as Mara and Ida as a way of predicting the relative severity of damage experienced by the respective local communities. Correlating these detections over time by zip codes and cross-referencing socio-economic data (such as that contained in the Visualization, Exploration, and Data Analysis (VEDA) dashboard), relationships between socio-economic factors and disaster recovery can be identified.\n\n  </Prose>\n  <Figure>\n    <Map\n      datasetId="ps_blue_tarp_detections"\n      layerId="blue-tarp-planetscope"\n      zoom={17}\n      dateTime="2022-02-12"\n      compareDateTime="2022-02-12"\n      center={[-90.0613, 29.914]}\n    />\n    <Caption attrAuthor="NASA" attrUrl="https://nasa.gov/">\n      Blue tarp detections in Jefferson Parish, LA on February 12, 2022.\n    </Caption>\n  </Figure>\n</Block>\n\n<Block>\n  <Prose>\n\n    ## Approach\n\n    The IMPACT machine learning team identified the bounding boxes for the New Orleans and San Juan regions. They ordered PlanetScope 3 band data from Planet Labs for dates before and after both hurricanes made landfall. They then combined all scenes available for the respective regions for each date. The scenes were segmented using shapefiles for each zip code in the metro areas. In the next step, the team used [US Building Footprints](https://github.com/microsoft/USBuildingFootprints) by Microsoft to limit the detections to just buildings and reduce false positives. A threshold for the color blue was defined and used to segment out blue pixels detected within the building footprints segmentations. For each of the above dates, the model counted the detection of blue pixelated building segments (interpreted to be blue tarps) in each zip code.\n\n    ## "The Ground Truth"\n\n    In order to establish an external benchmark, the team gathered local news reports published in the immediate aftermath of both Hurricane Ida and Hurricane Mara that included reports of damage. The news reports were grouped by the zip codes of the locations mentioned. Each reported zip code was then assigned an estimated level of damage severity. The damage experienced in a zip code was considered as:\n    * low impact (L) if the reported damages were minor (e.g. dangling boards or tree debris);\n    * medium impact (M) if the damages were significant but did not lead to complete loss of structures; or\n    * high impact (H) if the damages were severe and led to complete loss of structures.\n\n    <Figure style={{ display: 'block' }}>\n      <div className='hurricane-tables'>\n        <table>\n          <thead>\n            <tr>\n              <th colSpan="2">Hurricane Ida</th>\n            </tr>\n            <tr>\n              <th>Estimated Damage</th>\n              <th>Zip</th>\n            </tr>\n          </thead>\n          <tbody>\n            <tr>\n              <td className='high-val'>H</td>\n              <td>70001</td>\n            </tr>\n            <tr>\n              <td className='high-val'>H</td>\n              <td>70003</td>\n            </tr>\n            <tr>\n              <td className='high-val'>H</td>\n              <td>70094</td>\n            </tr>\n            <tr>\n              <td className='low-val'>L</td>\n              <td>70112</td>\n            </tr>\n            <tr>\n              <td className='mid-val'>M</td>\n              <td>70113</td>\n            </tr>\n            <tr>\n              <td className='high-val'>H</td>\n              <td>70114</td>\n            </tr>\n            <tr>\n              <td className='mid-val'>M</td>\n              <td>70117</td>\n            </tr>\n            <tr>\n              <td className='mid-val'>M</td>\n              <td>70119</td>\n            </tr>\n            <tr>\n              <td className='low-val'>L</td>\n              <td>70130</td>\n            </tr>\n          </tbody>\n        </table>\n\n        <table>\n          <thead>\n            <tr>\n              <th colSpan="2">Hurricane Mara</th>\n            </tr>\n            <tr>\n              <th>Estimated Damage</th>\n              <th>Zip</th>\n            </tr>\n          </thead>\n          <tbody>\n            <tr>\n              <td className='low-val'>L</td>\n              <td>00901</td>\n            </tr>\n            <tr>\n              <td className='low-val'>L</td>\n              <td>00911</td>\n            </tr>\n            <tr>\n              <td className='mid-val'>M</td>\n              <td>00912</td>\n            </tr>\n            <tr>\n              <td className='high-val'>H</td>\n              <td>00915</td>\n            </tr>\n            <tr>\n              <td className='mid-val'>M</td>\n              <td>00918</td>\n            </tr>\n            <tr>\n              <td className='mid-val'>M</td>\n              <td>00920</td>\n            </tr>\n            <tr>\n              <td className='high-val'>H</td>\n              <td>00956</td>\n            </tr>\n            <tr>\n              <td className='high-val'>H</td>\n              <td>00962</td>\n            </tr>\n            <tr>\n              <td className='mid-val'>M</td>\n              <td>00979</td>\n            </tr>\n          </tbody>\n        </table>\n      </div>\n      <Caption>\n        Estimated damage by zip code\n      </Caption>\n    </Figure>\n\n    A statistical analysis of the rankings demonstrates a high degree of correlation between the maximum number of detected blue tarp counts in each zip code and the level of estimated damage. The three instances where the order of rows should have been reversed, the difference in the blue tarp counts between each pair was not significant:\n\n    * 70114(H) with 70119(M) p=0.177;\n    * 70113(M) with 70130(L) p=0.452;\n    * 00912(M) with 00901(L) p=0.478.\n\n    Overall the number of detected blue tarps corresponded with the estimated amount of damage experienced by each zip code based on ground-level reports.\n\n    <Figure style={{ display: 'block' }}>\n      <div className='hurricane-tables'>\n        <table>\n          <thead>\n            <tr>\n              <th colSpan="3">Hurricane Ida</th>\n            </tr>\n            <tr>\n              <th>Estimated Damage</th>\n              <th>Zip</th>\n              <th>Max. Tarps</th>\n            </tr>\n          </thead>\n          <tbody>\n            <tr>\n              <td className='high-val'>H</td>\n              <td>70003</td>\n              <td>2112</td>\n            </tr>\n            <tr>\n              <td className='high-val'>H</td>\n              <td>70094</td>\n              <td>2068</td>\n            </tr>\n            <tr>\n              <td className='high-val'>H</td>\n              <td>70001</td>\n              <td>1066</td>\n            </tr>\n            <tr>\n              <td className='mid-val'>M</td>\n              <td>70119</td>\n              <td>883</td>\n            </tr>\n            <tr>\n              <td className='high-val'>H</td>\n              <td>70114</td>\n              <td>632</td>\n            </tr>\n            <tr>\n              <td className='mid-val'>M</td>\n              <td>70117</td>\n              <td>543</td>\n            </tr>\n            <tr>\n              <td className='low-val'>L</td>\n              <td>70130</td>\n              <td>213</td>\n            </tr>\n            <tr>\n              <td className='mid-val'>M</td>\n              <td>70113</td>\n              <td>181</td>\n            </tr>\n            <tr>\n              <td className='low-val'>L</td>\n              <td>70112</td>\n              <td>102</td>\n            </tr>\n          </tbody>\n        </table>\n\n        <table>\n          <thead>\n            <tr>\n              <th colSpan="3">Hurricane Mara</th>\n            </tr>\n            <tr>\n              <th>Estimated Damage</th>\n              <th>Zip</th>\n              <th>Max. Tarps</th>\n            </tr>\n          </thead>\n          <tbody>\n            <tr>\n              <td className='high-val'>H</td>\n              <td>00915</td>\n              <td>308</td>\n            </tr>\n            <tr>\n              <td className='high-val'>H</td>\n              <td>00962</td>\n              <td>242</td>\n            </tr>\n            <tr>\n              <td className='high-val'>H</td>\n              <td>00956</td>\n              <td>240</td>\n            </tr>\n            <tr>\n              <td className='mid-val'>M</td>\n              <td>00979</td>\n              <td>137</td>\n            </tr>\n            <tr>\n              <td className='mid-val'>M</td>\n              <td>00920</td>\n              <td>110</td>\n            </tr>\n            <tr>\n              <td className='mid-val'>M</td>\n              <td>00918</td>\n              <td>88</td>\n            </tr>\n            <tr>\n              <td className='low-val'>L</td>\n              <td>00901</td>\n              <td>42</td>\n            </tr>\n            <tr>\n              <td className='mid-val'>M</td>\n              <td>00912</td>\n              <td>40</td>\n            </tr>\n            <tr>\n              <td className='low-val'>L</td>\n              <td>00911</td>\n              <td>23</td>\n            </tr>\n          </tbody>\n        </table>\n      </div>\n      <Caption>\n        Estimated damage based on number of tarps detected\n      </Caption>\n    </Figure>\n  </Prose>\n</Block>\n\n<Block>\n  <Prose>\n    However, when analyzing detected blue tarps as a percentage of total building footprints in each zip code, a similar pattern emerges that suggests the on-the-ground observations and damage assessments do not necessarily capture the complete picture.\n    \n    The graphs show a zip code in each of the areas affected by the hurricanes that were estimated as having sustained a low degree of storm damage: 70112 in New Orleans and 00901 in San Juan. As noted previously, in line with the on-the-ground reports, both rank low on the graphs showing the number of blue tarps detected.\n  </Prose>\n\n  <Figure>\n    <Chart\n      dataPath="/charts/story/hurricane-maria-ida-chart1.csv"\n      dateFormat="%m/%Y" \n      idKey='Zip' \n      xKey='Month' \n      yKey='Number of Tarps' \n    />\n    <Caption \n      attrAuthor='NASA' \n      attrUrl='https://nasa.gov/'\n    >\n      Number of tarps detected in the aftermath of Hurricane Ida\n    </Caption> \n  </Figure>\n</Block>\n\n<Block>\n  <Figure>\n    <Chart\n      dataPath="/charts/story/hurricane-maria-ida-chart2.csv"\n      dateFormat="%m/%Y"\n      idKey="Zip"\n      xKey="Month"\n      yKey="Number of Tarps"\n    />\n    <Caption attrAuthor="NASA" attrUrl="https://nasa.gov/">\n      Number of tarps detected in the aftermath of Hurricane Maria\n    </Caption>\n  </Figure>\n  <Prose>\n    When the zip codes are analyzed in terms of the number of detected blue\n    tarps as a percentage of the total building footprints, a pattern emerges in\n    each of the affected areas. Both 70112 and 00901 jump high up in the damage\n    estimate, significantly higher than their low designation would have\n    predicted (p=0.054 and p = 0.009 respectively).\n  </Prose>\n</Block>\n\n<Block>\n  <Figure>\n    <Chart\n      dataPath="/charts/story/hurricane-maria-ida-chart3.csv"\n      dateFormat="%m/%Y"\n      idKey="Zip"\n      xKey="Month"\n      yKey="Percentage of Buildings"\n    />\n    <Caption attrAuthor="NASA" attrUrl="https://nasa.gov/">\n      Tarps as a percentage of the total buildings in the aftermath of Hurricane\n      Ida\n    </Caption>\n  </Figure>\n</Block>\n\n<Block>\n  <Figure>\n    <Chart\n      dataPath="/charts/story/hurricane-maria-ida-chart4.csv"\n      dateFormat="%m/%Y"\n      idKey="Zip"\n      xKey="Month"\n      yKey="Percentage of Buildings"\n    />\n    <Caption attrAuthor="NASA" attrUrl="https://nasa.gov/">\n      Tarps as a percentage of the total buildings in the aftermath of Hurricane\n      Maria\n    </Caption>\n  </Figure>\n</Block>\n\n<Block>\n  <Prose>\n    ## Findings and Future Avenues of Research\n\n    The ability to detect blue tarp counts for the entirety of a zip code from satellite imagery holds the possibility of surfacing areas of relatively severe damage that may be obscured in ground-level observations. In both these zip codes the small absolute number of damaged buildings and significantly lower building footprint densities (i.e., 761.49/sq. km. in 70112 (p=0.0119) and 713.16/ sq. km. in 00901 (p=0.008)), may have caused these communities to be overlooked by on-the-ground coverage of the storm damage. However, as a percentage of total buildings, the damage sustained in both these zip codes was significantly underestimated by on-the-ground reports when compared to the highest ranked zip codes in medium damage estimate groupings (p=0.012 for 70112 and p=0.004 for 00901).\n\n    These findings have potential environmental justice implications as zip code 70112 and 00901 share similar demographic profiles. Both zip codes are minority majority. The median household income for zip code 70112 is $20,457, and for 00901 it is $14,720 (65.7% and 47.3% the national median respectively). Both zip codes contain a higher than average population density:\n    * 70112 contains 3,655 residents in a land area of 2.26 square kilometers (an effective density of 4,255/sq. mile).\n    * 00901 contains 7,080 residents in a land area of 2.54 square kilometers (7,217/sq. mile).\n\n    Both zip codes have indicators that suggest a high degree of multifamily housing. In zip code 70112, 2,563 housing units exist within 1,720 building footprints for an average ratio of 1.49 units per building. There are 4,990 housing units among the 1,810 building footprints in zip code 00901 for an average ratio of 2.76 units per building. In terms of population density, zip code 70112 has a ratio of 2.13 residents per building footprint, and zip code 00901 has 3.91 residents per building footprint. It follows from these residential densities that the number of people directly affected by even an apparently low number of damaged buildings (in terms of raw counts) is not insignificant.\n\n    The environmental justice implications of being able to more quickly identify overlooked storm-damaged communities is considerable. Further research in this area can establish how satellite-based detections can inform and enhance disaster recovery efforts, especially in vulnerable communities.\n\n  </Prose>\n</Block>\n\n<Block>\n  <Prose>\n    ## Credits and Sources\n    - Black Marble data courtesy of [Universities Space Research Association (USRA) Earth from Space Institute (EfSI)](https://www.usra.edu/efsi-our-mission) and NASA Goddard Space Flight Centers [Terrestrial Information Systems\n    - Laboratory](https://science.gsfc.nasa.gov/earth/terrestrialinfo/) using VIIRS day-night band data from the Suomi National Polar-orbiting Partnership and Landsat-8 Operational Land Imager (OLI) data from the U.S. Geological Survey\n    - Citation for HLS data set: Claverie, M., Ju, J., Masek, J. G., Dungan, J. L., Vermote, E. F., Roger, J.-C., Skakun, S. V., & Justice, C. (2018). The Harmonized Landsat and Sentinel-2 surface reflectance data set. Remote Sensing of Environment, 219, 145-161.\n    - Masek, J., Ju, J., Roger, J., Skakun, S., Vermote, E., Claverie, M., Dungan, J., Yin, Z., Freitag, B., Justice, C. (2021). HLS Sentinel-2 Multi-spectral Instrument Surface Reflectance Daily Global 30m v2.0 [Data set]. NASA EOSDIS Land Processes DAAC. Accessed 2022-06-16 from https://doi.org/10.5067/HLS/HLSS30.002\n    - Masek, J., Ju, J., Roger, J., Skakun, S., Vermote, E., Claverie, M., Dungan, J., Yin, Z., Freitag, B., Justice, C. (2021). HLS Operational Land Imager Surface Reflectance and TOA Brightness Daily Global 30m v2.0 [Data set]. NASA EOSDIS Land Processes DAAC. Accessed 2022-06-16 from https://doi.org/10.5067/HLS/HLSL30.002\n    - [https://www.wdsu.com/article/parish-to-parish-the-latest-on-what-we-know-ten-days-post-ida/37511472#](https://www.wdsu.com/article/parish-to-parish-the-latest-on-what-we-know-ten-days-post-ida/37511472#)\n    - [https://www.nola.com/news/hurricane/article_bb0c2268-2144-11ec-8dce-672b7a624bed.html](https://www.nola.com/news/hurricane/article_bb0c2268-2144-11ec-8dce-672b7a624bed.html)\n    - [https://www.nola.com/multimedia/photos/collection_59f4a7f4-0973-11ec-b836-cfb3d4ff5589.html#20](https://www.nola.com/multimedia/photos/collection_59f4a7f4-0973-11ec-b836-cfb3d4ff5589.html#20)\n    - [https://www.nola.com/news/hurricane/article_ef41b052-0998-11ec-9c32-97779ca0847b.html](https://www.nola.com/news/hurricane/article_ef41b052-0998-11ec-9c32-97779ca0847b.html)\n    - [https://www.diva-portal.org/smash/record.jsf?pid=diva2%3A1084218&dswid=9465](https://www.diva-portal.org/smash/record.jsf?pid=diva2%3A1084218&dswid=9465)\n    - [https://digitalscholarship.tsu.edu/jpmsp/vol22/iss2/5/](https://digitalscholarship.tsu.edu/jpmsp/vol22/iss2/5/)\n    - [https://www.unitedstateszipcodes.org/70112/](https://www.unitedstateszipcodes.org/70112/)\n    - [https://www.unitedstateszipcodes.org/00901/](https://www.unitedstateszipcodes.org/00901/)\n\n  </Prose>\n</Block> 
\.


--
-- Data for Name: components_shared_line_graphs; Type: TABLE DATA; Schema: public; Owner: postgres
--

COPY public.components_shared_line_graphs (id, date_format, id_key, x_key, y_key) FROM stdin;
1	MM/YYY	Zip	Month	Number of Tarps
6	MM/YYY	Zip	Month	Number of Tarps
\.


--
-- Data for Name: components_shared_line_graphs_cmps; Type: TABLE DATA; Schema: public; Owner: postgres
--

COPY public.components_shared_line_graphs_cmps (id, entity_id, cmp_id, component_type, field, "order") FROM stdin;
1	1	1	shared.caption	Attribution	\N
10	6	10	shared.caption	Attribution	\N
\.


--
-- Data for Name: components_shared_maps; Type: TABLE DATA; Schema: public; Owner: postgres
--

COPY public.components_shared_maps (id, zoom, date_time, compare_date_time, center, layer_id, dataset_id) FROM stdin;
1	11.00	2017-08-25	2017-09-25	[-65.97, 18.41]	hls-l30-002-ej	hls_events
5	11.00	2017-08-25	2017-09-25	[-65.97, 18.41]	hls-l30-002-ej	hls_events
\.


--
-- Data for Name: components_shared_maps_cmps; Type: TABLE DATA; Schema: public; Owner: postgres
--

COPY public.components_shared_maps_cmps (id, entity_id, cmp_id, component_type, field, "order") FROM stdin;
1	1	3	shared.caption	Caption	\N
8	5	11	shared.caption	Caption	\N
\.


--
-- Data for Name: components_shared_mdx_blocks; Type: TABLE DATA; Schema: public; Owner: postgres
--

COPY public.components_shared_mdx_blocks (id, markdown) FROM stdin;
\.


--
-- Data for Name: components_shared_media; Type: TABLE DATA; Schema: public; Owner: postgres
--

COPY public.components_shared_media (id) FROM stdin;
1
8
\.


--
-- Data for Name: components_shared_quotes; Type: TABLE DATA; Schema: public; Owner: postgres
--

COPY public.components_shared_quotes (id, title, body) FROM stdin;
\.


--
-- Data for Name: components_shared_rich_texts; Type: TABLE DATA; Schema: public; Owner: postgres
--

COPY public.components_shared_rich_texts (id, body) FROM stdin;
3	<ScrollytellingBlock>\n  <Chapter\n    center={[0, 0]}\n    zoom={2}\n    datasetId='no2'\n    layerId='no2-monthly-diff'\n    datetime='2021-03-01'\n  >\n    ## Going through changes\n    When governments began implementing shutdowns at the start of the COVID-19 pandemic, scientists wondered how the atmosphere would respond to the sudden change in human behavior.\n  </Chapter>\n  <Chapter\n    center={[-83.0059, 34.3382]}\n    zoom={4.5}\n    datasetId='no2'\n    layerId='no2-monthly-diff'\n    datetime='2020-03-01'\n  >\n    With people largely confined to their homes to slow the spread of the novel coronavirus, scientists expected there were likely to be fewer cars, planes, and ships burning and emitting fossil fuels.\n  </Chapter>\n  <Chapter\n    center={[117.5001, 28.7899]}\n    zoom={4}\n    datasetId='no2'\n    layerId='no2-monthly-diff'\n    datetime='2020-03-01'\n  >\n    As the pandemic has progressed, these scenarios have largely played out: during the strictest lockdown periods, locations around the world experienced substantial reductions in transportation-related fossil fuel emissions. The impacts on specific air pollutants have been varied and dependent on their lifespan in the atmosphere.\n  </Chapter>\n  <Chapter\n    center={[6.7151, 47.3183]}\n    zoom={4}\n    datasetId='no2'\n    layerId='no2-monthly-diff'\n    datetime='2020-03-01'\n  >\n    Those pollutants with short lifespans, such as nitrogen dioxide (NO2), decreased dramatically and quickly along with emissions.\n  </Chapter>\n  <Chapter\n    center={[0, 0]}\n    zoom={2}\n    datasetId='no2'\n    layerId='no2-monthly-diff'\n    datetime='2021-03-01'\n  >\n    Today, air quality levels are beginning to approach pre-pandemic levels, and scientists are just beginning to dive into the new measurements collected throughout this unprecedented time.\n  </Chapter>\n  <Chapter\n    center={[-74.0236, 40.7234]}\n    zoom={12}\n    showBaseMap={true}\n  >\n    ## What Makes Air Quality Good or Bad?\n\n    Cities are easy to spot from space. Choose any large, urban area around the world, and youre likely to see similar things: dense population centers, complex webs of highways and, more often than not, smog.\n  </Chapter>\n  <Chapter\n    center={[116.2573785, 39.9387995]}\n    zoom={11}\n    showBaseMap={true}\n  >\n    Smog is the hazy curtain of air that often hangs over cities. It occurs when nitrogen dioxide produced from fossil fuel emissions from gasoline in cars or coal in powerplants chemically reacts with sunlight and other pollutants like carbon monoxide (CO). Thick smog is harmful to breathe and can significantly reduce visibility.\n  </Chapter>\n  <Chapter\n    center={[-118.2797798, 33.8236594]}\n    zoom={10}\n    showBaseMap={true}\n  >\n    During lockdowns, satellites observed sharp reductions in nitrogen dioxide emissions in cities around the world, and smog began to vanish. Skies were bluer, air was cleaner, and, in some places, views previously obscured by air pollution were suddenly revealed.\n  </Chapter>\n  <Chapter\n    center={[-118.2797798, 33.8236594]}\n    zoom={10}\n    datasetId='no2'\n    layerId='no2-monthly-diff'\n    datetime='2021-03-01'\n  >\n    In Los Angeles, NASA scientists detected that nitrogen dioxide levels fell by more than 30% during the height of COVID-related shutdowns. Other large cities around the world experienced similar reductions.\n  </Chapter>\n  <Chapter\n    center={[119.7456, 36.3007]}\n    zoom={5.5}\n    datasetId='no2'\n    layerId='no2-monthly-diff'\n    datetime='2021-03-01'\n  >\n    ## Cities Experiencing Clearer Air During Lockdowns\n\n    When Chinese authorities suspended travel and closed businesses in late January 2020 in response to the novel coronavirus, Beijings local nitrogen dioxide levels fell dramatically. In February 2020, concentrations fell by nearly 30% compared to the previous five-year average.\n  </Chapter>\n  <Chapter\n    center={[-77.0436, -12.0366]}\n    zoom={7.25}\n    datasetId='no2'\n    layerId='no2-monthly-diff'\n    datetime='2021-03-01'\n  >\n    Cities across South America experienced similar declines in nitrogen dioxide. Lima, Peru had some of the most substantial reductions, with nitrogen dioxide levels falling approximately 70% below normal levels.\n  </Chapter>\n  <Chapter\n    center={[0, 0]}\n    zoom={2}\n    datasetId='no2'\n    layerId='no2-monthly-diff'\n    datetime='2021-03-01'\n  >\n    ## Like Flipping a Switch: Lockdowns and NO2\n\n    Nitrogen dioxide is only one component of air quality: sulfur dioxide (SO2), ozone (O3), formaldehyde (CH2O), and carbon monoxide, along with a host of other atmospheric constituents, also influence the quality of the air we breathe. The difference in nitrogen dioxide is that it has a relatively short lifetime in the atmosphere; once its emitted, it only lasts a few hours before it disappears.\n    \n    Therefore, once communities entered shutdowns, and peoples mobility was severely restricted, the effect on nitrogen dioxide concentrations was the equivalent of flipping a switch. That is not, however, the case with all air pollutants.\n  </Chapter>\n  <Chapter\n    center={[1.2918, 53.0754]}\n    zoom={3.25}\n    datasetId='no2'\n    layerId='no2-monthly'\n    datetime='2019-01-01'\n  >\n    ## Seasonal Changes in NO2\n\n    Even with the strong correlation between nitrogen dioxide and the combustion of fossil fuels, atmospheric concentrations of nitrogen dioxide naturally fluctuate throughout the year, and weather patterns also influence its concentrations.\n  </Chapter>\n  <Chapter\n    center={[1.2918, 53.0754]}\n    zoom={3.25}\n    datasetId='no2'\n    layerId='no2-monthly'\n    datetime='2019-06-01'\n  >\n    For example, nitrogen dioxide typically falls dramatically during spring and summer months, and rain and wind increase its dispersion, lowering local concentrations. During the COVID-19 pandemic, NASA scientists have been able to attribute the observed changes in nitrogen dioxide to changes in our behavior, and they have been careful to account for any impacts on air pollution that are the result of natural weather variations.\n  </Chapter>\n  <Chapter\n    center={[0, 0]}\n    zoom={2}\n    datasetId='no2'\n    layerId='no2-monthly'\n    datetime='2019-06-01'\n  >\n    ## Seeing Air Pollution from Space\n\n    NASA has used the [Ozone Monitoring Instrument (OMI)](https://aura.gsfc.nasa.gov/omi.html "Explore the OMI product") aboard the Aura satellite to observe global nitrogen dioxide levels since 2004. A joint endeavor between NASA, the Royal Netherlands Meteorological Institute (KNMI) and the Finnish Meteorological Institute (FMI), OMI's longer data record provides important context with which to compare any changes observed during the pandemic.\n    \n    NASA scientists are also leveraging other space-based instruments from international partners to study changes in nitrogen dioxide during the pandemic. These include the [TROPOspheric Monitoring Instrument (TROPOMI)](http://www.tropomi.eu/ "Explore the TROPOMI product") aboard the European Commissions Copernicus Sentinel-5P satellite. Launched in 2016, TROPOMI provides higher resolution observations than OMI.\n  </Chapter>\n  <Chapter\n    center={[-117.9304, 33.7801]}\n    zoom={9}\n    datasetId='nighttime-lights'\n    layerId='nightlights-hd-monthly'\n    datetime='2020-02-01'\n  >\n    ## Reinforcing Measurements: Nighttime Lights\n\n    Changes in nighttime lights during the pandemic can also be tied to changes in nitrogen dioxide levels if the data are properly processed and interpreted. This is because nitrogen dioxide is primarily emitted from burning fossil fuels, and highways light up on nighttime satellite imagery when vehicles are present. \n    \n    Here we see the illuminated web of highways connecting the Los Angeles metropolitan region.\n  \n    Researchers are using night light observations to track variations in energy use, migration, and transportation in response to social distancing and shutdown measures during the pandemic.\n  </Chapter>\n  <Chapter\n    center={[-117.9304, 33.7801]}\n    zoom={9}\n    datasetId='nighttime-lights'\n    layerId='nightlights-hd-monthly'\n    datetime='2020-02-01'\n  >\n    These data, collected by the [Visible Infrared Imaging Radiometer Suite (VIIRS)](https://www.jpss.noaa.gov/viirs.html "Explore the VIIRS product") instrument aboard the joint NASA-National Oceanic and Atmospheric Administration (NOAA) Suomi-National Polar-orbiting Partnership (NPP) satellite, correlate with changes seen in car traffic on the ground  and, therefore, nitrogen dioxide reductions.\n\n    While this research is still ongoing, the 31% reduction in nitrogen dioxide levels in Los Angeles during the height of pandemic-related lockdowns compared to recent years seems to correspond with a 15% reduction in nighttime lights over highways during the same period.\n  </Chapter>\n</ScrollytellingBlock>\n\n<Block type='full'>\n  <Prose>\n    ## Measuring Air Pollution on the Ground at Airports\n    New research during the pandemic is also looking at how COVID-related travel bans are impacting air quality around airports. Current conditions create a unique opportunity to study airport-related pollutants, especially nitrogen dioxide and formaldehyde. While travel bans and strict regulations around air travel have been in place, air traffic has yet to return to previous levels, and many planes remain grounded.\n  </Prose>\n  <Figure>\n    <Map\n      datasetId='no2'\n      layerId='no2-monthly'\n      center={[-84.39, 33.75]}\n      zoom={9.5}\n      dateTime='2019-04-01'\n      compareDateTime='2020-04-01'\n    />\n    <Caption \n      attrAuthor='NASA' \n      attrUrl='https://nasa.gov/'\n    >\n      Levels in 10 molecules cm. Darker colors indicate higher nitrogen dioxide (NO) levels associated and more activity. Lighter colors indicate lower levels of NO and less activity.\n    </Caption> \n  </Figure>\n</Block>\n\n<Block type='full'>\n  <Figure>\n    <Map\n      datasetId='no2'\n      layerId='no2-monthly'\n      center={[-84.39, 33.75]}\n      zoom={9.5}\n      dateTime='2019-06-01'\n      compareDateTime='2020-06-01'\n    />\n    <Caption \n      attrAuthor='NASA' \n      attrUrl='https://nasa.gov/'\n    >\n      Levels in 10 molecules cm. Darker colors indicate higher nitrogen dioxide (NO) levels associated and more activity. Lighter colors indicate lower levels of NO and less activity.\n    </Caption> \n  </Figure>\n  <Prose>\n    They are comparing the on-the-ground sensor information from NASA's [Pandora Project](https://pandora.gsfc.nasa.gov/ "Explore the Pandora Project") with satellite information from TROPOMI. So far, they have found that nitrogen dioxide hotspots in Atlanta shifted from the airport, shown here, to the city center from April-June 2020.\n  </Prose>\n</Block>\n\n<Block type='full'>\n  <Prose>\n    By September, however, satellites revealed the airport had reemerged as a dominant nitrogen dioxide emission source.\n  </Prose>\n  <Figure>\n    <Map\n      datasetId='no2'\n      layerId='no2-monthly'\n      center={[-84.39, 33.75]}\n      zoom={9.5}\n      dateTime='2019-09-01'\n      compareDateTime='2020-09-01'\n    />\n    <Caption \n      attrAuthor='NASA' \n      attrUrl='https://nasa.gov/'\n    >\n      Levels in 10 molecules cm. Darker colors indicate higher nitrogen dioxide (NO) levels associated and more activity. Lighter colors indicate lower levels of NO and less activity.\n    </Caption> \n  </Figure>\n</Block>\n\n<Block type='full'>\n  <Figure>\n    <Map\n      datasetId='no2'\n      layerId='no2-monthly'\n      center={[120.11, 34.95]}\n      zoom={4.5}\n      dateTime='2020-02-01'\n      compareDateTime='2022-02-01'\n    />\n    <Caption \n      attrAuthor='NASA' \n      attrUrl='https://nasa.gov/'\n    >\n      Levels in 10 molecules cm. Darker colors indicate higher nitrogen dioxide (NO) levels associated and more activity. Lighter colors indicate lower levels of NO and less activity.\n    </Caption> \n  </Figure>\n  <Prose>\n    ## Seeing Rebounds in NO2\n  \n    After the initial shock of COVID-related shutdowns in the spring, communities worldwide began to reopen and gradually increase mobility. Cars returned to the road, and travel restrictions slowly eased. These resumptions corresponded with relative increases in nitrogen dioxide levels and other air pollutants, as air quality levels began to return to pre-pandemic levels.\n    \n    This demonstrates how quickly atmospheric nitrogen dioxide responds to reductions in emissions. They will persist as long as emissions persist and decline rapidly if emissions are reduced.\n    \n    NASA scientists will continue to monitor nitrogen dioxide levels and long-term trends around the world. NASA is expected to launch its [Tropospheric Emissions: Monitoring of Pollution (TEMPO)](http://tempo.si.edu/overview.html "Explore the TEMPO instrument") instrument in 2022, which will provide hourly, high-resolution measurements of nitrogen dioxide, ozone, and other air pollutants across North America, improving future air quality forecasts.\n    \n    <Link href='/stories/climate-and-covid'>Explore How COVID-19 Is Affecting Earth's Climate</Link>\n  </Prose>\n</Block>
9	<ScrollytellingBlock>\n  <Chapter\n    center={[0, 0]}\n    zoom={2}\n    datasetId='no2'\n    layerId='no2-monthly-diff'\n    datetime='2021-03-01'\n  >\n    ## Going through changes\n    When governments began implementing shutdowns at the start of the COVID-19 pandemic, scientists wondered how the atmosphere would respond to the sudden change in human behavior.\n  </Chapter>\n  <Chapter\n    center={[-83.0059, 34.3382]}\n    zoom={4.5}\n    datasetId='no2'\n    layerId='no2-monthly-diff'\n    datetime='2020-03-01'\n  >\n    With people largely confined to their homes to slow the spread of the novel coronavirus, scientists expected there were likely to be fewer cars, planes, and ships burning and emitting fossil fuels.\n  </Chapter>\n  <Chapter\n    center={[117.5001, 28.7899]}\n    zoom={4}\n    datasetId='no2'\n    layerId='no2-monthly-diff'\n    datetime='2020-03-01'\n  >\n    As the pandemic has progressed, these scenarios have largely played out: during the strictest lockdown periods, locations around the world experienced substantial reductions in transportation-related fossil fuel emissions. The impacts on specific air pollutants have been varied and dependent on their lifespan in the atmosphere.\n  </Chapter>\n  <Chapter\n    center={[6.7151, 47.3183]}\n    zoom={4}\n    datasetId='no2'\n    layerId='no2-monthly-diff'\n    datetime='2020-03-01'\n  >\n    Those pollutants with short lifespans, such as nitrogen dioxide (NO2), decreased dramatically and quickly along with emissions.\n  </Chapter>\n  <Chapter\n    center={[0, 0]}\n    zoom={2}\n    datasetId='no2'\n    layerId='no2-monthly-diff'\n    datetime='2021-03-01'\n  >\n    Today, air quality levels are beginning to approach pre-pandemic levels, and scientists are just beginning to dive into the new measurements collected throughout this unprecedented time.\n  </Chapter>\n  <Chapter\n    center={[-74.0236, 40.7234]}\n    zoom={12}\n    showBaseMap={true}\n  >\n    ## What Makes Air Quality Good or Bad?\n\n    Cities are easy to spot from space. Choose any large, urban area around the world, and youre likely to see similar things: dense population centers, complex webs of highways and, more often than not, smog.\n  </Chapter>\n  <Chapter\n    center={[116.2573785, 39.9387995]}\n    zoom={11}\n    showBaseMap={true}\n  >\n    Smog is the hazy curtain of air that often hangs over cities. It occurs when nitrogen dioxide produced from fossil fuel emissions from gasoline in cars or coal in powerplants chemically reacts with sunlight and other pollutants like carbon monoxide (CO). Thick smog is harmful to breathe and can significantly reduce visibility.\n  </Chapter>\n  <Chapter\n    center={[-118.2797798, 33.8236594]}\n    zoom={10}\n    showBaseMap={true}\n  >\n    During lockdowns, satellites observed sharp reductions in nitrogen dioxide emissions in cities around the world, and smog began to vanish. Skies were bluer, air was cleaner, and, in some places, views previously obscured by air pollution were suddenly revealed.\n  </Chapter>\n  <Chapter\n    center={[-118.2797798, 33.8236594]}\n    zoom={10}\n    datasetId='no2'\n    layerId='no2-monthly-diff'\n    datetime='2021-03-01'\n  >\n    In Los Angeles, NASA scientists detected that nitrogen dioxide levels fell by more than 30% during the height of COVID-related shutdowns. Other large cities around the world experienced similar reductions.\n  </Chapter>\n  <Chapter\n    center={[119.7456, 36.3007]}\n    zoom={5.5}\n    datasetId='no2'\n    layerId='no2-monthly-diff'\n    datetime='2021-03-01'\n  >\n    ## Cities Experiencing Clearer Air During Lockdowns\n\n    When Chinese authorities suspended travel and closed businesses in late January 2020 in response to the novel coronavirus, Beijings local nitrogen dioxide levels fell dramatically. In February 2020, concentrations fell by nearly 30% compared to the previous five-year average.\n  </Chapter>\n  <Chapter\n    center={[-77.0436, -12.0366]}\n    zoom={7.25}\n    datasetId='no2'\n    layerId='no2-monthly-diff'\n    datetime='2021-03-01'\n  >\n    Cities across South America experienced similar declines in nitrogen dioxide. Lima, Peru had some of the most substantial reductions, with nitrogen dioxide levels falling approximately 70% below normal levels.\n  </Chapter>\n  <Chapter\n    center={[0, 0]}\n    zoom={2}\n    datasetId='no2'\n    layerId='no2-monthly-diff'\n    datetime='2021-03-01'\n  >\n    ## Like Flipping a Switch: Lockdowns and NO2\n\n    Nitrogen dioxide is only one component of air quality: sulfur dioxide (SO2), ozone (O3), formaldehyde (CH2O), and carbon monoxide, along with a host of other atmospheric constituents, also influence the quality of the air we breathe. The difference in nitrogen dioxide is that it has a relatively short lifetime in the atmosphere; once its emitted, it only lasts a few hours before it disappears.\n    \n    Therefore, once communities entered shutdowns, and peoples mobility was severely restricted, the effect on nitrogen dioxide concentrations was the equivalent of flipping a switch. That is not, however, the case with all air pollutants.\n  </Chapter>\n  <Chapter\n    center={[1.2918, 53.0754]}\n    zoom={3.25}\n    datasetId='no2'\n    layerId='no2-monthly'\n    datetime='2019-01-01'\n  >\n    ## Seasonal Changes in NO2\n\n    Even with the strong correlation between nitrogen dioxide and the combustion of fossil fuels, atmospheric concentrations of nitrogen dioxide naturally fluctuate throughout the year, and weather patterns also influence its concentrations.\n  </Chapter>\n  <Chapter\n    center={[1.2918, 53.0754]}\n    zoom={3.25}\n    datasetId='no2'\n    layerId='no2-monthly'\n    datetime='2019-06-01'\n  >\n    For example, nitrogen dioxide typically falls dramatically during spring and summer months, and rain and wind increase its dispersion, lowering local concentrations. During the COVID-19 pandemic, NASA scientists have been able to attribute the observed changes in nitrogen dioxide to changes in our behavior, and they have been careful to account for any impacts on air pollution that are the result of natural weather variations.\n  </Chapter>\n  <Chapter\n    center={[0, 0]}\n    zoom={2}\n    datasetId='no2'\n    layerId='no2-monthly'\n    datetime='2019-06-01'\n  >\n    ## Seeing Air Pollution from Space\n\n    NASA has used the [Ozone Monitoring Instrument (OMI)](https://aura.gsfc.nasa.gov/omi.html "Explore the OMI product") aboard the Aura satellite to observe global nitrogen dioxide levels since 2004. A joint endeavor between NASA, the Royal Netherlands Meteorological Institute (KNMI) and the Finnish Meteorological Institute (FMI), OMI's longer data record provides important context with which to compare any changes observed during the pandemic.\n    \n    NASA scientists are also leveraging other space-based instruments from international partners to study changes in nitrogen dioxide during the pandemic. These include the [TROPOspheric Monitoring Instrument (TROPOMI)](http://www.tropomi.eu/ "Explore the TROPOMI product") aboard the European Commissions Copernicus Sentinel-5P satellite. Launched in 2016, TROPOMI provides higher resolution observations than OMI.\n  </Chapter>\n  <Chapter\n    center={[-117.9304, 33.7801]}\n    zoom={9}\n    datasetId='nighttime-lights'\n    layerId='nightlights-hd-monthly'\n    datetime='2020-02-01'\n  >\n    ## Reinforcing Measurements: Nighttime Lights\n\n    Changes in nighttime lights during the pandemic can also be tied to changes in nitrogen dioxide levels if the data are properly processed and interpreted. This is because nitrogen dioxide is primarily emitted from burning fossil fuels, and highways light up on nighttime satellite imagery when vehicles are present. \n    \n    Here we see the illuminated web of highways connecting the Los Angeles metropolitan region.\n  \n    Researchers are using night light observations to track variations in energy use, migration, and transportation in response to social distancing and shutdown measures during the pandemic.\n  </Chapter>\n  <Chapter\n    center={[-117.9304, 33.7801]}\n    zoom={9}\n    datasetId='nighttime-lights'\n    layerId='nightlights-hd-monthly'\n    datetime='2020-02-01'\n  >\n    These data, collected by the [Visible Infrared Imaging Radiometer Suite (VIIRS)](https://www.jpss.noaa.gov/viirs.html "Explore the VIIRS product") instrument aboard the joint NASA-National Oceanic and Atmospheric Administration (NOAA) Suomi-National Polar-orbiting Partnership (NPP) satellite, correlate with changes seen in car traffic on the ground  and, therefore, nitrogen dioxide reductions.\n\n    While this research is still ongoing, the 31% reduction in nitrogen dioxide levels in Los Angeles during the height of pandemic-related lockdowns compared to recent years seems to correspond with a 15% reduction in nighttime lights over highways during the same period.\n  </Chapter>\n</ScrollytellingBlock>\n\n<Block type='full'>\n  <Prose>\n    ## Measuring Air Pollution on the Ground at Airports\n    New research during the pandemic is also looking at how COVID-related travel bans are impacting air quality around airports. Current conditions create a unique opportunity to study airport-related pollutants, especially nitrogen dioxide and formaldehyde. While travel bans and strict regulations around air travel have been in place, air traffic has yet to return to previous levels, and many planes remain grounded.\n  </Prose>\n  <Figure>\n    <Map\n      datasetId='no2'\n      layerId='no2-monthly'\n      center={[-84.39, 33.75]}\n      zoom={9.5}\n      dateTime='2019-04-01'\n      compareDateTime='2020-04-01'\n    />\n    <Caption \n      attrAuthor='NASA' \n      attrUrl='https://nasa.gov/'\n    >\n      Levels in 10 molecules cm. Darker colors indicate higher nitrogen dioxide (NO) levels associated and more activity. Lighter colors indicate lower levels of NO and less activity.\n    </Caption> \n  </Figure>\n</Block>\n\n<Block type='full'>\n  <Figure>\n    <Map\n      datasetId='no2'\n      layerId='no2-monthly'\n      center={[-84.39, 33.75]}\n      zoom={9.5}\n      dateTime='2019-06-01'\n      compareDateTime='2020-06-01'\n    />\n    <Caption \n      attrAuthor='NASA' \n      attrUrl='https://nasa.gov/'\n    >\n      Levels in 10 molecules cm. Darker colors indicate higher nitrogen dioxide (NO) levels associated and more activity. Lighter colors indicate lower levels of NO and less activity.\n    </Caption> \n  </Figure>\n  <Prose>\n    They are comparing the on-the-ground sensor information from NASA's [Pandora Project](https://pandora.gsfc.nasa.gov/ "Explore the Pandora Project") with satellite information from TROPOMI. So far, they have found that nitrogen dioxide hotspots in Atlanta shifted from the airport, shown here, to the city center from April-June 2020.\n  </Prose>\n</Block>\n\n<Block type='full'>\n  <Prose>\n    By September, however, satellites revealed the airport had reemerged as a dominant nitrogen dioxide emission source.\n  </Prose>\n  <Figure>\n    <Map\n      datasetId='no2'\n      layerId='no2-monthly'\n      center={[-84.39, 33.75]}\n      zoom={9.5}\n      dateTime='2019-09-01'\n      compareDateTime='2020-09-01'\n    />\n    <Caption \n      attrAuthor='NASA' \n      attrUrl='https://nasa.gov/'\n    >\n      Levels in 10 molecules cm. Darker colors indicate higher nitrogen dioxide (NO) levels associated and more activity. Lighter colors indicate lower levels of NO and less activity.\n    </Caption> \n  </Figure>\n</Block>\n\n<Block type='full'>\n  <Figure>\n    <Map\n      datasetId='no2'\n      layerId='no2-monthly'\n      center={[120.11, 34.95]}\n      zoom={4.5}\n      dateTime='2020-02-01'\n      compareDateTime='2022-02-01'\n    />\n    <Caption \n      attrAuthor='NASA' \n      attrUrl='https://nasa.gov/'\n    >\n      Levels in 10 molecules cm. Darker colors indicate higher nitrogen dioxide (NO) levels associated and more activity. Lighter colors indicate lower levels of NO and less activity.\n    </Caption> \n  </Figure>\n  <Prose>\n    ## Seeing Rebounds in NO2\n  \n    After the initial shock of COVID-related shutdowns in the spring, communities worldwide began to reopen and gradually increase mobility. Cars returned to the road, and travel restrictions slowly eased. These resumptions corresponded with relative increases in nitrogen dioxide levels and other air pollutants, as air quality levels began to return to pre-pandemic levels.\n    \n    This demonstrates how quickly atmospheric nitrogen dioxide responds to reductions in emissions. They will persist as long as emissions persist and decline rapidly if emissions are reduced.\n    \n    NASA scientists will continue to monitor nitrogen dioxide levels and long-term trends around the world. NASA is expected to launch its [Tropospheric Emissions: Monitoring of Pollution (TEMPO)](http://tempo.si.edu/overview.html "Explore the TEMPO instrument") instrument in 2022, which will provide hourly, high-resolution measurements of nitrogen dioxide, ozone, and other air pollutants across North America, improving future air quality forecasts.\n    \n    <Link href='/stories/climate-and-covid'>Explore How COVID-19 Is Affecting Earth's Climate</Link>\n  </Prose>\n</Block>
13	# test heading\n\nLorem ipsum dolor sit amet, consectetur adipiscing elit. Suspendisse fringilla vulputate pulvinar. Nulla dapibus, quam feugiat egestas vehicula, ipsum odio dignissim turpis, at finibus diam justo eu eros. Class aptent taciti sociosqu ad litora torquent per conubia nostra, per inceptos himenaeos. Aenean ac purus orci. Phasellus vel laoreet nulla. Nullam ac pellentesque purus. In et sem leo. Nullam at commodo turpis. Quisque consectetur molestie ligula, ut consectetur justo accumsan a. Vestibulum id mi arcu. Fusce maximus velit in elementum commodo. Praesent ultricies, ex in dignissim interdum, arcu risus eleifend metus, non tincidunt erat elit eget metus. Curabitur ornare imperdiet velit, ac laoreet massa ultrices nec.\n\n![demo-image](http://localhost:1337/uploads/sebastien_l_KZVN_Zx_I_Drn_M_unsplash_9d2a4cf6fc.jpg)\nNulla pharetra quam non dolor ullamcorper aliquam. Fusce in hendrerit justo. Ut libero nisi, vestibulum non dolor non, tincidunt dictum nisl. Aliquam ex nulla, ullamcorper sed felis at, pellentesque ullamcorper metus. Pellentesque sit amet tortor non tortor mollis consectetur. Praesent ultricies suscipit aliquet. Aliquam erat volutpat. In at ornare nisl, ut scelerisque purus. Ut at dolor sed nisl aliquet volutpat. Cras rutrum justo vel felis condimentum porttitor. Maecenas lacinia metus varius ipsum mattis ullamcorper. Quisque sem tellus, ullamcorper nec ligula at, blandit iaculis enim. Cras at erat pharetra ipsum vestibulum maximus eget in turpis. Nam eros turpis, maximus vel ligula sed, feugiat suscipit nunc. Nam elementum nunc quis eleifend tincidunt.\n\nNam eget eros bibendum, aliquet lacus sit amet, hendrerit ante. Nulla finibus enim eget nulla tempus, quis rutrum neque elementum. Etiam risus leo, condimentum vitae augue vel, iaculis scelerisque urna. Etiam aliquet odio in nisi sodales, vel finibus leo euismod. Nulla posuere placerat tellus, sollicitudin congue est efficitur ac. Nullam nisl eros, hendrerit eu iaculis vel, mattis in leo. Fusce pellentesque turpis dolor, et tincidunt velit sagittis vitae. Maecenas erat lorem, convallis at sollicitudin sit amet, consectetur sodales eros. Nam sed elit non nisi ultricies tincidunt id vitae nulla.\n\nQuisque iaculis dignissim velit quis sodales. Morbi eget sapien molestie, bibendum quam eget, laoreet orci. Proin gravida ut nulla ut blandit. Proin pretium erat a enim consequat scelerisque. Integer laoreet, justo vel cursus pharetra, sem mauris tempus est, ac dignissim lacus lectus auctor urna. Phasellus sollicitudin, augue eget egestas viverra, nisi eros tristique nibh, eget fringilla enim mi eget nisl. Sed vulputate eget nisi eu ultrices. Aenean ullamcorper dapibus nunc sit amet facilisis.\n\nCurabitur maximus ultrices dolor quis hendrerit. Morbi feugiat orci id ipsum cursus gravida. Mauris ac erat iaculis, cursus ipsum vitae, consectetur diam. Phasellus vitae nulla id ligula egestas lacinia. Proin tempus massa elementum nunc pulvinar, ut mattis enim mollis. Nullam consequat, felis a lacinia viverra, est massa ornare erat, et ornare ex sem a est. Morbi feugiat, est eu dapibus maximus, odio nunc mollis risus, nec auctor lacus eros quis tortor. Phasellus posuere odio vitae vehicula faucibus. Nulla tincidunt odio sed turpis vestibulum venenatis.\n\n
24	# test heading\n\nLorem ipsum dolor sit amet, consectetur adipiscing elit. Suspendisse fringilla vulputate pulvinar. Nulla dapibus, quam feugiat egestas vehicula, ipsum odio dignissim turpis, at finibus diam justo eu eros. Class aptent taciti sociosqu ad litora torquent per conubia nostra, per inceptos himenaeos. Aenean ac purus orci. Phasellus vel laoreet nulla. Nullam ac pellentesque purus. In et sem leo. Nullam at commodo turpis. Quisque consectetur molestie ligula, ut consectetur justo accumsan a. Vestibulum id mi arcu. Fusce maximus velit in elementum commodo. Praesent ultricies, ex in dignissim interdum, arcu risus eleifend metus, non tincidunt erat elit eget metus. Curabitur ornare imperdiet velit, ac laoreet massa ultrices nec.\n\n![demo-image](http://localhost:1337/uploads/sebastien_l_KZVN_Zx_I_Drn_M_unsplash_9d2a4cf6fc.jpg)\nNulla pharetra quam non dolor ullamcorper aliquam. Fusce in hendrerit justo. Ut libero nisi, vestibulum non dolor non, tincidunt dictum nisl. Aliquam ex nulla, ullamcorper sed felis at, pellentesque ullamcorper metus. Pellentesque sit amet tortor non tortor mollis consectetur. Praesent ultricies suscipit aliquet. Aliquam erat volutpat. In at ornare nisl, ut scelerisque purus. Ut at dolor sed nisl aliquet volutpat. Cras rutrum justo vel felis condimentum porttitor. Maecenas lacinia metus varius ipsum mattis ullamcorper. Quisque sem tellus, ullamcorper nec ligula at, blandit iaculis enim. Cras at erat pharetra ipsum vestibulum maximus eget in turpis. Nam eros turpis, maximus vel ligula sed, feugiat suscipit nunc. Nam elementum nunc quis eleifend tincidunt.\n\nNam eget eros bibendum, aliquet lacus sit amet, hendrerit ante. Nulla finibus enim eget nulla tempus, quis rutrum neque elementum. Etiam risus leo, condimentum vitae augue vel, iaculis scelerisque urna. Etiam aliquet odio in nisi sodales, vel finibus leo euismod. Nulla posuere placerat tellus, sollicitudin congue est efficitur ac. Nullam nisl eros, hendrerit eu iaculis vel, mattis in leo. Fusce pellentesque turpis dolor, et tincidunt velit sagittis vitae. Maecenas erat lorem, convallis at sollicitudin sit amet, consectetur sodales eros. Nam sed elit non nisi ultricies tincidunt id vitae nulla.\n\nQuisque iaculis dignissim velit quis sodales. Morbi eget sapien molestie, bibendum quam eget, laoreet orci. Proin gravida ut nulla ut blandit. Proin pretium erat a enim consequat scelerisque. Integer laoreet, justo vel cursus pharetra, sem mauris tempus est, ac dignissim lacus lectus auctor urna. Phasellus sollicitudin, augue eget egestas viverra, nisi eros tristique nibh, eget fringilla enim mi eget nisl. Sed vulputate eget nisi eu ultrices. Aenean ullamcorper dapibus nunc sit amet facilisis.\n\nCurabitur maximus ultrices dolor quis hendrerit. Morbi feugiat orci id ipsum cursus gravida. Mauris ac erat iaculis, cursus ipsum vitae, consectetur diam. Phasellus vitae nulla id ligula egestas lacinia. Proin tempus massa elementum nunc pulvinar, ut mattis enim mollis. Nullam consequat, felis a lacinia viverra, est massa ornare erat, et ornare ex sem a est. Morbi feugiat, est eu dapibus maximus, odio nunc mollis risus, nec auctor lacus eros quis tortor. Phasellus posuere odio vitae vehicula faucibus. Nulla tincidunt odio sed turpis vestibulum venenatis.\n\n
\.


--
-- Data for Name: components_shared_seos; Type: TABLE DATA; Schema: public; Owner: postgres
--

COPY public.components_shared_seos (id, meta_title, meta_description) FROM stdin;
\.


--
-- Data for Name: components_shared_side_by_sides; Type: TABLE DATA; Schema: public; Owner: postgres
--

COPY public.components_shared_side_by_sides (id, section_title, body, orientation) FROM stdin;
\.


--
-- Data for Name: components_shared_sliders; Type: TABLE DATA; Schema: public; Owner: postgres
--

COPY public.components_shared_sliders (id) FROM stdin;
\.


--
-- Data for Name: components_shared_tests; Type: TABLE DATA; Schema: public; Owner: postgres
--

COPY public.components_shared_tests (id, test) FROM stdin;
\.


--
-- Data for Name: files; Type: TABLE DATA; Schema: public; Owner: postgres
--

COPY public.files (id, document_id, name, alternative_text, caption, width, height, formats, hash, ext, mime, size, url, preview_url, provider, provider_metadata, folder_path, created_at, updated_at, published_at, created_by_id, updated_by_id, locale) FROM stdin;
1	rj0grn6172igv3rf4620e6cc	air-quality-and-covid-19--discovery-cover.jpg	air quality work	\N	2048	1024	{"large": {"ext": ".jpg", "url": "/uploads/large_air_quality_and_covid_19_discovery_cover_7ed35df383.jpg", "hash": "large_air_quality_and_covid_19_discovery_cover_7ed35df383", "mime": "image/jpeg", "name": "large_air-quality-and-covid-19--discovery-cover.jpg", "path": null, "size": 33.74, "width": 1000, "height": 500, "sizeInBytes": 33741}, "small": {"ext": ".jpg", "url": "/uploads/small_air_quality_and_covid_19_discovery_cover_7ed35df383.jpg", "hash": "small_air_quality_and_covid_19_discovery_cover_7ed35df383", "mime": "image/jpeg", "name": "small_air-quality-and-covid-19--discovery-cover.jpg", "path": null, "size": 10.06, "width": 500, "height": 250, "sizeInBytes": 10059}, "medium": {"ext": ".jpg", "url": "/uploads/medium_air_quality_and_covid_19_discovery_cover_7ed35df383.jpg", "hash": "medium_air_quality_and_covid_19_discovery_cover_7ed35df383", "mime": "image/jpeg", "name": "medium_air-quality-and-covid-19--discovery-cover.jpg", "path": null, "size": 19.7, "width": 750, "height": 375, "sizeInBytes": 19698}, "thumbnail": {"ext": ".jpg", "url": "/uploads/thumbnail_air_quality_and_covid_19_discovery_cover_7ed35df383.jpg", "hash": "thumbnail_air_quality_and_covid_19_discovery_cover_7ed35df383", "mime": "image/jpeg", "name": "thumbnail_air-quality-and-covid-19--discovery-cover.jpg", "path": null, "size": 3.28, "width": 245, "height": 122, "sizeInBytes": 3278}}	air_quality_and_covid_19_discovery_cover_7ed35df383	.jpg	image/jpeg	146.59	/uploads/air_quality_and_covid_19_discovery_cover_7ed35df383.jpg	\N	local	\N	/	2025-03-18 19:20:12.907	2025-03-18 19:20:12.907	2025-03-18 19:20:12.909	1	1	\N
2	v1pwp4du9rjry7r2da4c82lw	ej--discovery-cover.jpeg	hurricane	\N	3360	1928	{"large": {"ext": ".jpeg", "url": "/uploads/large_ej_discovery_cover_4b5ea70e66.jpeg", "hash": "large_ej_discovery_cover_4b5ea70e66", "mime": "image/jpeg", "name": "large_ej--discovery-cover.jpeg", "path": null, "size": 117.1, "width": 1000, "height": 574, "sizeInBytes": 117101}, "small": {"ext": ".jpeg", "url": "/uploads/small_ej_discovery_cover_4b5ea70e66.jpeg", "hash": "small_ej_discovery_cover_4b5ea70e66", "mime": "image/jpeg", "name": "small_ej--discovery-cover.jpeg", "path": null, "size": 33.77, "width": 500, "height": 287, "sizeInBytes": 33769}, "medium": {"ext": ".jpeg", "url": "/uploads/medium_ej_discovery_cover_4b5ea70e66.jpeg", "hash": "medium_ej_discovery_cover_4b5ea70e66", "mime": "image/jpeg", "name": "medium_ej--discovery-cover.jpeg", "path": null, "size": 71.53, "width": 750, "height": 430, "sizeInBytes": 71532}, "thumbnail": {"ext": ".jpeg", "url": "/uploads/thumbnail_ej_discovery_cover_4b5ea70e66.jpeg", "hash": "thumbnail_ej_discovery_cover_4b5ea70e66", "mime": "image/jpeg", "name": "thumbnail_ej--discovery-cover.jpeg", "path": null, "size": 9.07, "width": 245, "height": 141, "sizeInBytes": 9067}}	ej_discovery_cover_4b5ea70e66	.jpeg	image/jpeg	767.97	/uploads/ej_discovery_cover_4b5ea70e66.jpeg	\N	local	\N	/	2025-03-18 19:43:34.023	2025-03-18 19:43:34.023	2025-03-18 19:43:34.024	1	1	\N
4	qrzstqsa5755p7gtzl5djpz6	leonard-cotte-R5scocnOOdM-unsplash.jpg	demo image	\N	5520	3905	{"large": {"ext": ".jpg", "url": "/uploads/large_leonard_cotte_R5scocn_O_Od_M_unsplash_458fd11498.jpg", "hash": "large_leonard_cotte_R5scocn_O_Od_M_unsplash_458fd11498", "mime": "image/jpeg", "name": "large_leonard-cotte-R5scocnOOdM-unsplash.jpg", "path": null, "size": 128.84, "width": 1000, "height": 707, "sizeInBytes": 128840}, "small": {"ext": ".jpg", "url": "/uploads/small_leonard_cotte_R5scocn_O_Od_M_unsplash_458fd11498.jpg", "hash": "small_leonard_cotte_R5scocn_O_Od_M_unsplash_458fd11498", "mime": "image/jpeg", "name": "small_leonard-cotte-R5scocnOOdM-unsplash.jpg", "path": null, "size": 38.7, "width": 500, "height": 354, "sizeInBytes": 38698}, "medium": {"ext": ".jpg", "url": "/uploads/medium_leonard_cotte_R5scocn_O_Od_M_unsplash_458fd11498.jpg", "hash": "medium_leonard_cotte_R5scocn_O_Od_M_unsplash_458fd11498", "mime": "image/jpeg", "name": "medium_leonard-cotte-R5scocnOOdM-unsplash.jpg", "path": null, "size": 79.35, "width": 750, "height": 530, "sizeInBytes": 79350}, "thumbnail": {"ext": ".jpg", "url": "/uploads/thumbnail_leonard_cotte_R5scocn_O_Od_M_unsplash_458fd11498.jpg", "hash": "thumbnail_leonard_cotte_R5scocn_O_Od_M_unsplash_458fd11498", "mime": "image/jpeg", "name": "thumbnail_leonard-cotte-R5scocnOOdM-unsplash.jpg", "path": null, "size": 9.43, "width": 221, "height": 156, "sizeInBytes": 9429}}	leonard_cotte_R5scocn_O_Od_M_unsplash_458fd11498	.jpg	image/jpeg	3344.13	/uploads/leonard_cotte_R5scocn_O_Od_M_unsplash_458fd11498.jpg	\N	local	\N	/	2025-03-18 21:36:51.424	2025-03-18 21:36:51.424	2025-03-18 21:36:51.425	1	1	\N
5	mh2t18eafg4wz14tua1ovp98	hurricane-maria-ida-chart1.csv	csv of hurricane data	\N	\N	\N	\N	hurricane_maria_ida_chart1_ba13818f5b	.csv	text/csv	0.98	/uploads/hurricane_maria_ida_chart1_ba13818f5b.csv	\N	local	\N	/	2025-03-19 14:54:51.177	2025-03-19 14:54:51.177	2025-03-19 14:54:51.182	1	1	\N
3	uqxjee4itp75nypqhjojcl8h	sebastien-l-KZVNZxIDrnM-unsplash.jpg	demo-image	\N	640	960	{"small": {"ext": ".jpg", "url": "/uploads/small_sebastien_l_KZVN_Zx_I_Drn_M_unsplash_9d2a4cf6fc.jpg", "hash": "small_sebastien_l_KZVN_Zx_I_Drn_M_unsplash_9d2a4cf6fc", "mime": "image/jpeg", "name": "small_sebastien-l-KZVNZxIDrnM-unsplash.jpg", "path": null, "size": 30.44, "width": 333, "height": 500, "sizeInBytes": 30441}, "medium": {"ext": ".jpg", "url": "/uploads/medium_sebastien_l_KZVN_Zx_I_Drn_M_unsplash_9d2a4cf6fc.jpg", "hash": "medium_sebastien_l_KZVN_Zx_I_Drn_M_unsplash_9d2a4cf6fc", "mime": "image/jpeg", "name": "medium_sebastien-l-KZVNZxIDrnM-unsplash.jpg", "path": null, "size": 60.65, "width": 500, "height": 750, "sizeInBytes": 60651}, "thumbnail": {"ext": ".jpg", "url": "/uploads/thumbnail_sebastien_l_KZVN_Zx_I_Drn_M_unsplash_9d2a4cf6fc.jpg", "hash": "thumbnail_sebastien_l_KZVN_Zx_I_Drn_M_unsplash_9d2a4cf6fc", "mime": "image/jpeg", "name": "thumbnail_sebastien-l-KZVNZxIDrnM-unsplash.jpg", "path": null, "size": 4.64, "width": 104, "height": 156, "sizeInBytes": 4641}}	sebastien_l_KZVN_Zx_I_Drn_M_unsplash_9d2a4cf6fc	.jpg	image/jpeg	92.05	/uploads/sebastien_l_KZVN_Zx_I_Drn_M_unsplash_9d2a4cf6fc.jpg	\N	local	\N	/	2025-03-18 21:31:34.325	2025-03-19 18:25:15.609	2025-03-18 21:31:34.327	1	1	\N
\.


--
-- Data for Name: files_folder_lnk; Type: TABLE DATA; Schema: public; Owner: postgres
--

COPY public.files_folder_lnk (id, file_id, folder_id, file_ord) FROM stdin;
\.


--
-- Data for Name: files_related_mph; Type: TABLE DATA; Schema: public; Owner: postgres
--

COPY public.files_related_mph (id, file_id, related_id, related_type, field, "order") FROM stdin;
74	3	1	shared.media	file	1
75	5	1	shared.line-graph	dataPath	1
76	4	13	api::article.article	cover	1
77	3	8	shared.media	file	1
78	5	6	shared.line-graph	dataPath	1
79	4	28	api::article.article	cover	1
24	1	1	api::article.article	cover	1
25	1	12	api::article.article	cover	1
40	2	8	api::article.article	cover	1
41	2	21	api::article.article	cover	1
\.


--
-- Data for Name: globals; Type: TABLE DATA; Schema: public; Owner: postgres
--

COPY public.globals (id, document_id, site_name, site_description, created_at, updated_at, published_at, created_by_id, updated_by_id, locale) FROM stdin;
\.


--
-- Data for Name: globals_cmps; Type: TABLE DATA; Schema: public; Owner: postgres
--

COPY public.globals_cmps (id, entity_id, cmp_id, component_type, field, "order") FROM stdin;
\.


--
-- Data for Name: i18n_locale; Type: TABLE DATA; Schema: public; Owner: postgres
--

COPY public.i18n_locale (id, document_id, name, code, created_at, updated_at, published_at, created_by_id, updated_by_id, locale) FROM stdin;
1	ohb4f2clqfpmeefby0k0e1cl	English (en)	en	2025-03-18 19:10:01.571	2025-03-18 19:10:01.571	2025-03-18 19:10:01.572	\N	\N	\N
\.


--
-- Data for Name: strapi_api_token_permissions; Type: TABLE DATA; Schema: public; Owner: postgres
--

COPY public.strapi_api_token_permissions (id, document_id, action, created_at, updated_at, published_at, created_by_id, updated_by_id, locale) FROM stdin;
\.


--
-- Data for Name: strapi_api_token_permissions_token_lnk; Type: TABLE DATA; Schema: public; Owner: postgres
--

COPY public.strapi_api_token_permissions_token_lnk (id, api_token_permission_id, api_token_id, api_token_permission_ord) FROM stdin;
\.


--
-- Data for Name: strapi_api_tokens; Type: TABLE DATA; Schema: public; Owner: postgres
--

COPY public.strapi_api_tokens (id, document_id, name, description, type, access_key, last_used_at, expires_at, lifespan, created_at, updated_at, published_at, created_by_id, updated_by_id, locale) FROM stdin;
1	i8w0b40inrv7mxjoxzjswleo	Read Only	A default API token with read-only permissions, only used for accessing resources	read-only	6a88ed23a64b0d914e4c17f508bec3f45003728af1e668aa06ea13ffa45deabacd929740f83b2c6ab9a4d280af0b2f220ccb13d56d01a808e74ba5de3a2e010d	\N	\N	\N	2025-03-18 19:10:02.168	2025-03-18 19:10:02.168	2025-03-18 19:10:02.168	\N	\N	\N
2	h4owhp1wyg8vhu3a3e3xwbc5	Full Access	A default API token with full access permissions, used for accessing or modifying resources	full-access	76dbd6f3d157c600e6b7acb1fbe3384d080e6d76cecc257e546941338637ea12543302576f812beef77661f0ff3b3c238c950d741386e936c931d2c3c0e72844	\N	\N	\N	2025-03-18 19:10:02.176	2025-03-18 16:49:46.066	2025-03-18 19:10:02.176	\N	\N	\N
\.


--
-- Data for Name: strapi_core_store_settings; Type: TABLE DATA; Schema: public; Owner: postgres
--

COPY public.strapi_core_store_settings (id, key, value, type, environment, tag) FROM stdin;
41	plugin_content_manager_configuration_components::shared.custom-mdx-block	{"settings":{"bulkable":true,"filterable":true,"searchable":true,"pageSize":10,"mainField":"id","defaultSortBy":"id","defaultSortOrder":"ASC"},"metadatas":{"id":{"edit":{},"list":{"label":"id","searchable":false,"sortable":false}},"customMDX":{"edit":{"label":"customMDX","description":"","placeholder":"","visible":true,"editable":true},"list":{"label":"customMDX","searchable":false,"sortable":false}}},"layouts":{"list":["id"],"edit":[[{"name":"customMDX","size":12}]]},"uid":"shared.custom-mdx-block","isComponent":true}	object	\N	\N
44	plugin_content_manager_configuration_components::shared.map	{"settings":{"bulkable":true,"filterable":true,"searchable":true,"pageSize":10,"mainField":"id","defaultSortBy":"id","defaultSortOrder":"ASC"},"metadatas":{"id":{"edit":{},"list":{"label":"id","searchable":false,"sortable":false}},"Zoom":{"edit":{"label":"Zoom","description":"","placeholder":"","visible":true,"editable":true},"list":{"label":"Zoom","searchable":true,"sortable":true}},"dateTime":{"edit":{"label":"dateTime","description":"","placeholder":"","visible":true,"editable":true},"list":{"label":"dateTime","searchable":true,"sortable":true}},"compareDateTime":{"edit":{"label":"compareDateTime","description":"","placeholder":"","visible":true,"editable":true},"list":{"label":"compareDateTime","searchable":true,"sortable":true}},"center":{"edit":{"label":"center","description":"","placeholder":"","visible":true,"editable":true},"list":{"label":"center","searchable":false,"sortable":false}},"layerId":{"edit":{"label":"layerId","description":"","placeholder":"","visible":true,"editable":true},"list":{"label":"layerId","searchable":true,"sortable":true}},"datasetId":{"edit":{"label":"datasetId","description":"","placeholder":"","visible":true,"editable":true},"list":{"label":"datasetId","searchable":true,"sortable":true}},"Caption":{"edit":{"label":"Caption","description":"","placeholder":"","visible":true,"editable":true},"list":{"label":"Caption","searchable":false,"sortable":false}}},"layouts":{"list":["id","Zoom","dateTime","compareDateTime"],"edit":[[{"name":"Zoom","size":4},{"name":"dateTime","size":4},{"name":"compareDateTime","size":4}],[{"name":"center","size":12}],[{"name":"layerId","size":6},{"name":"datasetId","size":6}],[{"name":"Caption","size":12}]]},"uid":"shared.map","isComponent":true}	object	\N	\N
9	plugin_content_manager_configuration_components::shared.rich-text	{"settings":{"bulkable":true,"filterable":true,"searchable":true,"pageSize":10,"mainField":"id","defaultSortBy":"id","defaultSortOrder":"ASC"},"metadatas":{"id":{"edit":{},"list":{"label":"id","searchable":false,"sortable":false}},"body":{"edit":{"label":"body","description":"","placeholder":"","visible":true,"editable":true},"list":{"label":"body","searchable":false,"sortable":false}}},"layouts":{"list":["id"],"edit":[[{"name":"body","size":12}]]},"uid":"shared.rich-text","isComponent":true}	object	\N	\N
6	plugin_content_manager_configuration_components::shared.media	{"settings":{"bulkable":true,"filterable":true,"searchable":true,"pageSize":10,"mainField":"id","defaultSortBy":"id","defaultSortOrder":"ASC"},"metadatas":{"id":{"edit":{},"list":{"label":"id","searchable":false,"sortable":false}},"file":{"edit":{"label":"file","description":"","placeholder":"","visible":true,"editable":true},"list":{"label":"file","searchable":false,"sortable":false}}},"layouts":{"list":["id","file"],"edit":[[{"name":"file","size":6}]]},"uid":"shared.media","isComponent":true}	object	\N	\N
14	plugin_content_manager_configuration_content_types::api::article.article	{"settings":{"bulkable":true,"filterable":true,"searchable":true,"pageSize":10,"mainField":"name","defaultSortBy":"name","defaultSortOrder":"ASC"},"metadatas":{"id":{"edit":{},"list":{"label":"id","searchable":true,"sortable":true}},"name":{"edit":{"label":"name","description":"","placeholder":"","visible":true,"editable":true},"list":{"label":"name","searchable":true,"sortable":true}},"description":{"edit":{"label":"description","description":"","placeholder":"","visible":true,"editable":true},"list":{"label":"description","searchable":true,"sortable":true}},"slug":{"edit":{"label":"slug","description":"","placeholder":"","visible":true,"editable":true},"list":{"label":"slug","searchable":true,"sortable":true}},"cover":{"edit":{"label":"cover","description":"","placeholder":"","visible":true,"editable":true},"list":{"label":"cover","searchable":false,"sortable":false}},"blocks":{"edit":{"label":"blocks","description":"","placeholder":"","visible":true,"editable":true},"list":{"label":"blocks","searchable":false,"sortable":false}},"publishDate":{"edit":{"label":"publishDate","description":"","placeholder":"","visible":true,"editable":true},"list":{"label":"publishDate","searchable":true,"sortable":true}},"Taxonomy":{"edit":{"label":"Taxonomy","description":"","placeholder":"","visible":true,"editable":true},"list":{"label":"Taxonomy","searchable":true,"sortable":true}},"createdAt":{"edit":{"label":"createdAt","description":"","placeholder":"","visible":false,"editable":true},"list":{"label":"createdAt","searchable":true,"sortable":true}},"updatedAt":{"edit":{"label":"updatedAt","description":"","placeholder":"","visible":false,"editable":true},"list":{"label":"updatedAt","searchable":true,"sortable":true}},"createdBy":{"edit":{"label":"createdBy","description":"","placeholder":"","visible":false,"editable":true,"mainField":"firstname"},"list":{"label":"createdBy","searchable":true,"sortable":true}},"updatedBy":{"edit":{"label":"updatedBy","description":"","placeholder":"","visible":false,"editable":true,"mainField":"firstname"},"list":{"label":"updatedBy","searchable":true,"sortable":true}}},"layouts":{"edit":[[{"name":"slug","size":6}],[{"name":"publishDate","size":4}],[{"name":"Taxonomy","size":6}],[{"name":"cover","size":6}],[{"name":"name","size":6}],[{"name":"description","size":6}],[{"name":"blocks","size":12}]],"list":["id","name","description","slug"]},"uid":"api::article.article"}	object	\N	\N
19	plugin_content_manager_configuration_content_types::admin::role	{"settings":{"bulkable":true,"filterable":true,"searchable":true,"pageSize":10,"mainField":"name","defaultSortBy":"name","defaultSortOrder":"ASC"},"metadatas":{"id":{"edit":{},"list":{"label":"id","searchable":true,"sortable":true}},"name":{"edit":{"label":"name","description":"","placeholder":"","visible":true,"editable":true},"list":{"label":"name","searchable":true,"sortable":true}},"code":{"edit":{"label":"code","description":"","placeholder":"","visible":true,"editable":true},"list":{"label":"code","searchable":true,"sortable":true}},"description":{"edit":{"label":"description","description":"","placeholder":"","visible":true,"editable":true},"list":{"label":"description","searchable":true,"sortable":true}},"users":{"edit":{"label":"users","description":"","placeholder":"","visible":true,"editable":true,"mainField":"firstname"},"list":{"label":"users","searchable":false,"sortable":false}},"permissions":{"edit":{"label":"permissions","description":"","placeholder":"","visible":true,"editable":true,"mainField":"action"},"list":{"label":"permissions","searchable":false,"sortable":false}},"createdAt":{"edit":{"label":"createdAt","description":"","placeholder":"","visible":false,"editable":true},"list":{"label":"createdAt","searchable":true,"sortable":true}},"updatedAt":{"edit":{"label":"updatedAt","description":"","placeholder":"","visible":false,"editable":true},"list":{"label":"updatedAt","searchable":true,"sortable":true}},"createdBy":{"edit":{"label":"createdBy","description":"","placeholder":"","visible":false,"editable":true,"mainField":"firstname"},"list":{"label":"createdBy","searchable":true,"sortable":true}},"updatedBy":{"edit":{"label":"updatedBy","description":"","placeholder":"","visible":false,"editable":true,"mainField":"firstname"},"list":{"label":"updatedBy","searchable":true,"sortable":true}}},"layouts":{"list":["id","name","code","description"],"edit":[[{"name":"name","size":6},{"name":"code","size":6}],[{"name":"description","size":6},{"name":"users","size":6}],[{"name":"permissions","size":6}]]},"uid":"admin::role"}	object	\N	\N
21	plugin_content_manager_configuration_content_types::admin::transfer-token-permission	{"settings":{"bulkable":true,"filterable":true,"searchable":true,"pageSize":10,"mainField":"action","defaultSortBy":"action","defaultSortOrder":"ASC"},"metadatas":{"id":{"edit":{},"list":{"label":"id","searchable":true,"sortable":true}},"action":{"edit":{"label":"action","description":"","placeholder":"","visible":true,"editable":true},"list":{"label":"action","searchable":true,"sortable":true}},"token":{"edit":{"label":"token","description":"","placeholder":"","visible":true,"editable":true,"mainField":"name"},"list":{"label":"token","searchable":true,"sortable":true}},"createdAt":{"edit":{"label":"createdAt","description":"","placeholder":"","visible":false,"editable":true},"list":{"label":"createdAt","searchable":true,"sortable":true}},"updatedAt":{"edit":{"label":"updatedAt","description":"","placeholder":"","visible":false,"editable":true},"list":{"label":"updatedAt","searchable":true,"sortable":true}},"createdBy":{"edit":{"label":"createdBy","description":"","placeholder":"","visible":false,"editable":true,"mainField":"firstname"},"list":{"label":"createdBy","searchable":true,"sortable":true}},"updatedBy":{"edit":{"label":"updatedBy","description":"","placeholder":"","visible":false,"editable":true,"mainField":"firstname"},"list":{"label":"updatedBy","searchable":true,"sortable":true}}},"layouts":{"list":["id","action","token","createdAt"],"edit":[[{"name":"action","size":6},{"name":"token","size":6}]]},"uid":"admin::transfer-token-permission"}	object	\N	\N
23	plugin_content_manager_configuration_content_types::admin::api-token-permission	{"settings":{"bulkable":true,"filterable":true,"searchable":true,"pageSize":10,"mainField":"action","defaultSortBy":"action","defaultSortOrder":"ASC"},"metadatas":{"id":{"edit":{},"list":{"label":"id","searchable":true,"sortable":true}},"action":{"edit":{"label":"action","description":"","placeholder":"","visible":true,"editable":true},"list":{"label":"action","searchable":true,"sortable":true}},"token":{"edit":{"label":"token","description":"","placeholder":"","visible":true,"editable":true,"mainField":"name"},"list":{"label":"token","searchable":true,"sortable":true}},"createdAt":{"edit":{"label":"createdAt","description":"","placeholder":"","visible":false,"editable":true},"list":{"label":"createdAt","searchable":true,"sortable":true}},"updatedAt":{"edit":{"label":"updatedAt","description":"","placeholder":"","visible":false,"editable":true},"list":{"label":"updatedAt","searchable":true,"sortable":true}},"createdBy":{"edit":{"label":"createdBy","description":"","placeholder":"","visible":false,"editable":true,"mainField":"firstname"},"list":{"label":"createdBy","searchable":true,"sortable":true}},"updatedBy":{"edit":{"label":"updatedBy","description":"","placeholder":"","visible":false,"editable":true,"mainField":"firstname"},"list":{"label":"updatedBy","searchable":true,"sortable":true}}},"layouts":{"list":["id","action","token","createdAt"],"edit":[[{"name":"action","size":6},{"name":"token","size":6}]]},"uid":"admin::api-token-permission"}	object	\N	\N
12	plugin_content_manager_configuration_content_types::api::global.global	{"settings":{"bulkable":true,"filterable":true,"searchable":true,"pageSize":10,"mainField":"siteName","defaultSortBy":"siteName","defaultSortOrder":"ASC"},"metadatas":{"id":{"edit":{},"list":{"label":"id","searchable":true,"sortable":true}},"siteName":{"edit":{"label":"siteName","description":"","placeholder":"","visible":true,"editable":true},"list":{"label":"siteName","searchable":true,"sortable":true}},"favicon":{"edit":{"label":"favicon","description":"","placeholder":"","visible":true,"editable":true},"list":{"label":"favicon","searchable":false,"sortable":false}},"siteDescription":{"edit":{"label":"siteDescription","description":"","placeholder":"","visible":true,"editable":true},"list":{"label":"siteDescription","searchable":true,"sortable":true}},"defaultSeo":{"edit":{"label":"defaultSeo","description":"","placeholder":"","visible":true,"editable":true},"list":{"label":"defaultSeo","searchable":false,"sortable":false}},"createdAt":{"edit":{"label":"createdAt","description":"","placeholder":"","visible":false,"editable":true},"list":{"label":"createdAt","searchable":true,"sortable":true}},"updatedAt":{"edit":{"label":"updatedAt","description":"","placeholder":"","visible":false,"editable":true},"list":{"label":"updatedAt","searchable":true,"sortable":true}},"createdBy":{"edit":{"label":"createdBy","description":"","placeholder":"","visible":false,"editable":true,"mainField":"firstname"},"list":{"label":"createdBy","searchable":true,"sortable":true}},"updatedBy":{"edit":{"label":"updatedBy","description":"","placeholder":"","visible":false,"editable":true,"mainField":"firstname"},"list":{"label":"updatedBy","searchable":true,"sortable":true}}},"layouts":{"list":["id","siteName","favicon","siteDescription"],"edit":[[{"name":"siteName","size":6},{"name":"favicon","size":6}],[{"name":"siteDescription","size":6}],[{"name":"defaultSeo","size":12}]]},"uid":"api::global.global"}	object	\N	\N
13	plugin_content_manager_configuration_content_types::plugin::review-workflows.workflow-stage	{"settings":{"bulkable":true,"filterable":true,"searchable":true,"pageSize":10,"mainField":"name","defaultSortBy":"name","defaultSortOrder":"ASC"},"metadatas":{"id":{"edit":{},"list":{"label":"id","searchable":true,"sortable":true}},"name":{"edit":{"label":"name","description":"","placeholder":"","visible":true,"editable":true},"list":{"label":"name","searchable":true,"sortable":true}},"color":{"edit":{"label":"color","description":"","placeholder":"","visible":true,"editable":true},"list":{"label":"color","searchable":true,"sortable":true}},"workflow":{"edit":{"label":"workflow","description":"","placeholder":"","visible":true,"editable":true,"mainField":"name"},"list":{"label":"workflow","searchable":true,"sortable":true}},"permissions":{"edit":{"label":"permissions","description":"","placeholder":"","visible":true,"editable":true,"mainField":"action"},"list":{"label":"permissions","searchable":false,"sortable":false}},"createdAt":{"edit":{"label":"createdAt","description":"","placeholder":"","visible":false,"editable":true},"list":{"label":"createdAt","searchable":true,"sortable":true}},"updatedAt":{"edit":{"label":"updatedAt","description":"","placeholder":"","visible":false,"editable":true},"list":{"label":"updatedAt","searchable":true,"sortable":true}},"createdBy":{"edit":{"label":"createdBy","description":"","placeholder":"","visible":false,"editable":true,"mainField":"firstname"},"list":{"label":"createdBy","searchable":true,"sortable":true}},"updatedBy":{"edit":{"label":"updatedBy","description":"","placeholder":"","visible":false,"editable":true,"mainField":"firstname"},"list":{"label":"updatedBy","searchable":true,"sortable":true}}},"layouts":{"list":["id","name","color","workflow"],"edit":[[{"name":"name","size":6},{"name":"color","size":6}],[{"name":"workflow","size":6},{"name":"permissions","size":6}]]},"uid":"plugin::review-workflows.workflow-stage"}	object	\N	\N
36	plugin_i18n_default_locale	"en"	string	\N	\N
37	plugin_users-permissions_grant	{"email":{"icon":"envelope","enabled":true},"discord":{"icon":"discord","enabled":false,"key":"","secret":"","callbackUrl":"api/auth/discord/callback","scope":["identify","email"]},"facebook":{"icon":"facebook-square","enabled":false,"key":"","secret":"","callbackUrl":"api/auth/facebook/callback","scope":["email"]},"google":{"icon":"google","enabled":false,"key":"","secret":"","callbackUrl":"api/auth/google/callback","scope":["email"]},"github":{"icon":"github","enabled":false,"key":"","secret":"","callbackUrl":"api/auth/github/callback","scope":["user","user:email"]},"microsoft":{"icon":"windows","enabled":false,"key":"","secret":"","callbackUrl":"api/auth/microsoft/callback","scope":["user.read"]},"twitter":{"icon":"twitter","enabled":false,"key":"","secret":"","callbackUrl":"api/auth/twitter/callback"},"instagram":{"icon":"instagram","enabled":false,"key":"","secret":"","callbackUrl":"api/auth/instagram/callback","scope":["user_profile"]},"vk":{"icon":"vk","enabled":false,"key":"","secret":"","callbackUrl":"api/auth/vk/callback","scope":["email"]},"twitch":{"icon":"twitch","enabled":false,"key":"","secret":"","callbackUrl":"api/auth/twitch/callback","scope":["user:read:email"]},"linkedin":{"icon":"linkedin","enabled":false,"key":"","secret":"","callbackUrl":"api/auth/linkedin/callback","scope":["r_liteprofile","r_emailaddress"]},"cognito":{"icon":"aws","enabled":false,"key":"","secret":"","subdomain":"my.subdomain.com","callback":"api/auth/cognito/callback","scope":["email","openid","profile"]},"reddit":{"icon":"reddit","enabled":false,"key":"","secret":"","callback":"api/auth/reddit/callback","scope":["identity"]},"auth0":{"icon":"","enabled":false,"key":"","secret":"","subdomain":"my-tenant.eu","callback":"api/auth/auth0/callback","scope":["openid","email","profile"]},"cas":{"icon":"book","enabled":false,"key":"","secret":"","callback":"api/auth/cas/callback","scope":["openid email"],"subdomain":"my.subdomain.com/cas"},"patreon":{"icon":"","enabled":false,"key":"","secret":"","callback":"api/auth/patreon/callback","scope":["identity","identity[email]"]},"keycloak":{"icon":"","enabled":false,"key":"","secret":"","subdomain":"myKeycloakProvider.com/realms/myrealm","callback":"api/auth/keycloak/callback","scope":["openid","email","profile"]}}	object	\N	\N
38	plugin_users-permissions_email	{"reset_password":{"display":"Email.template.reset_password","icon":"sync","options":{"from":{"name":"Administration Panel","email":"no-reply@strapi.io"},"response_email":"","object":"Reset password","message":"<p>We heard that you lost your password. Sorry about that!</p>\\n\\n<p>But dont worry! You can use the following link to reset your password:</p>\\n<p><%= URL %>?code=<%= TOKEN %></p>\\n\\n<p>Thanks.</p>"}},"email_confirmation":{"display":"Email.template.email_confirmation","icon":"check-square","options":{"from":{"name":"Administration Panel","email":"no-reply@strapi.io"},"response_email":"","object":"Account confirmation","message":"<p>Thank you for registering!</p>\\n\\n<p>You have to confirm your email address. Please click on the link below.</p>\\n\\n<p><%= URL %>?confirmation=<%= CODE %></p>\\n\\n<p>Thanks.</p>"}}}	object	\N	\N
39	plugin_users-permissions_advanced	{"unique_email":true,"allow_register":true,"email_confirmation":false,"email_reset_password":null,"email_confirmation_redirection":null,"default_role":"authenticated"}	object	\N	\N
43	plugin_content_manager_configuration_components::shared.caption	{"settings":{"bulkable":true,"filterable":true,"searchable":true,"pageSize":10,"mainField":"id","defaultSortBy":"id","defaultSortOrder":"ASC"},"metadatas":{"id":{"edit":{},"list":{"label":"id","searchable":false,"sortable":false}},"attributeAuthor":{"edit":{"label":"attributeAuthor","description":"","placeholder":"","visible":true,"editable":true},"list":{"label":"attributeAuthor","searchable":true,"sortable":true}},"attrURL":{"edit":{"label":"attrURL","description":"","placeholder":"","visible":true,"editable":true},"list":{"label":"attrURL","searchable":true,"sortable":true}},"captionFig":{"edit":{"label":"captionFig","description":"","placeholder":"","visible":true,"editable":true},"list":{"label":"captionFig","searchable":true,"sortable":true}}},"layouts":{"list":["id","attributeAuthor","attrURL","captionFig"],"edit":[[{"name":"attributeAuthor","size":6},{"name":"attrURL","size":6}],[{"name":"captionFig","size":6}]]},"uid":"shared.caption","isComponent":true}	object	\N	\N
16	plugin_content_manager_configuration_content_types::plugin::review-workflows.workflow	{"settings":{"bulkable":true,"filterable":true,"searchable":true,"pageSize":10,"mainField":"name","defaultSortBy":"name","defaultSortOrder":"ASC"},"metadatas":{"id":{"edit":{},"list":{"label":"id","searchable":true,"sortable":true}},"name":{"edit":{"label":"name","description":"","placeholder":"","visible":true,"editable":true},"list":{"label":"name","searchable":true,"sortable":true}},"stages":{"edit":{"label":"stages","description":"","placeholder":"","visible":true,"editable":true,"mainField":"name"},"list":{"label":"stages","searchable":false,"sortable":false}},"stageRequiredToPublish":{"edit":{"label":"stageRequiredToPublish","description":"","placeholder":"","visible":true,"editable":true,"mainField":"name"},"list":{"label":"stageRequiredToPublish","searchable":true,"sortable":true}},"contentTypes":{"edit":{"label":"contentTypes","description":"","placeholder":"","visible":true,"editable":true},"list":{"label":"contentTypes","searchable":false,"sortable":false}},"createdAt":{"edit":{"label":"createdAt","description":"","placeholder":"","visible":false,"editable":true},"list":{"label":"createdAt","searchable":true,"sortable":true}},"updatedAt":{"edit":{"label":"updatedAt","description":"","placeholder":"","visible":false,"editable":true},"list":{"label":"updatedAt","searchable":true,"sortable":true}},"createdBy":{"edit":{"label":"createdBy","description":"","placeholder":"","visible":false,"editable":true,"mainField":"firstname"},"list":{"label":"createdBy","searchable":true,"sortable":true}},"updatedBy":{"edit":{"label":"updatedBy","description":"","placeholder":"","visible":false,"editable":true,"mainField":"firstname"},"list":{"label":"updatedBy","searchable":true,"sortable":true}}},"layouts":{"list":["id","name","stages","stageRequiredToPublish"],"edit":[[{"name":"name","size":6},{"name":"stages","size":6}],[{"name":"stageRequiredToPublish","size":6}],[{"name":"contentTypes","size":12}]]},"uid":"plugin::review-workflows.workflow"}	object	\N	\N
42	plugin_content_manager_configuration_components::shared.line-graph	{"settings":{"bulkable":true,"filterable":true,"searchable":true,"pageSize":10,"mainField":"idKey","defaultSortBy":"idKey","defaultSortOrder":"ASC"},"metadatas":{"id":{"edit":{},"list":{"label":"id","searchable":false,"sortable":false}},"dataPath":{"edit":{"label":"dataPath","description":"","placeholder":"","visible":true,"editable":true},"list":{"label":"dataPath","searchable":false,"sortable":false}},"dateFormat":{"edit":{"label":"dateFormat","description":"","placeholder":"","visible":true,"editable":true},"list":{"label":"dateFormat","searchable":true,"sortable":true}},"idKey":{"edit":{"label":"idKey","description":"","placeholder":"","visible":true,"editable":true},"list":{"label":"idKey","searchable":true,"sortable":true}},"xKey":{"edit":{"label":"xKey","description":"","placeholder":"","visible":true,"editable":true},"list":{"label":"xKey","searchable":true,"sortable":true}},"yKey":{"edit":{"label":"yKey","description":"","placeholder":"","visible":true,"editable":true},"list":{"label":"yKey","searchable":true,"sortable":true}},"Attribution":{"edit":{"label":"Attribution","description":"","placeholder":"","visible":true,"editable":true},"list":{"label":"Attribution","searchable":false,"sortable":false}}},"layouts":{"list":["id","dataPath","dateFormat","idKey"],"edit":[[{"name":"dataPath","size":6},{"name":"dateFormat","size":6}],[{"name":"idKey","size":6},{"name":"xKey","size":6}],[{"name":"yKey","size":6}],[{"name":"Attribution","size":12}]]},"uid":"shared.line-graph","isComponent":true}	object	\N	\N
15	plugin_content_manager_configuration_content_types::plugin::upload.file	{"settings":{"bulkable":true,"filterable":true,"searchable":true,"pageSize":10,"mainField":"name","defaultSortBy":"name","defaultSortOrder":"ASC"},"metadatas":{"id":{"edit":{},"list":{"label":"id","searchable":true,"sortable":true}},"name":{"edit":{"label":"name","description":"","placeholder":"","visible":true,"editable":true},"list":{"label":"name","searchable":true,"sortable":true}},"alternativeText":{"edit":{"label":"alternativeText","description":"","placeholder":"","visible":true,"editable":true},"list":{"label":"alternativeText","searchable":true,"sortable":true}},"caption":{"edit":{"label":"caption","description":"","placeholder":"","visible":true,"editable":true},"list":{"label":"caption","searchable":true,"sortable":true}},"width":{"edit":{"label":"width","description":"","placeholder":"","visible":true,"editable":true},"list":{"label":"width","searchable":true,"sortable":true}},"height":{"edit":{"label":"height","description":"","placeholder":"","visible":true,"editable":true},"list":{"label":"height","searchable":true,"sortable":true}},"formats":{"edit":{"label":"formats","description":"","placeholder":"","visible":true,"editable":true},"list":{"label":"formats","searchable":false,"sortable":false}},"hash":{"edit":{"label":"hash","description":"","placeholder":"","visible":true,"editable":true},"list":{"label":"hash","searchable":true,"sortable":true}},"ext":{"edit":{"label":"ext","description":"","placeholder":"","visible":true,"editable":true},"list":{"label":"ext","searchable":true,"sortable":true}},"mime":{"edit":{"label":"mime","description":"","placeholder":"","visible":true,"editable":true},"list":{"label":"mime","searchable":true,"sortable":true}},"size":{"edit":{"label":"size","description":"","placeholder":"","visible":true,"editable":true},"list":{"label":"size","searchable":true,"sortable":true}},"url":{"edit":{"label":"url","description":"","placeholder":"","visible":true,"editable":true},"list":{"label":"url","searchable":true,"sortable":true}},"previewUrl":{"edit":{"label":"previewUrl","description":"","placeholder":"","visible":true,"editable":true},"list":{"label":"previewUrl","searchable":true,"sortable":true}},"provider":{"edit":{"label":"provider","description":"","placeholder":"","visible":true,"editable":true},"list":{"label":"provider","searchable":true,"sortable":true}},"provider_metadata":{"edit":{"label":"provider_metadata","description":"","placeholder":"","visible":true,"editable":true},"list":{"label":"provider_metadata","searchable":false,"sortable":false}},"folder":{"edit":{"label":"folder","description":"","placeholder":"","visible":true,"editable":true,"mainField":"name"},"list":{"label":"folder","searchable":true,"sortable":true}},"folderPath":{"edit":{"label":"folderPath","description":"","placeholder":"","visible":true,"editable":true},"list":{"label":"folderPath","searchable":true,"sortable":true}},"createdAt":{"edit":{"label":"createdAt","description":"","placeholder":"","visible":false,"editable":true},"list":{"label":"createdAt","searchable":true,"sortable":true}},"updatedAt":{"edit":{"label":"updatedAt","description":"","placeholder":"","visible":false,"editable":true},"list":{"label":"updatedAt","searchable":true,"sortable":true}},"createdBy":{"edit":{"label":"createdBy","description":"","placeholder":"","visible":false,"editable":true,"mainField":"firstname"},"list":{"label":"createdBy","searchable":true,"sortable":true}},"updatedBy":{"edit":{"label":"updatedBy","description":"","placeholder":"","visible":false,"editable":true,"mainField":"firstname"},"list":{"label":"updatedBy","searchable":true,"sortable":true}}},"layouts":{"list":["id","name","alternativeText","caption"],"edit":[[{"name":"name","size":6},{"name":"alternativeText","size":6}],[{"name":"caption","size":6},{"name":"width","size":4}],[{"name":"height","size":4}],[{"name":"formats","size":12}],[{"name":"hash","size":6},{"name":"ext","size":6}],[{"name":"mime","size":6},{"name":"size","size":4}],[{"name":"url","size":6},{"name":"previewUrl","size":6}],[{"name":"provider","size":6}],[{"name":"provider_metadata","size":12}],[{"name":"folder","size":6},{"name":"folderPath","size":6}]]},"uid":"plugin::upload.file"}	object	\N	\N
32	plugin_content_manager_configuration_content_types::plugin::content-releases.release	{"settings":{"bulkable":true,"filterable":true,"searchable":true,"pageSize":10,"mainField":"name","defaultSortBy":"name","defaultSortOrder":"ASC"},"metadatas":{"id":{"edit":{},"list":{"label":"id","searchable":true,"sortable":true}},"name":{"edit":{"label":"name","description":"","placeholder":"","visible":true,"editable":true},"list":{"label":"name","searchable":true,"sortable":true}},"releasedAt":{"edit":{"label":"releasedAt","description":"","placeholder":"","visible":true,"editable":true},"list":{"label":"releasedAt","searchable":true,"sortable":true}},"scheduledAt":{"edit":{"label":"scheduledAt","description":"","placeholder":"","visible":true,"editable":true},"list":{"label":"scheduledAt","searchable":true,"sortable":true}},"timezone":{"edit":{"label":"timezone","description":"","placeholder":"","visible":true,"editable":true},"list":{"label":"timezone","searchable":true,"sortable":true}},"status":{"edit":{"label":"status","description":"","placeholder":"","visible":true,"editable":true},"list":{"label":"status","searchable":true,"sortable":true}},"actions":{"edit":{"label":"actions","description":"","placeholder":"","visible":true,"editable":true,"mainField":"contentType"},"list":{"label":"actions","searchable":false,"sortable":false}},"createdAt":{"edit":{"label":"createdAt","description":"","placeholder":"","visible":false,"editable":true},"list":{"label":"createdAt","searchable":true,"sortable":true}},"updatedAt":{"edit":{"label":"updatedAt","description":"","placeholder":"","visible":false,"editable":true},"list":{"label":"updatedAt","searchable":true,"sortable":true}},"createdBy":{"edit":{"label":"createdBy","description":"","placeholder":"","visible":false,"editable":true,"mainField":"firstname"},"list":{"label":"createdBy","searchable":true,"sortable":true}},"updatedBy":{"edit":{"label":"updatedBy","description":"","placeholder":"","visible":false,"editable":true,"mainField":"firstname"},"list":{"label":"updatedBy","searchable":true,"sortable":true}}},"layouts":{"list":["id","name","releasedAt","scheduledAt"],"edit":[[{"name":"name","size":6},{"name":"releasedAt","size":6}],[{"name":"scheduledAt","size":6},{"name":"timezone","size":6}],[{"name":"status","size":6},{"name":"actions","size":6}]]},"uid":"plugin::content-releases.release"}	object	\N	\N
33	plugin_upload_settings	{"sizeOptimization":true,"responsiveDimensions":true,"autoOrientation":false}	object	\N	\N
34	plugin_upload_view_configuration	{"pageSize":10,"sort":"createdAt:DESC"}	object	\N	\N
35	plugin_upload_metrics	{"weeklySchedule":"1 15 19 * * 2","lastWeeklyUpdate":1742325301116}	object	\N	\N
17	plugin_content_manager_configuration_content_types::api::category.category	{"settings":{"bulkable":true,"filterable":true,"searchable":true,"pageSize":10,"mainField":"name","defaultSortBy":"name","defaultSortOrder":"ASC"},"metadatas":{"id":{"edit":{},"list":{"label":"id","searchable":true,"sortable":true}},"name":{"edit":{"label":"name","description":"","placeholder":"","visible":true,"editable":true},"list":{"label":"name","searchable":true,"sortable":true}},"slug":{"edit":{"label":"slug","description":"","placeholder":"","visible":true,"editable":true},"list":{"label":"slug","searchable":true,"sortable":true}},"description":{"edit":{"label":"description","description":"","placeholder":"","visible":true,"editable":true},"list":{"label":"description","searchable":true,"sortable":true}},"createdAt":{"edit":{"label":"createdAt","description":"","placeholder":"","visible":false,"editable":true},"list":{"label":"createdAt","searchable":true,"sortable":true}},"updatedAt":{"edit":{"label":"updatedAt","description":"","placeholder":"","visible":false,"editable":true},"list":{"label":"updatedAt","searchable":true,"sortable":true}},"createdBy":{"edit":{"label":"createdBy","description":"","placeholder":"","visible":false,"editable":true,"mainField":"firstname"},"list":{"label":"createdBy","searchable":true,"sortable":true}},"updatedBy":{"edit":{"label":"updatedBy","description":"","placeholder":"","visible":false,"editable":true,"mainField":"firstname"},"list":{"label":"updatedBy","searchable":true,"sortable":true}}},"layouts":{"list":["id","name","slug","description"],"edit":[[{"name":"name","size":6},{"name":"slug","size":6}],[{"name":"description","size":6}]]},"uid":"api::category.category"}	object	\N	\N
22	plugin_content_manager_configuration_content_types::admin::user	{"settings":{"bulkable":true,"filterable":true,"searchable":true,"pageSize":10,"mainField":"firstname","defaultSortBy":"firstname","defaultSortOrder":"ASC"},"metadatas":{"id":{"edit":{},"list":{"label":"id","searchable":true,"sortable":true}},"firstname":{"edit":{"label":"firstname","description":"","placeholder":"","visible":true,"editable":true},"list":{"label":"firstname","searchable":true,"sortable":true}},"lastname":{"edit":{"label":"lastname","description":"","placeholder":"","visible":true,"editable":true},"list":{"label":"lastname","searchable":true,"sortable":true}},"username":{"edit":{"label":"username","description":"","placeholder":"","visible":true,"editable":true},"list":{"label":"username","searchable":true,"sortable":true}},"email":{"edit":{"label":"email","description":"","placeholder":"","visible":true,"editable":true},"list":{"label":"email","searchable":true,"sortable":true}},"password":{"edit":{"label":"password","description":"","placeholder":"","visible":true,"editable":true},"list":{"label":"password","searchable":true,"sortable":true}},"resetPasswordToken":{"edit":{"label":"resetPasswordToken","description":"","placeholder":"","visible":false,"editable":true},"list":{"label":"resetPasswordToken","searchable":true,"sortable":true}},"registrationToken":{"edit":{"label":"registrationToken","description":"","placeholder":"","visible":false,"editable":true},"list":{"label":"registrationToken","searchable":true,"sortable":true}},"isActive":{"edit":{"label":"isActive","description":"","placeholder":"","visible":true,"editable":true},"list":{"label":"isActive","searchable":true,"sortable":true}},"roles":{"edit":{"label":"roles","description":"","placeholder":"","visible":true,"editable":true,"mainField":"name"},"list":{"label":"roles","searchable":false,"sortable":false}},"blocked":{"edit":{"label":"blocked","description":"","placeholder":"","visible":true,"editable":true},"list":{"label":"blocked","searchable":true,"sortable":true}},"preferedLanguage":{"edit":{"label":"preferedLanguage","description":"","placeholder":"","visible":true,"editable":true},"list":{"label":"preferedLanguage","searchable":true,"sortable":true}},"createdAt":{"edit":{"label":"createdAt","description":"","placeholder":"","visible":false,"editable":true},"list":{"label":"createdAt","searchable":true,"sortable":true}},"updatedAt":{"edit":{"label":"updatedAt","description":"","placeholder":"","visible":false,"editable":true},"list":{"label":"updatedAt","searchable":true,"sortable":true}},"createdBy":{"edit":{"label":"createdBy","description":"","placeholder":"","visible":false,"editable":true,"mainField":"firstname"},"list":{"label":"createdBy","searchable":true,"sortable":true}},"updatedBy":{"edit":{"label":"updatedBy","description":"","placeholder":"","visible":false,"editable":true,"mainField":"firstname"},"list":{"label":"updatedBy","searchable":true,"sortable":true}}},"layouts":{"list":["id","firstname","lastname","username"],"edit":[[{"name":"firstname","size":6},{"name":"lastname","size":6}],[{"name":"username","size":6},{"name":"email","size":6}],[{"name":"password","size":6},{"name":"isActive","size":4}],[{"name":"roles","size":6},{"name":"blocked","size":4}],[{"name":"preferedLanguage","size":6}]]},"uid":"admin::user"}	object	\N	\N
25	plugin_content_manager_configuration_content_types::plugin::content-releases.release-action	{"settings":{"bulkable":true,"filterable":true,"searchable":true,"pageSize":10,"mainField":"contentType","defaultSortBy":"contentType","defaultSortOrder":"ASC"},"metadatas":{"id":{"edit":{},"list":{"label":"id","searchable":true,"sortable":true}},"type":{"edit":{"label":"type","description":"","placeholder":"","visible":true,"editable":true},"list":{"label":"type","searchable":true,"sortable":true}},"contentType":{"edit":{"label":"contentType","description":"","placeholder":"","visible":true,"editable":true},"list":{"label":"contentType","searchable":true,"sortable":true}},"entryDocumentId":{"edit":{"label":"entryDocumentId","description":"","placeholder":"","visible":true,"editable":true},"list":{"label":"entryDocumentId","searchable":true,"sortable":true}},"release":{"edit":{"label":"release","description":"","placeholder":"","visible":true,"editable":true,"mainField":"name"},"list":{"label":"release","searchable":true,"sortable":true}},"isEntryValid":{"edit":{"label":"isEntryValid","description":"","placeholder":"","visible":true,"editable":true},"list":{"label":"isEntryValid","searchable":true,"sortable":true}},"createdAt":{"edit":{"label":"createdAt","description":"","placeholder":"","visible":false,"editable":true},"list":{"label":"createdAt","searchable":true,"sortable":true}},"updatedAt":{"edit":{"label":"updatedAt","description":"","placeholder":"","visible":false,"editable":true},"list":{"label":"updatedAt","searchable":true,"sortable":true}},"createdBy":{"edit":{"label":"createdBy","description":"","placeholder":"","visible":false,"editable":true,"mainField":"firstname"},"list":{"label":"createdBy","searchable":true,"sortable":true}},"updatedBy":{"edit":{"label":"updatedBy","description":"","placeholder":"","visible":false,"editable":true,"mainField":"firstname"},"list":{"label":"updatedBy","searchable":true,"sortable":true}}},"layouts":{"list":["id","type","contentType","entryDocumentId"],"edit":[[{"name":"type","size":6},{"name":"contentType","size":6}],[{"name":"entryDocumentId","size":6},{"name":"release","size":6}],[{"name":"isEntryValid","size":4}]]},"uid":"plugin::content-releases.release-action"}	object	\N	\N
29	plugin_content_manager_configuration_content_types::plugin::users-permissions.role	{"settings":{"bulkable":true,"filterable":true,"searchable":true,"pageSize":10,"mainField":"name","defaultSortBy":"name","defaultSortOrder":"ASC"},"metadatas":{"id":{"edit":{},"list":{"label":"id","searchable":true,"sortable":true}},"name":{"edit":{"label":"name","description":"","placeholder":"","visible":true,"editable":true},"list":{"label":"name","searchable":true,"sortable":true}},"description":{"edit":{"label":"description","description":"","placeholder":"","visible":true,"editable":true},"list":{"label":"description","searchable":true,"sortable":true}},"type":{"edit":{"label":"type","description":"","placeholder":"","visible":true,"editable":true},"list":{"label":"type","searchable":true,"sortable":true}},"permissions":{"edit":{"label":"permissions","description":"","placeholder":"","visible":true,"editable":true,"mainField":"action"},"list":{"label":"permissions","searchable":false,"sortable":false}},"users":{"edit":{"label":"users","description":"","placeholder":"","visible":true,"editable":true,"mainField":"username"},"list":{"label":"users","searchable":false,"sortable":false}},"createdAt":{"edit":{"label":"createdAt","description":"","placeholder":"","visible":false,"editable":true},"list":{"label":"createdAt","searchable":true,"sortable":true}},"updatedAt":{"edit":{"label":"updatedAt","description":"","placeholder":"","visible":false,"editable":true},"list":{"label":"updatedAt","searchable":true,"sortable":true}},"createdBy":{"edit":{"label":"createdBy","description":"","placeholder":"","visible":false,"editable":true,"mainField":"firstname"},"list":{"label":"createdBy","searchable":true,"sortable":true}},"updatedBy":{"edit":{"label":"updatedBy","description":"","placeholder":"","visible":false,"editable":true,"mainField":"firstname"},"list":{"label":"updatedBy","searchable":true,"sortable":true}}},"layouts":{"list":["id","name","description","type"],"edit":[[{"name":"name","size":6},{"name":"description","size":6}],[{"name":"type","size":6},{"name":"permissions","size":6}],[{"name":"users","size":6}]]},"uid":"plugin::users-permissions.role"}	object	\N	\N
40	core_admin_auth	{"providers":{"autoRegister":false,"defaultRole":null,"ssoLockedRoles":null}}	object	\N	\N
3	plugin_content_manager_configuration_components::shared.seo	{"settings":{"bulkable":true,"filterable":true,"searchable":true,"pageSize":10,"mainField":"metaTitle","defaultSortBy":"metaTitle","defaultSortOrder":"ASC"},"metadatas":{"id":{"edit":{},"list":{"label":"id","searchable":false,"sortable":false}},"metaTitle":{"edit":{"label":"metaTitle","description":"","placeholder":"","visible":true,"editable":true},"list":{"label":"metaTitle","searchable":true,"sortable":true}},"metaDescription":{"edit":{"label":"metaDescription","description":"","placeholder":"","visible":true,"editable":true},"list":{"label":"metaDescription","searchable":true,"sortable":true}},"shareImage":{"edit":{"label":"shareImage","description":"","placeholder":"","visible":true,"editable":true},"list":{"label":"shareImage","searchable":false,"sortable":false}}},"layouts":{"list":["id","metaTitle","metaDescription","shareImage"],"edit":[[{"name":"metaTitle","size":6},{"name":"metaDescription","size":6}],[{"name":"shareImage","size":6}]]},"uid":"shared.seo","isComponent":true}	object	\N	\N
4	plugin_content_manager_configuration_components::shared.side-by-side	{"settings":{"bulkable":true,"filterable":true,"searchable":true,"pageSize":10,"mainField":"sectionTitle","defaultSortBy":"sectionTitle","defaultSortOrder":"ASC"},"metadatas":{"id":{"edit":{},"list":{"label":"id","searchable":false,"sortable":false}},"image":{"edit":{"label":"image","description":"","placeholder":"","visible":true,"editable":true},"list":{"label":"image","searchable":false,"sortable":false}},"sectionTitle":{"edit":{"label":"sectionTitle","description":"","placeholder":"","visible":true,"editable":true},"list":{"label":"sectionTitle","searchable":true,"sortable":true}},"body":{"edit":{"label":"body","description":"","placeholder":"","visible":true,"editable":true},"list":{"label":"body","searchable":true,"sortable":true}},"Orientation":{"edit":{"label":"Orientation","description":"","placeholder":"","visible":true,"editable":true},"list":{"label":"Orientation","searchable":true,"sortable":true}}},"layouts":{"list":["id","image","sectionTitle","body"],"edit":[[{"name":"image","size":6},{"name":"sectionTitle","size":6}],[{"name":"body","size":6},{"name":"Orientation","size":6}]]},"uid":"shared.side-by-side","isComponent":true}	object	\N	\N
8	plugin_content_manager_configuration_components::shared.mdx-block	{"settings":{"bulkable":true,"filterable":true,"searchable":true,"pageSize":10,"mainField":"id","defaultSortBy":"id","defaultSortOrder":"ASC"},"metadatas":{"id":{"edit":{},"list":{"label":"id","searchable":false,"sortable":false}},"markdown":{"edit":{"label":"markdown","description":"","placeholder":"","visible":true,"editable":true},"list":{"label":"markdown","searchable":false,"sortable":false}}},"layouts":{"list":["id"],"edit":[[{"name":"markdown","size":12}]]},"uid":"shared.mdx-block","isComponent":true}	object	\N	\N
1	strapi_content_types_schema	{"plugin::upload.file":{"collectionName":"files","info":{"singularName":"file","pluralName":"files","displayName":"File","description":""},"options":{"draftAndPublish":false},"pluginOptions":{"content-manager":{"visible":false},"content-type-builder":{"visible":false}},"attributes":{"name":{"type":"string","configurable":false,"required":true},"alternativeText":{"type":"string","configurable":false},"caption":{"type":"string","configurable":false},"width":{"type":"integer","configurable":false},"height":{"type":"integer","configurable":false},"formats":{"type":"json","configurable":false},"hash":{"type":"string","configurable":false,"required":true},"ext":{"type":"string","configurable":false},"mime":{"type":"string","configurable":false,"required":true},"size":{"type":"decimal","configurable":false,"required":true},"url":{"type":"string","configurable":false,"required":true},"previewUrl":{"type":"string","configurable":false},"provider":{"type":"string","configurable":false,"required":true},"provider_metadata":{"type":"json","configurable":false},"related":{"type":"relation","relation":"morphToMany","configurable":false},"folder":{"type":"relation","relation":"manyToOne","target":"plugin::upload.folder","inversedBy":"files","private":true},"folderPath":{"type":"string","minLength":1,"required":true,"private":true,"searchable":false},"createdAt":{"type":"datetime"},"updatedAt":{"type":"datetime"},"publishedAt":{"type":"datetime","configurable":false,"writable":true,"visible":false},"createdBy":{"type":"relation","relation":"oneToOne","target":"admin::user","configurable":false,"writable":false,"visible":false,"useJoinTable":false,"private":true},"updatedBy":{"type":"relation","relation":"oneToOne","target":"admin::user","configurable":false,"writable":false,"visible":false,"useJoinTable":false,"private":true},"locale":{"writable":true,"private":true,"configurable":false,"visible":false,"type":"string"},"localizations":{"type":"relation","relation":"oneToMany","target":"plugin::upload.file","writable":false,"private":true,"configurable":false,"visible":false,"unstable_virtual":true,"joinColumn":{"name":"document_id","referencedColumn":"document_id","referencedTable":"files"}}},"indexes":[{"name":"upload_files_folder_path_index","columns":["folder_path"],"type":null},{"name":"upload_files_created_at_index","columns":["created_at"],"type":null},{"name":"upload_files_updated_at_index","columns":["updated_at"],"type":null},{"name":"upload_files_name_index","columns":["name"],"type":null},{"name":"upload_files_size_index","columns":["size"],"type":null},{"name":"upload_files_ext_index","columns":["ext"],"type":null}],"plugin":"upload","globalId":"UploadFile","uid":"plugin::upload.file","modelType":"contentType","kind":"collectionType","__schema__":{"collectionName":"files","info":{"singularName":"file","pluralName":"files","displayName":"File","description":""},"options":{},"pluginOptions":{"content-manager":{"visible":false},"content-type-builder":{"visible":false}},"attributes":{"name":{"type":"string","configurable":false,"required":true},"alternativeText":{"type":"string","configurable":false},"caption":{"type":"string","configurable":false},"width":{"type":"integer","configurable":false},"height":{"type":"integer","configurable":false},"formats":{"type":"json","configurable":false},"hash":{"type":"string","configurable":false,"required":true},"ext":{"type":"string","configurable":false},"mime":{"type":"string","configurable":false,"required":true},"size":{"type":"decimal","configurable":false,"required":true},"url":{"type":"string","configurable":false,"required":true},"previewUrl":{"type":"string","configurable":false},"provider":{"type":"string","configurable":false,"required":true},"provider_metadata":{"type":"json","configurable":false},"related":{"type":"relation","relation":"morphToMany","configurable":false},"folder":{"type":"relation","relation":"manyToOne","target":"plugin::upload.folder","inversedBy":"files","private":true},"folderPath":{"type":"string","minLength":1,"required":true,"private":true,"searchable":false}},"kind":"collectionType"},"modelName":"file"},"plugin::upload.folder":{"collectionName":"upload_folders","info":{"singularName":"folder","pluralName":"folders","displayName":"Folder"},"options":{"draftAndPublish":false},"pluginOptions":{"content-manager":{"visible":false},"content-type-builder":{"visible":false}},"attributes":{"name":{"type":"string","minLength":1,"required":true},"pathId":{"type":"integer","unique":true,"required":true},"parent":{"type":"relation","relation":"manyToOne","target":"plugin::upload.folder","inversedBy":"children"},"children":{"type":"relation","relation":"oneToMany","target":"plugin::upload.folder","mappedBy":"parent"},"files":{"type":"relation","relation":"oneToMany","target":"plugin::upload.file","mappedBy":"folder"},"path":{"type":"string","minLength":1,"required":true},"createdAt":{"type":"datetime"},"updatedAt":{"type":"datetime"},"publishedAt":{"type":"datetime","configurable":false,"writable":true,"visible":false},"createdBy":{"type":"relation","relation":"oneToOne","target":"admin::user","configurable":false,"writable":false,"visible":false,"useJoinTable":false,"private":true},"updatedBy":{"type":"relation","relation":"oneToOne","target":"admin::user","configurable":false,"writable":false,"visible":false,"useJoinTable":false,"private":true},"locale":{"writable":true,"private":true,"configurable":false,"visible":false,"type":"string"},"localizations":{"type":"relation","relation":"oneToMany","target":"plugin::upload.folder","writable":false,"private":true,"configurable":false,"visible":false,"unstable_virtual":true,"joinColumn":{"name":"document_id","referencedColumn":"document_id","referencedTable":"upload_folders"}}},"indexes":[{"name":"upload_folders_path_id_index","columns":["path_id"],"type":"unique"},{"name":"upload_folders_path_index","columns":["path"],"type":"unique"}],"plugin":"upload","globalId":"UploadFolder","uid":"plugin::upload.folder","modelType":"contentType","kind":"collectionType","__schema__":{"collectionName":"upload_folders","info":{"singularName":"folder","pluralName":"folders","displayName":"Folder"},"options":{},"pluginOptions":{"content-manager":{"visible":false},"content-type-builder":{"visible":false}},"attributes":{"name":{"type":"string","minLength":1,"required":true},"pathId":{"type":"integer","unique":true,"required":true},"parent":{"type":"relation","relation":"manyToOne","target":"plugin::upload.folder","inversedBy":"children"},"children":{"type":"relation","relation":"oneToMany","target":"plugin::upload.folder","mappedBy":"parent"},"files":{"type":"relation","relation":"oneToMany","target":"plugin::upload.file","mappedBy":"folder"},"path":{"type":"string","minLength":1,"required":true}},"kind":"collectionType"},"modelName":"folder"},"plugin::i18n.locale":{"info":{"singularName":"locale","pluralName":"locales","collectionName":"locales","displayName":"Locale","description":""},"options":{"draftAndPublish":false},"pluginOptions":{"content-manager":{"visible":false},"content-type-builder":{"visible":false}},"attributes":{"name":{"type":"string","min":1,"max":50,"configurable":false},"code":{"type":"string","unique":true,"configurable":false},"createdAt":{"type":"datetime"},"updatedAt":{"type":"datetime"},"publishedAt":{"type":"datetime","configurable":false,"writable":true,"visible":false},"createdBy":{"type":"relation","relation":"oneToOne","target":"admin::user","configurable":false,"writable":false,"visible":false,"useJoinTable":false,"private":true},"updatedBy":{"type":"relation","relation":"oneToOne","target":"admin::user","configurable":false,"writable":false,"visible":false,"useJoinTable":false,"private":true},"locale":{"writable":true,"private":true,"configurable":false,"visible":false,"type":"string"},"localizations":{"type":"relation","relation":"oneToMany","target":"plugin::i18n.locale","writable":false,"private":true,"configurable":false,"visible":false,"unstable_virtual":true,"joinColumn":{"name":"document_id","referencedColumn":"document_id","referencedTable":"i18n_locale"}}},"plugin":"i18n","collectionName":"i18n_locale","globalId":"I18NLocale","uid":"plugin::i18n.locale","modelType":"contentType","kind":"collectionType","__schema__":{"collectionName":"i18n_locale","info":{"singularName":"locale","pluralName":"locales","collectionName":"locales","displayName":"Locale","description":""},"options":{},"pluginOptions":{"content-manager":{"visible":false},"content-type-builder":{"visible":false}},"attributes":{"name":{"type":"string","min":1,"max":50,"configurable":false},"code":{"type":"string","unique":true,"configurable":false}},"kind":"collectionType"},"modelName":"locale"},"plugin::content-releases.release":{"collectionName":"strapi_releases","info":{"singularName":"release","pluralName":"releases","displayName":"Release"},"options":{"draftAndPublish":false},"pluginOptions":{"content-manager":{"visible":false},"content-type-builder":{"visible":false}},"attributes":{"name":{"type":"string","required":true},"releasedAt":{"type":"datetime"},"scheduledAt":{"type":"datetime"},"timezone":{"type":"string"},"status":{"type":"enumeration","enum":["ready","blocked","failed","done","empty"],"required":true},"actions":{"type":"relation","relation":"oneToMany","target":"plugin::content-releases.release-action","mappedBy":"release"},"createdAt":{"type":"datetime"},"updatedAt":{"type":"datetime"},"publishedAt":{"type":"datetime","configurable":false,"writable":true,"visible":false},"createdBy":{"type":"relation","relation":"oneToOne","target":"admin::user","configurable":false,"writable":false,"visible":false,"useJoinTable":false,"private":true},"updatedBy":{"type":"relation","relation":"oneToOne","target":"admin::user","configurable":false,"writable":false,"visible":false,"useJoinTable":false,"private":true},"locale":{"writable":true,"private":true,"configurable":false,"visible":false,"type":"string"},"localizations":{"type":"relation","relation":"oneToMany","target":"plugin::content-releases.release","writable":false,"private":true,"configurable":false,"visible":false,"unstable_virtual":true,"joinColumn":{"name":"document_id","referencedColumn":"document_id","referencedTable":"strapi_releases"}}},"plugin":"content-releases","globalId":"ContentReleasesRelease","uid":"plugin::content-releases.release","modelType":"contentType","kind":"collectionType","__schema__":{"collectionName":"strapi_releases","info":{"singularName":"release","pluralName":"releases","displayName":"Release"},"options":{"draftAndPublish":false},"pluginOptions":{"content-manager":{"visible":false},"content-type-builder":{"visible":false}},"attributes":{"name":{"type":"string","required":true},"releasedAt":{"type":"datetime"},"scheduledAt":{"type":"datetime"},"timezone":{"type":"string"},"status":{"type":"enumeration","enum":["ready","blocked","failed","done","empty"],"required":true},"actions":{"type":"relation","relation":"oneToMany","target":"plugin::content-releases.release-action","mappedBy":"release"}},"kind":"collectionType"},"modelName":"release"},"plugin::content-releases.release-action":{"collectionName":"strapi_release_actions","info":{"singularName":"release-action","pluralName":"release-actions","displayName":"Release Action"},"options":{"draftAndPublish":false},"pluginOptions":{"content-manager":{"visible":false},"content-type-builder":{"visible":false}},"attributes":{"type":{"type":"enumeration","enum":["publish","unpublish"],"required":true},"contentType":{"type":"string","required":true},"entryDocumentId":{"type":"string"},"locale":{"writable":true,"private":true,"configurable":false,"visible":false,"type":"string"},"release":{"type":"relation","relation":"manyToOne","target":"plugin::content-releases.release","inversedBy":"actions"},"isEntryValid":{"type":"boolean"},"createdAt":{"type":"datetime"},"updatedAt":{"type":"datetime"},"publishedAt":{"type":"datetime","configurable":false,"writable":true,"visible":false},"createdBy":{"type":"relation","relation":"oneToOne","target":"admin::user","configurable":false,"writable":false,"visible":false,"useJoinTable":false,"private":true},"updatedBy":{"type":"relation","relation":"oneToOne","target":"admin::user","configurable":false,"writable":false,"visible":false,"useJoinTable":false,"private":true},"localizations":{"type":"relation","relation":"oneToMany","target":"plugin::content-releases.release-action","writable":false,"private":true,"configurable":false,"visible":false,"unstable_virtual":true,"joinColumn":{"name":"document_id","referencedColumn":"document_id","referencedTable":"strapi_release_actions"}}},"plugin":"content-releases","globalId":"ContentReleasesReleaseAction","uid":"plugin::content-releases.release-action","modelType":"contentType","kind":"collectionType","__schema__":{"collectionName":"strapi_release_actions","info":{"singularName":"release-action","pluralName":"release-actions","displayName":"Release Action"},"options":{"draftAndPublish":false},"pluginOptions":{"content-manager":{"visible":false},"content-type-builder":{"visible":false}},"attributes":{"type":{"type":"enumeration","enum":["publish","unpublish"],"required":true},"contentType":{"type":"string","required":true},"entryDocumentId":{"type":"string"},"locale":{"type":"string"},"release":{"type":"relation","relation":"manyToOne","target":"plugin::content-releases.release","inversedBy":"actions"},"isEntryValid":{"type":"boolean"}},"kind":"collectionType"},"modelName":"release-action"},"plugin::review-workflows.workflow":{"collectionName":"strapi_workflows","info":{"name":"Workflow","description":"","singularName":"workflow","pluralName":"workflows","displayName":"Workflow"},"options":{"draftAndPublish":false},"pluginOptions":{"content-manager":{"visible":false},"content-type-builder":{"visible":false}},"attributes":{"name":{"type":"string","required":true,"unique":true},"stages":{"type":"relation","target":"plugin::review-workflows.workflow-stage","relation":"oneToMany","mappedBy":"workflow"},"stageRequiredToPublish":{"type":"relation","target":"plugin::review-workflows.workflow-stage","relation":"oneToOne","required":false},"contentTypes":{"type":"json","required":true,"default":"[]"},"createdAt":{"type":"datetime"},"updatedAt":{"type":"datetime"},"publishedAt":{"type":"datetime","configurable":false,"writable":true,"visible":false},"createdBy":{"type":"relation","relation":"oneToOne","target":"admin::user","configurable":false,"writable":false,"visible":false,"useJoinTable":false,"private":true},"updatedBy":{"type":"relation","relation":"oneToOne","target":"admin::user","configurable":false,"writable":false,"visible":false,"useJoinTable":false,"private":true},"locale":{"writable":true,"private":true,"configurable":false,"visible":false,"type":"string"},"localizations":{"type":"relation","relation":"oneToMany","target":"plugin::review-workflows.workflow","writable":false,"private":true,"configurable":false,"visible":false,"unstable_virtual":true,"joinColumn":{"name":"document_id","referencedColumn":"document_id","referencedTable":"strapi_workflows"}}},"plugin":"review-workflows","globalId":"ReviewWorkflowsWorkflow","uid":"plugin::review-workflows.workflow","modelType":"contentType","kind":"collectionType","__schema__":{"collectionName":"strapi_workflows","info":{"name":"Workflow","description":"","singularName":"workflow","pluralName":"workflows","displayName":"Workflow"},"options":{},"pluginOptions":{"content-manager":{"visible":false},"content-type-builder":{"visible":false}},"attributes":{"name":{"type":"string","required":true,"unique":true},"stages":{"type":"relation","target":"plugin::review-workflows.workflow-stage","relation":"oneToMany","mappedBy":"workflow"},"stageRequiredToPublish":{"type":"relation","target":"plugin::review-workflows.workflow-stage","relation":"oneToOne","required":false},"contentTypes":{"type":"json","required":true,"default":"[]"}},"kind":"collectionType"},"modelName":"workflow"},"plugin::review-workflows.workflow-stage":{"collectionName":"strapi_workflows_stages","info":{"name":"Workflow Stage","description":"","singularName":"workflow-stage","pluralName":"workflow-stages","displayName":"Stages"},"options":{"version":"1.1.0","draftAndPublish":false},"pluginOptions":{"content-manager":{"visible":false},"content-type-builder":{"visible":false}},"attributes":{"name":{"type":"string","configurable":false},"color":{"type":"string","configurable":false,"default":"#4945FF"},"workflow":{"type":"relation","target":"plugin::review-workflows.workflow","relation":"manyToOne","inversedBy":"stages","configurable":false},"permissions":{"type":"relation","target":"admin::permission","relation":"manyToMany","configurable":false},"createdAt":{"type":"datetime"},"updatedAt":{"type":"datetime"},"publishedAt":{"type":"datetime","configurable":false,"writable":true,"visible":false},"createdBy":{"type":"relation","relation":"oneToOne","target":"admin::user","configurable":false,"writable":false,"visible":false,"useJoinTable":false,"private":true},"updatedBy":{"type":"relation","relation":"oneToOne","target":"admin::user","configurable":false,"writable":false,"visible":false,"useJoinTable":false,"private":true},"locale":{"writable":true,"private":true,"configurable":false,"visible":false,"type":"string"},"localizations":{"type":"relation","relation":"oneToMany","target":"plugin::review-workflows.workflow-stage","writable":false,"private":true,"configurable":false,"visible":false,"unstable_virtual":true,"joinColumn":{"name":"document_id","referencedColumn":"document_id","referencedTable":"strapi_workflows_stages"}}},"plugin":"review-workflows","globalId":"ReviewWorkflowsWorkflowStage","uid":"plugin::review-workflows.workflow-stage","modelType":"contentType","kind":"collectionType","__schema__":{"collectionName":"strapi_workflows_stages","info":{"name":"Workflow Stage","description":"","singularName":"workflow-stage","pluralName":"workflow-stages","displayName":"Stages"},"options":{"version":"1.1.0"},"pluginOptions":{"content-manager":{"visible":false},"content-type-builder":{"visible":false}},"attributes":{"name":{"type":"string","configurable":false},"color":{"type":"string","configurable":false,"default":"#4945FF"},"workflow":{"type":"relation","target":"plugin::review-workflows.workflow","relation":"manyToOne","inversedBy":"stages","configurable":false},"permissions":{"type":"relation","target":"admin::permission","relation":"manyToMany","configurable":false}},"kind":"collectionType"},"modelName":"workflow-stage"},"plugin::users-permissions.permission":{"collectionName":"up_permissions","info":{"name":"permission","description":"","singularName":"permission","pluralName":"permissions","displayName":"Permission"},"pluginOptions":{"content-manager":{"visible":false},"content-type-builder":{"visible":false}},"attributes":{"action":{"type":"string","required":true,"configurable":false},"role":{"type":"relation","relation":"manyToOne","target":"plugin::users-permissions.role","inversedBy":"permissions","configurable":false},"createdAt":{"type":"datetime"},"updatedAt":{"type":"datetime"},"publishedAt":{"type":"datetime","configurable":false,"writable":true,"visible":false},"createdBy":{"type":"relation","relation":"oneToOne","target":"admin::user","configurable":false,"writable":false,"visible":false,"useJoinTable":false,"private":true},"updatedBy":{"type":"relation","relation":"oneToOne","target":"admin::user","configurable":false,"writable":false,"visible":false,"useJoinTable":false,"private":true},"locale":{"writable":true,"private":true,"configurable":false,"visible":false,"type":"string"},"localizations":{"type":"relation","relation":"oneToMany","target":"plugin::users-permissions.permission","writable":false,"private":true,"configurable":false,"visible":false,"unstable_virtual":true,"joinColumn":{"name":"document_id","referencedColumn":"document_id","referencedTable":"up_permissions"}}},"plugin":"users-permissions","globalId":"UsersPermissionsPermission","uid":"plugin::users-permissions.permission","modelType":"contentType","kind":"collectionType","__schema__":{"collectionName":"up_permissions","info":{"name":"permission","description":"","singularName":"permission","pluralName":"permissions","displayName":"Permission"},"pluginOptions":{"content-manager":{"visible":false},"content-type-builder":{"visible":false}},"attributes":{"action":{"type":"string","required":true,"configurable":false},"role":{"type":"relation","relation":"manyToOne","target":"plugin::users-permissions.role","inversedBy":"permissions","configurable":false}},"kind":"collectionType"},"modelName":"permission","options":{"draftAndPublish":false}},"plugin::users-permissions.role":{"collectionName":"up_roles","info":{"name":"role","description":"","singularName":"role","pluralName":"roles","displayName":"Role"},"pluginOptions":{"content-manager":{"visible":false},"content-type-builder":{"visible":false}},"attributes":{"name":{"type":"string","minLength":3,"required":true,"configurable":false},"description":{"type":"string","configurable":false},"type":{"type":"string","unique":true,"configurable":false},"permissions":{"type":"relation","relation":"oneToMany","target":"plugin::users-permissions.permission","mappedBy":"role","configurable":false},"users":{"type":"relation","relation":"oneToMany","target":"plugin::users-permissions.user","mappedBy":"role","configurable":false},"createdAt":{"type":"datetime"},"updatedAt":{"type":"datetime"},"publishedAt":{"type":"datetime","configurable":false,"writable":true,"visible":false},"createdBy":{"type":"relation","relation":"oneToOne","target":"admin::user","configurable":false,"writable":false,"visible":false,"useJoinTable":false,"private":true},"updatedBy":{"type":"relation","relation":"oneToOne","target":"admin::user","configurable":false,"writable":false,"visible":false,"useJoinTable":false,"private":true},"locale":{"writable":true,"private":true,"configurable":false,"visible":false,"type":"string"},"localizations":{"type":"relation","relation":"oneToMany","target":"plugin::users-permissions.role","writable":false,"private":true,"configurable":false,"visible":false,"unstable_virtual":true,"joinColumn":{"name":"document_id","referencedColumn":"document_id","referencedTable":"up_roles"}}},"plugin":"users-permissions","globalId":"UsersPermissionsRole","uid":"plugin::users-permissions.role","modelType":"contentType","kind":"collectionType","__schema__":{"collectionName":"up_roles","info":{"name":"role","description":"","singularName":"role","pluralName":"roles","displayName":"Role"},"pluginOptions":{"content-manager":{"visible":false},"content-type-builder":{"visible":false}},"attributes":{"name":{"type":"string","minLength":3,"required":true,"configurable":false},"description":{"type":"string","configurable":false},"type":{"type":"string","unique":true,"configurable":false},"permissions":{"type":"relation","relation":"oneToMany","target":"plugin::users-permissions.permission","mappedBy":"role","configurable":false},"users":{"type":"relation","relation":"oneToMany","target":"plugin::users-permissions.user","mappedBy":"role","configurable":false}},"kind":"collectionType"},"modelName":"role","options":{"draftAndPublish":false}},"plugin::users-permissions.user":{"collectionName":"up_users","info":{"name":"user","description":"","singularName":"user","pluralName":"users","displayName":"User"},"options":{"timestamps":true,"draftAndPublish":false},"attributes":{"username":{"type":"string","minLength":3,"unique":true,"configurable":false,"required":true},"email":{"type":"email","minLength":6,"configurable":false,"required":true},"provider":{"type":"string","configurable":false},"password":{"type":"password","minLength":6,"configurable":false,"private":true,"searchable":false},"resetPasswordToken":{"type":"string","configurable":false,"private":true,"searchable":false},"confirmationToken":{"type":"string","configurable":false,"private":true,"searchable":false},"confirmed":{"type":"boolean","default":false,"configurable":false},"blocked":{"type":"boolean","default":false,"configurable":false},"role":{"type":"relation","relation":"manyToOne","target":"plugin::users-permissions.role","inversedBy":"users","configurable":false},"createdAt":{"type":"datetime"},"updatedAt":{"type":"datetime"},"publishedAt":{"type":"datetime","configurable":false,"writable":true,"visible":false},"createdBy":{"type":"relation","relation":"oneToOne","target":"admin::user","configurable":false,"writable":false,"visible":false,"useJoinTable":false,"private":true},"updatedBy":{"type":"relation","relation":"oneToOne","target":"admin::user","configurable":false,"writable":false,"visible":false,"useJoinTable":false,"private":true},"locale":{"writable":true,"private":true,"configurable":false,"visible":false,"type":"string"},"localizations":{"type":"relation","relation":"oneToMany","target":"plugin::users-permissions.user","writable":false,"private":true,"configurable":false,"visible":false,"unstable_virtual":true,"joinColumn":{"name":"document_id","referencedColumn":"document_id","referencedTable":"up_users"}}},"config":{"attributes":{"resetPasswordToken":{"hidden":true},"confirmationToken":{"hidden":true},"provider":{"hidden":true}}},"plugin":"users-permissions","globalId":"UsersPermissionsUser","uid":"plugin::users-permissions.user","modelType":"contentType","kind":"collectionType","__schema__":{"collectionName":"up_users","info":{"name":"user","description":"","singularName":"user","pluralName":"users","displayName":"User"},"options":{"timestamps":true},"attributes":{"username":{"type":"string","minLength":3,"unique":true,"configurable":false,"required":true},"email":{"type":"email","minLength":6,"configurable":false,"required":true},"provider":{"type":"string","configurable":false},"password":{"type":"password","minLength":6,"configurable":false,"private":true,"searchable":false},"resetPasswordToken":{"type":"string","configurable":false,"private":true,"searchable":false},"confirmationToken":{"type":"string","configurable":false,"private":true,"searchable":false},"confirmed":{"type":"boolean","default":false,"configurable":false},"blocked":{"type":"boolean","default":false,"configurable":false},"role":{"type":"relation","relation":"manyToOne","target":"plugin::users-permissions.role","inversedBy":"users","configurable":false}},"kind":"collectionType"},"modelName":"user"},"api::about.about":{"kind":"singleType","collectionName":"abouts","info":{"singularName":"about","pluralName":"abouts","displayName":"About","description":"Write about yourself and the content you create"},"options":{"draftAndPublish":false},"pluginOptions":{},"attributes":{"title":{"type":"string"},"blocks":{"type":"dynamiczone","components":["shared.media","shared.quote","shared.rich-text","shared.slider"]},"createdAt":{"type":"datetime"},"updatedAt":{"type":"datetime"},"publishedAt":{"type":"datetime","configurable":false,"writable":true,"visible":false},"createdBy":{"type":"relation","relation":"oneToOne","target":"admin::user","configurable":false,"writable":false,"visible":false,"useJoinTable":false,"private":true},"updatedBy":{"type":"relation","relation":"oneToOne","target":"admin::user","configurable":false,"writable":false,"visible":false,"useJoinTable":false,"private":true},"locale":{"writable":true,"private":true,"configurable":false,"visible":false,"type":"string"},"localizations":{"type":"relation","relation":"oneToMany","target":"api::about.about","writable":false,"private":true,"configurable":false,"visible":false,"unstable_virtual":true,"joinColumn":{"name":"document_id","referencedColumn":"document_id","referencedTable":"abouts"}}},"apiName":"about","globalId":"About","uid":"api::about.about","modelType":"contentType","__schema__":{"collectionName":"abouts","info":{"singularName":"about","pluralName":"abouts","displayName":"About","description":"Write about yourself and the content you create"},"options":{"draftAndPublish":false},"pluginOptions":{},"attributes":{"title":{"type":"string"},"blocks":{"type":"dynamiczone","components":["shared.media","shared.quote","shared.rich-text","shared.slider"]}},"kind":"singleType"},"modelName":"about","actions":{},"lifecycles":{}},"api::article.article":{"kind":"collectionType","collectionName":"articles","info":{"singularName":"article","pluralName":"articles","displayName":"Story","description":"Create your blog content"},"options":{"draftAndPublish":true},"pluginOptions":{},"attributes":{"name":{"type":"string"},"description":{"type":"text","maxLength":500,"unique":false},"slug":{"type":"uid"},"cover":{"type":"media","multiple":false,"required":false,"allowedTypes":["images","files","videos"]},"blocks":{"type":"dynamiczone","components":["shared.media","shared.quote","shared.rich-text","shared.custom-mdx-block","shared.line-graph","shared.map"]},"publishDate":{"type":"date"},"Taxonomy":{"type":"enumeration","enum":["Wildfire","Environmental Justice ","Natural Disasters","Covid 19","Nasa ","Hurricane","Energy consumption","Transportation emissions","Waste generation","Food & water consumption","Water conservation","Water quality","Water usage tracking","Recycling","Composting","Waste reduction tips","Species conservation","Endangered species","Habitat loss"]},"createdAt":{"type":"datetime"},"updatedAt":{"type":"datetime"},"publishedAt":{"type":"datetime","configurable":false,"writable":true,"visible":false},"createdBy":{"type":"relation","relation":"oneToOne","target":"admin::user","configurable":false,"writable":false,"visible":false,"useJoinTable":false,"private":true},"updatedBy":{"type":"relation","relation":"oneToOne","target":"admin::user","configurable":false,"writable":false,"visible":false,"useJoinTable":false,"private":true},"locale":{"writable":true,"private":true,"configurable":false,"visible":false,"type":"string"},"localizations":{"type":"relation","relation":"oneToMany","target":"api::article.article","writable":false,"private":true,"configurable":false,"visible":false,"unstable_virtual":true,"joinColumn":{"name":"document_id","referencedColumn":"document_id","referencedTable":"articles"}}},"apiName":"article","globalId":"Article","uid":"api::article.article","modelType":"contentType","__schema__":{"collectionName":"articles","info":{"singularName":"article","pluralName":"articles","displayName":"Story","description":"Create your blog content"},"options":{"draftAndPublish":true},"pluginOptions":{},"attributes":{"name":{"type":"string"},"description":{"type":"text","maxLength":500,"unique":false},"slug":{"type":"uid"},"cover":{"type":"media","multiple":false,"required":false,"allowedTypes":["images","files","videos"]},"blocks":{"type":"dynamiczone","components":["shared.media","shared.quote","shared.rich-text","shared.custom-mdx-block","shared.line-graph","shared.map"]},"publishDate":{"type":"date"},"Taxonomy":{"type":"enumeration","enum":["Wildfire","Environmental Justice ","Natural Disasters","Covid 19","Nasa ","Hurricane","Energy consumption","Transportation emissions","Waste generation","Food & water consumption","Water conservation","Water quality","Water usage tracking","Recycling","Composting","Waste reduction tips","Species conservation","Endangered species","Habitat loss"]}},"kind":"collectionType"},"modelName":"article","actions":{},"lifecycles":{}},"api::author.author":{"kind":"collectionType","collectionName":"authors","info":{"singularName":"author","pluralName":"authors","displayName":"Author","description":"Create authors for your content"},"options":{"draftAndPublish":false},"pluginOptions":{},"attributes":{"name":{"type":"string"},"avatar":{"type":"media","multiple":false,"required":false,"allowedTypes":["images","files","videos"]},"email":{"type":"string"},"createdAt":{"type":"datetime"},"updatedAt":{"type":"datetime"},"publishedAt":{"type":"datetime","configurable":false,"writable":true,"visible":false},"createdBy":{"type":"relation","relation":"oneToOne","target":"admin::user","configurable":false,"writable":false,"visible":false,"useJoinTable":false,"private":true},"updatedBy":{"type":"relation","relation":"oneToOne","target":"admin::user","configurable":false,"writable":false,"visible":false,"useJoinTable":false,"private":true},"locale":{"writable":true,"private":true,"configurable":false,"visible":false,"type":"string"},"localizations":{"type":"relation","relation":"oneToMany","target":"api::author.author","writable":false,"private":true,"configurable":false,"visible":false,"unstable_virtual":true,"joinColumn":{"name":"document_id","referencedColumn":"document_id","referencedTable":"authors"}}},"apiName":"author","globalId":"Author","uid":"api::author.author","modelType":"contentType","__schema__":{"collectionName":"authors","info":{"singularName":"author","pluralName":"authors","displayName":"Author","description":"Create authors for your content"},"options":{"draftAndPublish":false},"pluginOptions":{},"attributes":{"name":{"type":"string"},"avatar":{"type":"media","multiple":false,"required":false,"allowedTypes":["images","files","videos"]},"email":{"type":"string"}},"kind":"collectionType"},"modelName":"author","actions":{},"lifecycles":{}},"api::category.category":{"kind":"collectionType","collectionName":"categories","info":{"singularName":"category","pluralName":"categories","displayName":"Category","description":"Organize your content into categories"},"options":{"draftAndPublish":false},"pluginOptions":{},"attributes":{"name":{"type":"string"},"slug":{"type":"uid"},"description":{"type":"text"},"createdAt":{"type":"datetime"},"updatedAt":{"type":"datetime"},"publishedAt":{"type":"datetime","configurable":false,"writable":true,"visible":false},"createdBy":{"type":"relation","relation":"oneToOne","target":"admin::user","configurable":false,"writable":false,"visible":false,"useJoinTable":false,"private":true},"updatedBy":{"type":"relation","relation":"oneToOne","target":"admin::user","configurable":false,"writable":false,"visible":false,"useJoinTable":false,"private":true},"locale":{"writable":true,"private":true,"configurable":false,"visible":false,"type":"string"},"localizations":{"type":"relation","relation":"oneToMany","target":"api::category.category","writable":false,"private":true,"configurable":false,"visible":false,"unstable_virtual":true,"joinColumn":{"name":"document_id","referencedColumn":"document_id","referencedTable":"categories"}}},"apiName":"category","globalId":"Category","uid":"api::category.category","modelType":"contentType","__schema__":{"collectionName":"categories","info":{"singularName":"category","pluralName":"categories","displayName":"Category","description":"Organize your content into categories"},"options":{"draftAndPublish":false},"pluginOptions":{},"attributes":{"name":{"type":"string"},"slug":{"type":"uid"},"description":{"type":"text"}},"kind":"collectionType"},"modelName":"category","actions":{},"lifecycles":{}},"api::global.global":{"kind":"singleType","collectionName":"globals","info":{"singularName":"global","pluralName":"globals","displayName":"Global","description":"Define global settings"},"options":{"draftAndPublish":false},"pluginOptions":{},"attributes":{"siteName":{"type":"string","required":true},"favicon":{"type":"media","multiple":false,"required":false,"allowedTypes":["images","files","videos"]},"siteDescription":{"type":"text","required":true},"defaultSeo":{"type":"component","repeatable":false,"component":"shared.seo"},"createdAt":{"type":"datetime"},"updatedAt":{"type":"datetime"},"publishedAt":{"type":"datetime","configurable":false,"writable":true,"visible":false},"createdBy":{"type":"relation","relation":"oneToOne","target":"admin::user","configurable":false,"writable":false,"visible":false,"useJoinTable":false,"private":true},"updatedBy":{"type":"relation","relation":"oneToOne","target":"admin::user","configurable":false,"writable":false,"visible":false,"useJoinTable":false,"private":true},"locale":{"writable":true,"private":true,"configurable":false,"visible":false,"type":"string"},"localizations":{"type":"relation","relation":"oneToMany","target":"api::global.global","writable":false,"private":true,"configurable":false,"visible":false,"unstable_virtual":true,"joinColumn":{"name":"document_id","referencedColumn":"document_id","referencedTable":"globals"}}},"apiName":"global","globalId":"Global","uid":"api::global.global","modelType":"contentType","__schema__":{"collectionName":"globals","info":{"singularName":"global","pluralName":"globals","displayName":"Global","description":"Define global settings"},"options":{"draftAndPublish":false},"pluginOptions":{},"attributes":{"siteName":{"type":"string","required":true},"favicon":{"type":"media","multiple":false,"required":false,"allowedTypes":["images","files","videos"]},"siteDescription":{"type":"text","required":true},"defaultSeo":{"type":"component","repeatable":false,"component":"shared.seo"}},"kind":"singleType"},"modelName":"global","actions":{},"lifecycles":{}},"admin::permission":{"collectionName":"admin_permissions","info":{"name":"Permission","description":"","singularName":"permission","pluralName":"permissions","displayName":"Permission"},"options":{"draftAndPublish":false},"pluginOptions":{"content-manager":{"visible":false},"content-type-builder":{"visible":false}},"attributes":{"action":{"type":"string","minLength":1,"configurable":false,"required":true},"actionParameters":{"type":"json","configurable":false,"required":false,"default":{}},"subject":{"type":"string","minLength":1,"configurable":false,"required":false},"properties":{"type":"json","configurable":false,"required":false,"default":{}},"conditions":{"type":"json","configurable":false,"required":false,"default":[]},"role":{"configurable":false,"type":"relation","relation":"manyToOne","inversedBy":"permissions","target":"admin::role"},"createdAt":{"type":"datetime"},"updatedAt":{"type":"datetime"},"publishedAt":{"type":"datetime","configurable":false,"writable":true,"visible":false},"createdBy":{"type":"relation","relation":"oneToOne","target":"admin::user","configurable":false,"writable":false,"visible":false,"useJoinTable":false,"private":true},"updatedBy":{"type":"relation","relation":"oneToOne","target":"admin::user","configurable":false,"writable":false,"visible":false,"useJoinTable":false,"private":true},"locale":{"writable":true,"private":true,"configurable":false,"visible":false,"type":"string"},"localizations":{"type":"relation","relation":"oneToMany","target":"admin::permission","writable":false,"private":true,"configurable":false,"visible":false,"unstable_virtual":true,"joinColumn":{"name":"document_id","referencedColumn":"document_id","referencedTable":"admin_permissions"}}},"plugin":"admin","globalId":"AdminPermission","uid":"admin::permission","modelType":"contentType","kind":"collectionType","__schema__":{"collectionName":"admin_permissions","info":{"name":"Permission","description":"","singularName":"permission","pluralName":"permissions","displayName":"Permission"},"options":{},"pluginOptions":{"content-manager":{"visible":false},"content-type-builder":{"visible":false}},"attributes":{"action":{"type":"string","minLength":1,"configurable":false,"required":true},"actionParameters":{"type":"json","configurable":false,"required":false,"default":{}},"subject":{"type":"string","minLength":1,"configurable":false,"required":false},"properties":{"type":"json","configurable":false,"required":false,"default":{}},"conditions":{"type":"json","configurable":false,"required":false,"default":[]},"role":{"configurable":false,"type":"relation","relation":"manyToOne","inversedBy":"permissions","target":"admin::role"}},"kind":"collectionType"},"modelName":"permission"},"admin::user":{"collectionName":"admin_users","info":{"name":"User","description":"","singularName":"user","pluralName":"users","displayName":"User"},"pluginOptions":{"content-manager":{"visible":false},"content-type-builder":{"visible":false}},"attributes":{"firstname":{"type":"string","unique":false,"minLength":1,"configurable":false,"required":false},"lastname":{"type":"string","unique":false,"minLength":1,"configurable":false,"required":false},"username":{"type":"string","unique":false,"configurable":false,"required":false},"email":{"type":"email","minLength":6,"configurable":false,"required":true,"unique":true,"private":true},"password":{"type":"password","minLength":6,"configurable":false,"required":false,"private":true,"searchable":false},"resetPasswordToken":{"type":"string","configurable":false,"private":true,"searchable":false},"registrationToken":{"type":"string","configurable":false,"private":true,"searchable":false},"isActive":{"type":"boolean","default":false,"configurable":false,"private":true},"roles":{"configurable":false,"private":true,"type":"relation","relation":"manyToMany","inversedBy":"users","target":"admin::role","collectionName":"strapi_users_roles"},"blocked":{"type":"boolean","default":false,"configurable":false,"private":true},"preferedLanguage":{"type":"string","configurable":false,"required":false,"searchable":false},"createdAt":{"type":"datetime"},"updatedAt":{"type":"datetime"},"publishedAt":{"type":"datetime","configurable":false,"writable":true,"visible":false},"createdBy":{"type":"relation","relation":"oneToOne","target":"admin::user","configurable":false,"writable":false,"visible":false,"useJoinTable":false,"private":true},"updatedBy":{"type":"relation","relation":"oneToOne","target":"admin::user","configurable":false,"writable":false,"visible":false,"useJoinTable":false,"private":true},"locale":{"writable":true,"private":true,"configurable":false,"visible":false,"type":"string"},"localizations":{"type":"relation","relation":"oneToMany","target":"admin::user","writable":false,"private":true,"configurable":false,"visible":false,"unstable_virtual":true,"joinColumn":{"name":"document_id","referencedColumn":"document_id","referencedTable":"admin_users"}}},"config":{"attributes":{"resetPasswordToken":{"hidden":true},"registrationToken":{"hidden":true}}},"plugin":"admin","globalId":"AdminUser","uid":"admin::user","modelType":"contentType","kind":"collectionType","__schema__":{"collectionName":"admin_users","info":{"name":"User","description":"","singularName":"user","pluralName":"users","displayName":"User"},"pluginOptions":{"content-manager":{"visible":false},"content-type-builder":{"visible":false}},"attributes":{"firstname":{"type":"string","unique":false,"minLength":1,"configurable":false,"required":false},"lastname":{"type":"string","unique":false,"minLength":1,"configurable":false,"required":false},"username":{"type":"string","unique":false,"configurable":false,"required":false},"email":{"type":"email","minLength":6,"configurable":false,"required":true,"unique":true,"private":true},"password":{"type":"password","minLength":6,"configurable":false,"required":false,"private":true,"searchable":false},"resetPasswordToken":{"type":"string","configurable":false,"private":true,"searchable":false},"registrationToken":{"type":"string","configurable":false,"private":true,"searchable":false},"isActive":{"type":"boolean","default":false,"configurable":false,"private":true},"roles":{"configurable":false,"private":true,"type":"relation","relation":"manyToMany","inversedBy":"users","target":"admin::role","collectionName":"strapi_users_roles"},"blocked":{"type":"boolean","default":false,"configurable":false,"private":true},"preferedLanguage":{"type":"string","configurable":false,"required":false,"searchable":false}},"kind":"collectionType"},"modelName":"user","options":{"draftAndPublish":false}},"admin::role":{"collectionName":"admin_roles","info":{"name":"Role","description":"","singularName":"role","pluralName":"roles","displayName":"Role"},"options":{"draftAndPublish":false},"pluginOptions":{"content-manager":{"visible":false},"content-type-builder":{"visible":false}},"attributes":{"name":{"type":"string","minLength":1,"unique":true,"configurable":false,"required":true},"code":{"type":"string","minLength":1,"unique":true,"configurable":false,"required":true},"description":{"type":"string","configurable":false},"users":{"configurable":false,"type":"relation","relation":"manyToMany","mappedBy":"roles","target":"admin::user"},"permissions":{"configurable":false,"type":"relation","relation":"oneToMany","mappedBy":"role","target":"admin::permission"},"createdAt":{"type":"datetime"},"updatedAt":{"type":"datetime"},"publishedAt":{"type":"datetime","configurable":false,"writable":true,"visible":false},"createdBy":{"type":"relation","relation":"oneToOne","target":"admin::user","configurable":false,"writable":false,"visible":false,"useJoinTable":false,"private":true},"updatedBy":{"type":"relation","relation":"oneToOne","target":"admin::user","configurable":false,"writable":false,"visible":false,"useJoinTable":false,"private":true},"locale":{"writable":true,"private":true,"configurable":false,"visible":false,"type":"string"},"localizations":{"type":"relation","relation":"oneToMany","target":"admin::role","writable":false,"private":true,"configurable":false,"visible":false,"unstable_virtual":true,"joinColumn":{"name":"document_id","referencedColumn":"document_id","referencedTable":"admin_roles"}}},"plugin":"admin","globalId":"AdminRole","uid":"admin::role","modelType":"contentType","kind":"collectionType","__schema__":{"collectionName":"admin_roles","info":{"name":"Role","description":"","singularName":"role","pluralName":"roles","displayName":"Role"},"options":{},"pluginOptions":{"content-manager":{"visible":false},"content-type-builder":{"visible":false}},"attributes":{"name":{"type":"string","minLength":1,"unique":true,"configurable":false,"required":true},"code":{"type":"string","minLength":1,"unique":true,"configurable":false,"required":true},"description":{"type":"string","configurable":false},"users":{"configurable":false,"type":"relation","relation":"manyToMany","mappedBy":"roles","target":"admin::user"},"permissions":{"configurable":false,"type":"relation","relation":"oneToMany","mappedBy":"role","target":"admin::permission"}},"kind":"collectionType"},"modelName":"role"},"admin::api-token":{"collectionName":"strapi_api_tokens","info":{"name":"Api Token","singularName":"api-token","pluralName":"api-tokens","displayName":"Api Token","description":""},"options":{"draftAndPublish":false},"pluginOptions":{"content-manager":{"visible":false},"content-type-builder":{"visible":false}},"attributes":{"name":{"type":"string","minLength":1,"configurable":false,"required":true,"unique":true},"description":{"type":"string","minLength":1,"configurable":false,"required":false,"default":""},"type":{"type":"enumeration","enum":["read-only","full-access","custom"],"configurable":false,"required":true,"default":"read-only"},"accessKey":{"type":"string","minLength":1,"configurable":false,"required":true,"searchable":false},"lastUsedAt":{"type":"datetime","configurable":false,"required":false},"permissions":{"type":"relation","target":"admin::api-token-permission","relation":"oneToMany","mappedBy":"token","configurable":false,"required":false},"expiresAt":{"type":"datetime","configurable":false,"required":false},"lifespan":{"type":"biginteger","configurable":false,"required":false},"createdAt":{"type":"datetime"},"updatedAt":{"type":"datetime"},"publishedAt":{"type":"datetime","configurable":false,"writable":true,"visible":false},"createdBy":{"type":"relation","relation":"oneToOne","target":"admin::user","configurable":false,"writable":false,"visible":false,"useJoinTable":false,"private":true},"updatedBy":{"type":"relation","relation":"oneToOne","target":"admin::user","configurable":false,"writable":false,"visible":false,"useJoinTable":false,"private":true},"locale":{"writable":true,"private":true,"configurable":false,"visible":false,"type":"string"},"localizations":{"type":"relation","relation":"oneToMany","target":"admin::api-token","writable":false,"private":true,"configurable":false,"visible":false,"unstable_virtual":true,"joinColumn":{"name":"document_id","referencedColumn":"document_id","referencedTable":"strapi_api_tokens"}}},"plugin":"admin","globalId":"AdminApiToken","uid":"admin::api-token","modelType":"contentType","kind":"collectionType","__schema__":{"collectionName":"strapi_api_tokens","info":{"name":"Api Token","singularName":"api-token","pluralName":"api-tokens","displayName":"Api Token","description":""},"options":{},"pluginOptions":{"content-manager":{"visible":false},"content-type-builder":{"visible":false}},"attributes":{"name":{"type":"string","minLength":1,"configurable":false,"required":true,"unique":true},"description":{"type":"string","minLength":1,"configurable":false,"required":false,"default":""},"type":{"type":"enumeration","enum":["read-only","full-access","custom"],"configurable":false,"required":true,"default":"read-only"},"accessKey":{"type":"string","minLength":1,"configurable":false,"required":true,"searchable":false},"lastUsedAt":{"type":"datetime","configurable":false,"required":false},"permissions":{"type":"relation","target":"admin::api-token-permission","relation":"oneToMany","mappedBy":"token","configurable":false,"required":false},"expiresAt":{"type":"datetime","configurable":false,"required":false},"lifespan":{"type":"biginteger","configurable":false,"required":false}},"kind":"collectionType"},"modelName":"api-token"},"admin::api-token-permission":{"collectionName":"strapi_api_token_permissions","info":{"name":"API Token Permission","description":"","singularName":"api-token-permission","pluralName":"api-token-permissions","displayName":"API Token Permission"},"options":{"draftAndPublish":false},"pluginOptions":{"content-manager":{"visible":false},"content-type-builder":{"visible":false}},"attributes":{"action":{"type":"string","minLength":1,"configurable":false,"required":true},"token":{"configurable":false,"type":"relation","relation":"manyToOne","inversedBy":"permissions","target":"admin::api-token"},"createdAt":{"type":"datetime"},"updatedAt":{"type":"datetime"},"publishedAt":{"type":"datetime","configurable":false,"writable":true,"visible":false},"createdBy":{"type":"relation","relation":"oneToOne","target":"admin::user","configurable":false,"writable":false,"visible":false,"useJoinTable":false,"private":true},"updatedBy":{"type":"relation","relation":"oneToOne","target":"admin::user","configurable":false,"writable":false,"visible":false,"useJoinTable":false,"private":true},"locale":{"writable":true,"private":true,"configurable":false,"visible":false,"type":"string"},"localizations":{"type":"relation","relation":"oneToMany","target":"admin::api-token-permission","writable":false,"private":true,"configurable":false,"visible":false,"unstable_virtual":true,"joinColumn":{"name":"document_id","referencedColumn":"document_id","referencedTable":"strapi_api_token_permissions"}}},"plugin":"admin","globalId":"AdminApiTokenPermission","uid":"admin::api-token-permission","modelType":"contentType","kind":"collectionType","__schema__":{"collectionName":"strapi_api_token_permissions","info":{"name":"API Token Permission","description":"","singularName":"api-token-permission","pluralName":"api-token-permissions","displayName":"API Token Permission"},"options":{},"pluginOptions":{"content-manager":{"visible":false},"content-type-builder":{"visible":false}},"attributes":{"action":{"type":"string","minLength":1,"configurable":false,"required":true},"token":{"configurable":false,"type":"relation","relation":"manyToOne","inversedBy":"permissions","target":"admin::api-token"}},"kind":"collectionType"},"modelName":"api-token-permission"},"admin::transfer-token":{"collectionName":"strapi_transfer_tokens","info":{"name":"Transfer Token","singularName":"transfer-token","pluralName":"transfer-tokens","displayName":"Transfer Token","description":""},"options":{"draftAndPublish":false},"pluginOptions":{"content-manager":{"visible":false},"content-type-builder":{"visible":false}},"attributes":{"name":{"type":"string","minLength":1,"configurable":false,"required":true,"unique":true},"description":{"type":"string","minLength":1,"configurable":false,"required":false,"default":""},"accessKey":{"type":"string","minLength":1,"configurable":false,"required":true},"lastUsedAt":{"type":"datetime","configurable":false,"required":false},"permissions":{"type":"relation","target":"admin::transfer-token-permission","relation":"oneToMany","mappedBy":"token","configurable":false,"required":false},"expiresAt":{"type":"datetime","configurable":false,"required":false},"lifespan":{"type":"biginteger","configurable":false,"required":false},"createdAt":{"type":"datetime"},"updatedAt":{"type":"datetime"},"publishedAt":{"type":"datetime","configurable":false,"writable":true,"visible":false},"createdBy":{"type":"relation","relation":"oneToOne","target":"admin::user","configurable":false,"writable":false,"visible":false,"useJoinTable":false,"private":true},"updatedBy":{"type":"relation","relation":"oneToOne","target":"admin::user","configurable":false,"writable":false,"visible":false,"useJoinTable":false,"private":true},"locale":{"writable":true,"private":true,"configurable":false,"visible":false,"type":"string"},"localizations":{"type":"relation","relation":"oneToMany","target":"admin::transfer-token","writable":false,"private":true,"configurable":false,"visible":false,"unstable_virtual":true,"joinColumn":{"name":"document_id","referencedColumn":"document_id","referencedTable":"strapi_transfer_tokens"}}},"plugin":"admin","globalId":"AdminTransferToken","uid":"admin::transfer-token","modelType":"contentType","kind":"collectionType","__schema__":{"collectionName":"strapi_transfer_tokens","info":{"name":"Transfer Token","singularName":"transfer-token","pluralName":"transfer-tokens","displayName":"Transfer Token","description":""},"options":{},"pluginOptions":{"content-manager":{"visible":false},"content-type-builder":{"visible":false}},"attributes":{"name":{"type":"string","minLength":1,"configurable":false,"required":true,"unique":true},"description":{"type":"string","minLength":1,"configurable":false,"required":false,"default":""},"accessKey":{"type":"string","minLength":1,"configurable":false,"required":true},"lastUsedAt":{"type":"datetime","configurable":false,"required":false},"permissions":{"type":"relation","target":"admin::transfer-token-permission","relation":"oneToMany","mappedBy":"token","configurable":false,"required":false},"expiresAt":{"type":"datetime","configurable":false,"required":false},"lifespan":{"type":"biginteger","configurable":false,"required":false}},"kind":"collectionType"},"modelName":"transfer-token"},"admin::transfer-token-permission":{"collectionName":"strapi_transfer_token_permissions","info":{"name":"Transfer Token Permission","description":"","singularName":"transfer-token-permission","pluralName":"transfer-token-permissions","displayName":"Transfer Token Permission"},"options":{"draftAndPublish":false},"pluginOptions":{"content-manager":{"visible":false},"content-type-builder":{"visible":false}},"attributes":{"action":{"type":"string","minLength":1,"configurable":false,"required":true},"token":{"configurable":false,"type":"relation","relation":"manyToOne","inversedBy":"permissions","target":"admin::transfer-token"},"createdAt":{"type":"datetime"},"updatedAt":{"type":"datetime"},"publishedAt":{"type":"datetime","configurable":false,"writable":true,"visible":false},"createdBy":{"type":"relation","relation":"oneToOne","target":"admin::user","configurable":false,"writable":false,"visible":false,"useJoinTable":false,"private":true},"updatedBy":{"type":"relation","relation":"oneToOne","target":"admin::user","configurable":false,"writable":false,"visible":false,"useJoinTable":false,"private":true},"locale":{"writable":true,"private":true,"configurable":false,"visible":false,"type":"string"},"localizations":{"type":"relation","relation":"oneToMany","target":"admin::transfer-token-permission","writable":false,"private":true,"configurable":false,"visible":false,"unstable_virtual":true,"joinColumn":{"name":"document_id","referencedColumn":"document_id","referencedTable":"strapi_transfer_token_permissions"}}},"plugin":"admin","globalId":"AdminTransferTokenPermission","uid":"admin::transfer-token-permission","modelType":"contentType","kind":"collectionType","__schema__":{"collectionName":"strapi_transfer_token_permissions","info":{"name":"Transfer Token Permission","description":"","singularName":"transfer-token-permission","pluralName":"transfer-token-permissions","displayName":"Transfer Token Permission"},"options":{},"pluginOptions":{"content-manager":{"visible":false},"content-type-builder":{"visible":false}},"attributes":{"action":{"type":"string","minLength":1,"configurable":false,"required":true},"token":{"configurable":false,"type":"relation","relation":"manyToOne","inversedBy":"permissions","target":"admin::transfer-token"}},"kind":"collectionType"},"modelName":"transfer-token-permission"}}	object	\N	\N
2	plugin_content_manager_configuration_components::shared.test	{"settings":{"bulkable":true,"filterable":true,"searchable":true,"pageSize":10,"mainField":"test","defaultSortBy":"test","defaultSortOrder":"ASC"},"metadatas":{"id":{"edit":{},"list":{"label":"id","searchable":false,"sortable":false}},"test":{"edit":{"label":"test","description":"","placeholder":"","visible":true,"editable":true},"list":{"label":"test","searchable":true,"sortable":true}}},"layouts":{"list":["id","test"],"edit":[[{"name":"test","size":6}]]},"uid":"shared.test","isComponent":true}	object	\N	\N
7	plugin_content_manager_configuration_components::shared.quote	{"settings":{"bulkable":true,"filterable":true,"searchable":true,"pageSize":10,"mainField":"title","defaultSortBy":"title","defaultSortOrder":"ASC"},"metadatas":{"id":{"edit":{},"list":{"label":"id","searchable":false,"sortable":false}},"title":{"edit":{"label":"title","description":"","placeholder":"","visible":true,"editable":true},"list":{"label":"title","searchable":true,"sortable":true}},"body":{"edit":{"label":"body","description":"","placeholder":"","visible":true,"editable":true},"list":{"label":"body","searchable":true,"sortable":true}}},"layouts":{"list":["id","title","body"],"edit":[[{"name":"title","size":6},{"name":"body","size":6}]]},"uid":"shared.quote","isComponent":true}	object	\N	\N
10	plugin_content_manager_configuration_components::shared.card	{"settings":{"bulkable":true,"filterable":true,"searchable":true,"pageSize":10,"mainField":"id","defaultSortBy":"id","defaultSortOrder":"ASC"},"metadatas":{"id":{"edit":{},"list":{"label":"id","searchable":false,"sortable":false}},"Title":{"edit":{"label":"Title","description":"","placeholder":"","visible":true,"editable":true},"list":{"label":"Title","searchable":true,"sortable":true}},"Subhead":{"edit":{"label":"Subhead","description":"","placeholder":"","visible":true,"editable":true},"list":{"label":"Subhead","searchable":true,"sortable":true}},"backgroundImg":{"edit":{"label":"backgroundImg","description":"","placeholder":"","visible":true,"editable":true},"list":{"label":"backgroundImg","searchable":false,"sortable":false}}},"layouts":{"list":["id","Title","Subhead","backgroundImg"],"edit":[[{"name":"Title","size":6},{"name":"Subhead","size":6}],[{"name":"backgroundImg","size":6}]]},"uid":"shared.card","isComponent":true}	object	\N	\N
5	plugin_content_manager_configuration_components::shared.slider	{"settings":{"bulkable":true,"filterable":true,"searchable":true,"pageSize":10,"mainField":"id","defaultSortBy":"id","defaultSortOrder":"ASC"},"metadatas":{"id":{"edit":{},"list":{"label":"id","searchable":false,"sortable":false}},"files":{"edit":{"label":"files","description":"","placeholder":"","visible":true,"editable":true},"list":{"label":"files","searchable":false,"sortable":false}}},"layouts":{"list":["id","files"],"edit":[[{"name":"files","size":6}]]},"uid":"shared.slider","isComponent":true}	object	\N	\N
18	plugin_content_manager_configuration_content_types::admin::permission	{"settings":{"bulkable":true,"filterable":true,"searchable":true,"pageSize":10,"mainField":"action","defaultSortBy":"action","defaultSortOrder":"ASC"},"metadatas":{"id":{"edit":{},"list":{"label":"id","searchable":true,"sortable":true}},"action":{"edit":{"label":"action","description":"","placeholder":"","visible":true,"editable":true},"list":{"label":"action","searchable":true,"sortable":true}},"actionParameters":{"edit":{"label":"actionParameters","description":"","placeholder":"","visible":true,"editable":true},"list":{"label":"actionParameters","searchable":false,"sortable":false}},"subject":{"edit":{"label":"subject","description":"","placeholder":"","visible":true,"editable":true},"list":{"label":"subject","searchable":true,"sortable":true}},"properties":{"edit":{"label":"properties","description":"","placeholder":"","visible":true,"editable":true},"list":{"label":"properties","searchable":false,"sortable":false}},"conditions":{"edit":{"label":"conditions","description":"","placeholder":"","visible":true,"editable":true},"list":{"label":"conditions","searchable":false,"sortable":false}},"role":{"edit":{"label":"role","description":"","placeholder":"","visible":true,"editable":true,"mainField":"name"},"list":{"label":"role","searchable":true,"sortable":true}},"createdAt":{"edit":{"label":"createdAt","description":"","placeholder":"","visible":false,"editable":true},"list":{"label":"createdAt","searchable":true,"sortable":true}},"updatedAt":{"edit":{"label":"updatedAt","description":"","placeholder":"","visible":false,"editable":true},"list":{"label":"updatedAt","searchable":true,"sortable":true}},"createdBy":{"edit":{"label":"createdBy","description":"","placeholder":"","visible":false,"editable":true,"mainField":"firstname"},"list":{"label":"createdBy","searchable":true,"sortable":true}},"updatedBy":{"edit":{"label":"updatedBy","description":"","placeholder":"","visible":false,"editable":true,"mainField":"firstname"},"list":{"label":"updatedBy","searchable":true,"sortable":true}}},"layouts":{"list":["id","action","subject","role"],"edit":[[{"name":"action","size":6}],[{"name":"actionParameters","size":12}],[{"name":"subject","size":6}],[{"name":"properties","size":12}],[{"name":"conditions","size":12}],[{"name":"role","size":6}]]},"uid":"admin::permission"}	object	\N	\N
26	plugin_content_manager_configuration_content_types::admin::api-token	{"settings":{"bulkable":true,"filterable":true,"searchable":true,"pageSize":10,"mainField":"name","defaultSortBy":"name","defaultSortOrder":"ASC"},"metadatas":{"id":{"edit":{},"list":{"label":"id","searchable":true,"sortable":true}},"name":{"edit":{"label":"name","description":"","placeholder":"","visible":true,"editable":true},"list":{"label":"name","searchable":true,"sortable":true}},"description":{"edit":{"label":"description","description":"","placeholder":"","visible":true,"editable":true},"list":{"label":"description","searchable":true,"sortable":true}},"type":{"edit":{"label":"type","description":"","placeholder":"","visible":true,"editable":true},"list":{"label":"type","searchable":true,"sortable":true}},"accessKey":{"edit":{"label":"accessKey","description":"","placeholder":"","visible":true,"editable":true},"list":{"label":"accessKey","searchable":true,"sortable":true}},"lastUsedAt":{"edit":{"label":"lastUsedAt","description":"","placeholder":"","visible":true,"editable":true},"list":{"label":"lastUsedAt","searchable":true,"sortable":true}},"permissions":{"edit":{"label":"permissions","description":"","placeholder":"","visible":true,"editable":true,"mainField":"action"},"list":{"label":"permissions","searchable":false,"sortable":false}},"expiresAt":{"edit":{"label":"expiresAt","description":"","placeholder":"","visible":true,"editable":true},"list":{"label":"expiresAt","searchable":true,"sortable":true}},"lifespan":{"edit":{"label":"lifespan","description":"","placeholder":"","visible":true,"editable":true},"list":{"label":"lifespan","searchable":true,"sortable":true}},"createdAt":{"edit":{"label":"createdAt","description":"","placeholder":"","visible":false,"editable":true},"list":{"label":"createdAt","searchable":true,"sortable":true}},"updatedAt":{"edit":{"label":"updatedAt","description":"","placeholder":"","visible":false,"editable":true},"list":{"label":"updatedAt","searchable":true,"sortable":true}},"createdBy":{"edit":{"label":"createdBy","description":"","placeholder":"","visible":false,"editable":true,"mainField":"firstname"},"list":{"label":"createdBy","searchable":true,"sortable":true}},"updatedBy":{"edit":{"label":"updatedBy","description":"","placeholder":"","visible":false,"editable":true,"mainField":"firstname"},"list":{"label":"updatedBy","searchable":true,"sortable":true}}},"layouts":{"list":["id","name","description","type"],"edit":[[{"name":"name","size":6},{"name":"description","size":6}],[{"name":"type","size":6},{"name":"accessKey","size":6}],[{"name":"lastUsedAt","size":6},{"name":"permissions","size":6}],[{"name":"expiresAt","size":6},{"name":"lifespan","size":4}]]},"uid":"admin::api-token"}	object	\N	\N
28	plugin_content_manager_configuration_content_types::plugin::i18n.locale	{"settings":{"bulkable":true,"filterable":true,"searchable":true,"pageSize":10,"mainField":"name","defaultSortBy":"name","defaultSortOrder":"ASC"},"metadatas":{"id":{"edit":{},"list":{"label":"id","searchable":true,"sortable":true}},"name":{"edit":{"label":"name","description":"","placeholder":"","visible":true,"editable":true},"list":{"label":"name","searchable":true,"sortable":true}},"code":{"edit":{"label":"code","description":"","placeholder":"","visible":true,"editable":true},"list":{"label":"code","searchable":true,"sortable":true}},"createdAt":{"edit":{"label":"createdAt","description":"","placeholder":"","visible":false,"editable":true},"list":{"label":"createdAt","searchable":true,"sortable":true}},"updatedAt":{"edit":{"label":"updatedAt","description":"","placeholder":"","visible":false,"editable":true},"list":{"label":"updatedAt","searchable":true,"sortable":true}},"createdBy":{"edit":{"label":"createdBy","description":"","placeholder":"","visible":false,"editable":true,"mainField":"firstname"},"list":{"label":"createdBy","searchable":true,"sortable":true}},"updatedBy":{"edit":{"label":"updatedBy","description":"","placeholder":"","visible":false,"editable":true,"mainField":"firstname"},"list":{"label":"updatedBy","searchable":true,"sortable":true}}},"layouts":{"list":["id","name","code","createdAt"],"edit":[[{"name":"name","size":6},{"name":"code","size":6}]]},"uid":"plugin::i18n.locale"}	object	\N	\N
30	plugin_content_manager_configuration_content_types::plugin::upload.folder	{"settings":{"bulkable":true,"filterable":true,"searchable":true,"pageSize":10,"mainField":"name","defaultSortBy":"name","defaultSortOrder":"ASC"},"metadatas":{"id":{"edit":{},"list":{"label":"id","searchable":true,"sortable":true}},"name":{"edit":{"label":"name","description":"","placeholder":"","visible":true,"editable":true},"list":{"label":"name","searchable":true,"sortable":true}},"pathId":{"edit":{"label":"pathId","description":"","placeholder":"","visible":true,"editable":true},"list":{"label":"pathId","searchable":true,"sortable":true}},"parent":{"edit":{"label":"parent","description":"","placeholder":"","visible":true,"editable":true,"mainField":"name"},"list":{"label":"parent","searchable":true,"sortable":true}},"children":{"edit":{"label":"children","description":"","placeholder":"","visible":true,"editable":true,"mainField":"name"},"list":{"label":"children","searchable":false,"sortable":false}},"files":{"edit":{"label":"files","description":"","placeholder":"","visible":true,"editable":true,"mainField":"name"},"list":{"label":"files","searchable":false,"sortable":false}},"path":{"edit":{"label":"path","description":"","placeholder":"","visible":true,"editable":true},"list":{"label":"path","searchable":true,"sortable":true}},"createdAt":{"edit":{"label":"createdAt","description":"","placeholder":"","visible":false,"editable":true},"list":{"label":"createdAt","searchable":true,"sortable":true}},"updatedAt":{"edit":{"label":"updatedAt","description":"","placeholder":"","visible":false,"editable":true},"list":{"label":"updatedAt","searchable":true,"sortable":true}},"createdBy":{"edit":{"label":"createdBy","description":"","placeholder":"","visible":false,"editable":true,"mainField":"firstname"},"list":{"label":"createdBy","searchable":true,"sortable":true}},"updatedBy":{"edit":{"label":"updatedBy","description":"","placeholder":"","visible":false,"editable":true,"mainField":"firstname"},"list":{"label":"updatedBy","searchable":true,"sortable":true}}},"layouts":{"list":["id","name","pathId","parent"],"edit":[[{"name":"name","size":6},{"name":"pathId","size":4}],[{"name":"parent","size":6},{"name":"children","size":6}],[{"name":"files","size":6},{"name":"path","size":6}]]},"uid":"plugin::upload.folder"}	object	\N	\N
20	plugin_content_manager_configuration_content_types::api::author.author	{"settings":{"bulkable":true,"filterable":true,"searchable":true,"pageSize":10,"mainField":"name","defaultSortBy":"name","defaultSortOrder":"ASC"},"metadatas":{"id":{"edit":{},"list":{"label":"id","searchable":true,"sortable":true}},"name":{"edit":{"label":"name","description":"","placeholder":"","visible":true,"editable":true},"list":{"label":"name","searchable":true,"sortable":true}},"avatar":{"edit":{"label":"avatar","description":"","placeholder":"","visible":true,"editable":true},"list":{"label":"avatar","searchable":false,"sortable":false}},"email":{"edit":{"label":"email","description":"","placeholder":"","visible":true,"editable":true},"list":{"label":"email","searchable":true,"sortable":true}},"createdAt":{"edit":{"label":"createdAt","description":"","placeholder":"","visible":false,"editable":true},"list":{"label":"createdAt","searchable":true,"sortable":true}},"updatedAt":{"edit":{"label":"updatedAt","description":"","placeholder":"","visible":false,"editable":true},"list":{"label":"updatedAt","searchable":true,"sortable":true}},"createdBy":{"edit":{"label":"createdBy","description":"","placeholder":"","visible":false,"editable":true,"mainField":"firstname"},"list":{"label":"createdBy","searchable":true,"sortable":true}},"updatedBy":{"edit":{"label":"updatedBy","description":"","placeholder":"","visible":false,"editable":true,"mainField":"firstname"},"list":{"label":"updatedBy","searchable":true,"sortable":true}}},"layouts":{"list":["id","name","avatar","email"],"edit":[[{"name":"name","size":6},{"name":"avatar","size":6}],[{"name":"email","size":6}]]},"uid":"api::author.author"}	object	\N	\N
24	plugin_content_manager_configuration_content_types::admin::transfer-token	{"settings":{"bulkable":true,"filterable":true,"searchable":true,"pageSize":10,"mainField":"name","defaultSortBy":"name","defaultSortOrder":"ASC"},"metadatas":{"id":{"edit":{},"list":{"label":"id","searchable":true,"sortable":true}},"name":{"edit":{"label":"name","description":"","placeholder":"","visible":true,"editable":true},"list":{"label":"name","searchable":true,"sortable":true}},"description":{"edit":{"label":"description","description":"","placeholder":"","visible":true,"editable":true},"list":{"label":"description","searchable":true,"sortable":true}},"accessKey":{"edit":{"label":"accessKey","description":"","placeholder":"","visible":true,"editable":true},"list":{"label":"accessKey","searchable":true,"sortable":true}},"lastUsedAt":{"edit":{"label":"lastUsedAt","description":"","placeholder":"","visible":true,"editable":true},"list":{"label":"lastUsedAt","searchable":true,"sortable":true}},"permissions":{"edit":{"label":"permissions","description":"","placeholder":"","visible":true,"editable":true,"mainField":"action"},"list":{"label":"permissions","searchable":false,"sortable":false}},"expiresAt":{"edit":{"label":"expiresAt","description":"","placeholder":"","visible":true,"editable":true},"list":{"label":"expiresAt","searchable":true,"sortable":true}},"lifespan":{"edit":{"label":"lifespan","description":"","placeholder":"","visible":true,"editable":true},"list":{"label":"lifespan","searchable":true,"sortable":true}},"createdAt":{"edit":{"label":"createdAt","description":"","placeholder":"","visible":false,"editable":true},"list":{"label":"createdAt","searchable":true,"sortable":true}},"updatedAt":{"edit":{"label":"updatedAt","description":"","placeholder":"","visible":false,"editable":true},"list":{"label":"updatedAt","searchable":true,"sortable":true}},"createdBy":{"edit":{"label":"createdBy","description":"","placeholder":"","visible":false,"editable":true,"mainField":"firstname"},"list":{"label":"createdBy","searchable":true,"sortable":true}},"updatedBy":{"edit":{"label":"updatedBy","description":"","placeholder":"","visible":false,"editable":true,"mainField":"firstname"},"list":{"label":"updatedBy","searchable":true,"sortable":true}}},"layouts":{"list":["id","name","description","accessKey"],"edit":[[{"name":"name","size":6},{"name":"description","size":6}],[{"name":"accessKey","size":6},{"name":"lastUsedAt","size":6}],[{"name":"permissions","size":6},{"name":"expiresAt","size":6}],[{"name":"lifespan","size":4}]]},"uid":"admin::transfer-token"}	object	\N	\N
27	plugin_content_manager_configuration_content_types::plugin::users-permissions.permission	{"settings":{"bulkable":true,"filterable":true,"searchable":true,"pageSize":10,"mainField":"action","defaultSortBy":"action","defaultSortOrder":"ASC"},"metadatas":{"id":{"edit":{},"list":{"label":"id","searchable":true,"sortable":true}},"action":{"edit":{"label":"action","description":"","placeholder":"","visible":true,"editable":true},"list":{"label":"action","searchable":true,"sortable":true}},"role":{"edit":{"label":"role","description":"","placeholder":"","visible":true,"editable":true,"mainField":"name"},"list":{"label":"role","searchable":true,"sortable":true}},"createdAt":{"edit":{"label":"createdAt","description":"","placeholder":"","visible":false,"editable":true},"list":{"label":"createdAt","searchable":true,"sortable":true}},"updatedAt":{"edit":{"label":"updatedAt","description":"","placeholder":"","visible":false,"editable":true},"list":{"label":"updatedAt","searchable":true,"sortable":true}},"createdBy":{"edit":{"label":"createdBy","description":"","placeholder":"","visible":false,"editable":true,"mainField":"firstname"},"list":{"label":"createdBy","searchable":true,"sortable":true}},"updatedBy":{"edit":{"label":"updatedBy","description":"","placeholder":"","visible":false,"editable":true,"mainField":"firstname"},"list":{"label":"updatedBy","searchable":true,"sortable":true}}},"layouts":{"list":["id","action","role","createdAt"],"edit":[[{"name":"action","size":6},{"name":"role","size":6}]]},"uid":"plugin::users-permissions.permission"}	object	\N	\N
31	plugin_content_manager_configuration_content_types::plugin::users-permissions.user	{"settings":{"bulkable":true,"filterable":true,"searchable":true,"pageSize":10,"mainField":"username","defaultSortBy":"username","defaultSortOrder":"ASC"},"metadatas":{"id":{"edit":{},"list":{"label":"id","searchable":true,"sortable":true}},"username":{"edit":{"label":"username","description":"","placeholder":"","visible":true,"editable":true},"list":{"label":"username","searchable":true,"sortable":true}},"email":{"edit":{"label":"email","description":"","placeholder":"","visible":true,"editable":true},"list":{"label":"email","searchable":true,"sortable":true}},"provider":{"edit":{"label":"provider","description":"","placeholder":"","visible":false,"editable":true},"list":{"label":"provider","searchable":true,"sortable":true}},"password":{"edit":{"label":"password","description":"","placeholder":"","visible":true,"editable":true},"list":{"label":"password","searchable":true,"sortable":true}},"resetPasswordToken":{"edit":{"label":"resetPasswordToken","description":"","placeholder":"","visible":false,"editable":true},"list":{"label":"resetPasswordToken","searchable":true,"sortable":true}},"confirmationToken":{"edit":{"label":"confirmationToken","description":"","placeholder":"","visible":false,"editable":true},"list":{"label":"confirmationToken","searchable":true,"sortable":true}},"confirmed":{"edit":{"label":"confirmed","description":"","placeholder":"","visible":true,"editable":true},"list":{"label":"confirmed","searchable":true,"sortable":true}},"blocked":{"edit":{"label":"blocked","description":"","placeholder":"","visible":true,"editable":true},"list":{"label":"blocked","searchable":true,"sortable":true}},"role":{"edit":{"label":"role","description":"","placeholder":"","visible":true,"editable":true,"mainField":"name"},"list":{"label":"role","searchable":true,"sortable":true}},"createdAt":{"edit":{"label":"createdAt","description":"","placeholder":"","visible":false,"editable":true},"list":{"label":"createdAt","searchable":true,"sortable":true}},"updatedAt":{"edit":{"label":"updatedAt","description":"","placeholder":"","visible":false,"editable":true},"list":{"label":"updatedAt","searchable":true,"sortable":true}},"createdBy":{"edit":{"label":"createdBy","description":"","placeholder":"","visible":false,"editable":true,"mainField":"firstname"},"list":{"label":"createdBy","searchable":true,"sortable":true}},"updatedBy":{"edit":{"label":"updatedBy","description":"","placeholder":"","visible":false,"editable":true,"mainField":"firstname"},"list":{"label":"updatedBy","searchable":true,"sortable":true}}},"layouts":{"list":["id","username","email","confirmed"],"edit":[[{"name":"username","size":6},{"name":"email","size":6}],[{"name":"password","size":6},{"name":"confirmed","size":4}],[{"name":"blocked","size":4},{"name":"role","size":6}]]},"uid":"plugin::users-permissions.user"}	object	\N	\N
11	plugin_content_manager_configuration_content_types::api::about.about	{"settings":{"bulkable":true,"filterable":true,"searchable":true,"pageSize":10,"mainField":"title","defaultSortBy":"title","defaultSortOrder":"ASC"},"metadatas":{"id":{"edit":{},"list":{"label":"id","searchable":true,"sortable":true}},"title":{"edit":{"label":"title","description":"","placeholder":"","visible":true,"editable":true},"list":{"label":"title","searchable":true,"sortable":true}},"blocks":{"edit":{"label":"blocks","description":"","placeholder":"","visible":true,"editable":true},"list":{"label":"blocks","searchable":false,"sortable":false}},"createdAt":{"edit":{"label":"createdAt","description":"","placeholder":"","visible":false,"editable":true},"list":{"label":"createdAt","searchable":true,"sortable":true}},"updatedAt":{"edit":{"label":"updatedAt","description":"","placeholder":"","visible":false,"editable":true},"list":{"label":"updatedAt","searchable":true,"sortable":true}},"createdBy":{"edit":{"label":"createdBy","description":"","placeholder":"","visible":false,"editable":true,"mainField":"firstname"},"list":{"label":"createdBy","searchable":true,"sortable":true}},"updatedBy":{"edit":{"label":"updatedBy","description":"","placeholder":"","visible":false,"editable":true,"mainField":"firstname"},"list":{"label":"updatedBy","searchable":true,"sortable":true}}},"layouts":{"list":["id","title","createdAt","updatedAt"],"edit":[[{"name":"title","size":6}],[{"name":"blocks","size":12}]]},"uid":"api::about.about"}	object	\N	\N
\.


--
-- Data for Name: strapi_database_schema; Type: TABLE DATA; Schema: public; Owner: postgres
--

COPY public.strapi_database_schema (id, schema, "time", hash) FROM stdin;
7	{"tables":[{"name":"files","indexes":[{"name":"upload_files_folder_path_index","columns":["folder_path"],"type":null},{"name":"upload_files_created_at_index","columns":["created_at"],"type":null},{"name":"upload_files_updated_at_index","columns":["updated_at"],"type":null},{"name":"upload_files_name_index","columns":["name"],"type":null},{"name":"upload_files_size_index","columns":["size"],"type":null},{"name":"upload_files_ext_index","columns":["ext"],"type":null},{"name":"files_documents_idx","columns":["document_id","locale","published_at"]},{"name":"files_created_by_id_fk","columns":["created_by_id"]},{"name":"files_updated_by_id_fk","columns":["updated_by_id"]}],"foreignKeys":[{"name":"files_created_by_id_fk","columns":["created_by_id"],"referencedTable":"admin_users","referencedColumns":["id"],"onDelete":"SET NULL"},{"name":"files_updated_by_id_fk","columns":["updated_by_id"],"referencedTable":"admin_users","referencedColumns":["id"],"onDelete":"SET NULL"}],"columns":[{"name":"id","type":"increments","args":[{"primary":true,"primaryKey":true}],"defaultTo":null,"notNullable":true,"unsigned":false},{"name":"document_id","type":"string","args":[],"defaultTo":null,"notNullable":false,"unsigned":false},{"name":"name","type":"string","args":[],"defaultTo":null,"notNullable":false,"unsigned":false},{"name":"alternative_text","type":"string","args":[],"defaultTo":null,"notNullable":false,"unsigned":false},{"name":"caption","type":"string","args":[],"defaultTo":null,"notNullable":false,"unsigned":false},{"name":"width","type":"integer","args":[],"defaultTo":null,"notNullable":false,"unsigned":false},{"name":"height","type":"integer","args":[],"defaultTo":null,"notNullable":false,"unsigned":false},{"name":"formats","type":"jsonb","args":[],"defaultTo":null,"notNullable":false,"unsigned":false},{"name":"hash","type":"string","args":[],"defaultTo":null,"notNullable":false,"unsigned":false},{"name":"ext","type":"string","args":[],"defaultTo":null,"notNullable":false,"unsigned":false},{"name":"mime","type":"string","args":[],"defaultTo":null,"notNullable":false,"unsigned":false},{"name":"size","type":"decimal","args":[10,2],"defaultTo":null,"notNullable":false,"unsigned":false},{"name":"url","type":"string","args":[],"defaultTo":null,"notNullable":false,"unsigned":false},{"name":"preview_url","type":"string","args":[],"defaultTo":null,"notNullable":false,"unsigned":false},{"name":"provider","type":"string","args":[],"defaultTo":null,"notNullable":false,"unsigned":false},{"name":"provider_metadata","type":"jsonb","args":[],"defaultTo":null,"notNullable":false,"unsigned":false},{"name":"folder_path","type":"string","args":[],"defaultTo":null,"notNullable":false,"unsigned":false},{"name":"created_at","type":"datetime","args":[{"useTz":false,"precision":6}],"defaultTo":null,"notNullable":false,"unsigned":false},{"name":"updated_at","type":"datetime","args":[{"useTz":false,"precision":6}],"defaultTo":null,"notNullable":false,"unsigned":false},{"name":"published_at","type":"datetime","args":[{"useTz":false,"precision":6}],"defaultTo":null,"notNullable":false,"unsigned":false},{"name":"created_by_id","type":"integer","args":[],"defaultTo":null,"notNullable":false,"unsigned":true},{"name":"updated_by_id","type":"integer","args":[],"defaultTo":null,"notNullable":false,"unsigned":true},{"name":"locale","type":"string","args":[],"defaultTo":null,"notNullable":false,"unsigned":false}]},{"name":"upload_folders","indexes":[{"name":"upload_folders_path_id_index","columns":["path_id"],"type":"unique"},{"name":"upload_folders_path_index","columns":["path"],"type":"unique"},{"name":"upload_folders_documents_idx","columns":["document_id","locale","published_at"]},{"name":"upload_folders_created_by_id_fk","columns":["created_by_id"]},{"name":"upload_folders_updated_by_id_fk","columns":["updated_by_id"]}],"foreignKeys":[{"name":"upload_folders_created_by_id_fk","columns":["created_by_id"],"referencedTable":"admin_users","referencedColumns":["id"],"onDelete":"SET NULL"},{"name":"upload_folders_updated_by_id_fk","columns":["updated_by_id"],"referencedTable":"admin_users","referencedColumns":["id"],"onDelete":"SET NULL"}],"columns":[{"name":"id","type":"increments","args":[{"primary":true,"primaryKey":true}],"defaultTo":null,"notNullable":true,"unsigned":false},{"name":"document_id","type":"string","args":[],"defaultTo":null,"notNullable":false,"unsigned":false},{"name":"name","type":"string","args":[],"defaultTo":null,"notNullable":false,"unsigned":false},{"name":"path_id","type":"integer","args":[],"defaultTo":null,"notNullable":false,"unsigned":false},{"name":"path","type":"string","args":[],"defaultTo":null,"notNullable":false,"unsigned":false},{"name":"created_at","type":"datetime","args":[{"useTz":false,"precision":6}],"defaultTo":null,"notNullable":false,"unsigned":false},{"name":"updated_at","type":"datetime","args":[{"useTz":false,"precision":6}],"defaultTo":null,"notNullable":false,"unsigned":false},{"name":"published_at","type":"datetime","args":[{"useTz":false,"precision":6}],"defaultTo":null,"notNullable":false,"unsigned":false},{"name":"created_by_id","type":"integer","args":[],"defaultTo":null,"notNullable":false,"unsigned":true},{"name":"updated_by_id","type":"integer","args":[],"defaultTo":null,"notNullable":false,"unsigned":true},{"name":"locale","type":"string","args":[],"defaultTo":null,"notNullable":false,"unsigned":false}]},{"name":"i18n_locale","indexes":[{"name":"i18n_locale_documents_idx","columns":["document_id","locale","published_at"]},{"name":"i18n_locale_created_by_id_fk","columns":["created_by_id"]},{"name":"i18n_locale_updated_by_id_fk","columns":["updated_by_id"]}],"foreignKeys":[{"name":"i18n_locale_created_by_id_fk","columns":["created_by_id"],"referencedTable":"admin_users","referencedColumns":["id"],"onDelete":"SET NULL"},{"name":"i18n_locale_updated_by_id_fk","columns":["updated_by_id"],"referencedTable":"admin_users","referencedColumns":["id"],"onDelete":"SET NULL"}],"columns":[{"name":"id","type":"increments","args":[{"primary":true,"primaryKey":true}],"defaultTo":null,"notNullable":true,"unsigned":false},{"name":"document_id","type":"string","args":[],"defaultTo":null,"notNullable":false,"unsigned":false},{"name":"name","type":"string","args":[],"defaultTo":null,"notNullable":false,"unsigned":false},{"name":"code","type":"string","args":[],"defaultTo":null,"notNullable":false,"unsigned":false},{"name":"created_at","type":"datetime","args":[{"useTz":false,"precision":6}],"defaultTo":null,"notNullable":false,"unsigned":false},{"name":"updated_at","type":"datetime","args":[{"useTz":false,"precision":6}],"defaultTo":null,"notNullable":false,"unsigned":false},{"name":"published_at","type":"datetime","args":[{"useTz":false,"precision":6}],"defaultTo":null,"notNullable":false,"unsigned":false},{"name":"created_by_id","type":"integer","args":[],"defaultTo":null,"notNullable":false,"unsigned":true},{"name":"updated_by_id","type":"integer","args":[],"defaultTo":null,"notNullable":false,"unsigned":true},{"name":"locale","type":"string","args":[],"defaultTo":null,"notNullable":false,"unsigned":false}]},{"name":"strapi_releases","indexes":[{"name":"strapi_releases_documents_idx","columns":["document_id","locale","published_at"]},{"name":"strapi_releases_created_by_id_fk","columns":["created_by_id"]},{"name":"strapi_releases_updated_by_id_fk","columns":["updated_by_id"]}],"foreignKeys":[{"name":"strapi_releases_created_by_id_fk","columns":["created_by_id"],"referencedTable":"admin_users","referencedColumns":["id"],"onDelete":"SET NULL"},{"name":"strapi_releases_updated_by_id_fk","columns":["updated_by_id"],"referencedTable":"admin_users","referencedColumns":["id"],"onDelete":"SET NULL"}],"columns":[{"name":"id","type":"increments","args":[{"primary":true,"primaryKey":true}],"defaultTo":null,"notNullable":true,"unsigned":false},{"name":"document_id","type":"string","args":[],"defaultTo":null,"notNullable":false,"unsigned":false},{"name":"name","type":"string","args":[],"defaultTo":null,"notNullable":false,"unsigned":false},{"name":"released_at","type":"datetime","args":[{"useTz":false,"precision":6}],"defaultTo":null,"notNullable":false,"unsigned":false},{"name":"scheduled_at","type":"datetime","args":[{"useTz":false,"precision":6}],"defaultTo":null,"notNullable":false,"unsigned":false},{"name":"timezone","type":"string","args":[],"defaultTo":null,"notNullable":false,"unsigned":false},{"name":"status","type":"string","args":[],"defaultTo":null,"notNullable":false,"unsigned":false},{"name":"created_at","type":"datetime","args":[{"useTz":false,"precision":6}],"defaultTo":null,"notNullable":false,"unsigned":false},{"name":"updated_at","type":"datetime","args":[{"useTz":false,"precision":6}],"defaultTo":null,"notNullable":false,"unsigned":false},{"name":"published_at","type":"datetime","args":[{"useTz":false,"precision":6}],"defaultTo":null,"notNullable":false,"unsigned":false},{"name":"created_by_id","type":"integer","args":[],"defaultTo":null,"notNullable":false,"unsigned":true},{"name":"updated_by_id","type":"integer","args":[],"defaultTo":null,"notNullable":false,"unsigned":true},{"name":"locale","type":"string","args":[],"defaultTo":null,"notNullable":false,"unsigned":false}]},{"name":"strapi_release_actions","indexes":[{"name":"strapi_release_actions_documents_idx","columns":["document_id","locale","published_at"]},{"name":"strapi_release_actions_created_by_id_fk","columns":["created_by_id"]},{"name":"strapi_release_actions_updated_by_id_fk","columns":["updated_by_id"]}],"foreignKeys":[{"name":"strapi_release_actions_created_by_id_fk","columns":["created_by_id"],"referencedTable":"admin_users","referencedColumns":["id"],"onDelete":"SET NULL"},{"name":"strapi_release_actions_updated_by_id_fk","columns":["updated_by_id"],"referencedTable":"admin_users","referencedColumns":["id"],"onDelete":"SET NULL"}],"columns":[{"name":"id","type":"increments","args":[{"primary":true,"primaryKey":true}],"defaultTo":null,"notNullable":true,"unsigned":false},{"name":"document_id","type":"string","args":[],"defaultTo":null,"notNullable":false,"unsigned":false},{"name":"type","type":"string","args":[],"defaultTo":null,"notNullable":false,"unsigned":false},{"name":"content_type","type":"string","args":[],"defaultTo":null,"notNullable":false,"unsigned":false},{"name":"entry_document_id","type":"string","args":[],"defaultTo":null,"notNullable":false,"unsigned":false},{"name":"locale","type":"string","args":[],"defaultTo":null,"notNullable":false,"unsigned":false},{"name":"is_entry_valid","type":"boolean","args":[],"defaultTo":null,"notNullable":false,"unsigned":false},{"name":"created_at","type":"datetime","args":[{"useTz":false,"precision":6}],"defaultTo":null,"notNullable":false,"unsigned":false},{"name":"updated_at","type":"datetime","args":[{"useTz":false,"precision":6}],"defaultTo":null,"notNullable":false,"unsigned":false},{"name":"published_at","type":"datetime","args":[{"useTz":false,"precision":6}],"defaultTo":null,"notNullable":false,"unsigned":false},{"name":"created_by_id","type":"integer","args":[],"defaultTo":null,"notNullable":false,"unsigned":true},{"name":"updated_by_id","type":"integer","args":[],"defaultTo":null,"notNullable":false,"unsigned":true}]},{"name":"strapi_workflows","indexes":[{"name":"strapi_workflows_documents_idx","columns":["document_id","locale","published_at"]},{"name":"strapi_workflows_created_by_id_fk","columns":["created_by_id"]},{"name":"strapi_workflows_updated_by_id_fk","columns":["updated_by_id"]}],"foreignKeys":[{"name":"strapi_workflows_created_by_id_fk","columns":["created_by_id"],"referencedTable":"admin_users","referencedColumns":["id"],"onDelete":"SET NULL"},{"name":"strapi_workflows_updated_by_id_fk","columns":["updated_by_id"],"referencedTable":"admin_users","referencedColumns":["id"],"onDelete":"SET NULL"}],"columns":[{"name":"id","type":"increments","args":[{"primary":true,"primaryKey":true}],"defaultTo":null,"notNullable":true,"unsigned":false},{"name":"document_id","type":"string","args":[],"defaultTo":null,"notNullable":false,"unsigned":false},{"name":"name","type":"string","args":[],"defaultTo":null,"notNullable":false,"unsigned":false},{"name":"content_types","type":"jsonb","args":[],"defaultTo":null,"notNullable":false,"unsigned":false},{"name":"created_at","type":"datetime","args":[{"useTz":false,"precision":6}],"defaultTo":null,"notNullable":false,"unsigned":false},{"name":"updated_at","type":"datetime","args":[{"useTz":false,"precision":6}],"defaultTo":null,"notNullable":false,"unsigned":false},{"name":"published_at","type":"datetime","args":[{"useTz":false,"precision":6}],"defaultTo":null,"notNullable":false,"unsigned":false},{"name":"created_by_id","type":"integer","args":[],"defaultTo":null,"notNullable":false,"unsigned":true},{"name":"updated_by_id","type":"integer","args":[],"defaultTo":null,"notNullable":false,"unsigned":true},{"name":"locale","type":"string","args":[],"defaultTo":null,"notNullable":false,"unsigned":false}]},{"name":"strapi_workflows_stages","indexes":[{"name":"strapi_workflows_stages_documents_idx","columns":["document_id","locale","published_at"]},{"name":"strapi_workflows_stages_created_by_id_fk","columns":["created_by_id"]},{"name":"strapi_workflows_stages_updated_by_id_fk","columns":["updated_by_id"]}],"foreignKeys":[{"name":"strapi_workflows_stages_created_by_id_fk","columns":["created_by_id"],"referencedTable":"admin_users","referencedColumns":["id"],"onDelete":"SET NULL"},{"name":"strapi_workflows_stages_updated_by_id_fk","columns":["updated_by_id"],"referencedTable":"admin_users","referencedColumns":["id"],"onDelete":"SET NULL"}],"columns":[{"name":"id","type":"increments","args":[{"primary":true,"primaryKey":true}],"defaultTo":null,"notNullable":true,"unsigned":false},{"name":"document_id","type":"string","args":[],"defaultTo":null,"notNullable":false,"unsigned":false},{"name":"name","type":"string","args":[],"defaultTo":null,"notNullable":false,"unsigned":false},{"name":"color","type":"string","args":[],"defaultTo":null,"notNullable":false,"unsigned":false},{"name":"created_at","type":"datetime","args":[{"useTz":false,"precision":6}],"defaultTo":null,"notNullable":false,"unsigned":false},{"name":"updated_at","type":"datetime","args":[{"useTz":false,"precision":6}],"defaultTo":null,"notNullable":false,"unsigned":false},{"name":"published_at","type":"datetime","args":[{"useTz":false,"precision":6}],"defaultTo":null,"notNullable":false,"unsigned":false},{"name":"created_by_id","type":"integer","args":[],"defaultTo":null,"notNullable":false,"unsigned":true},{"name":"updated_by_id","type":"integer","args":[],"defaultTo":null,"notNullable":false,"unsigned":true},{"name":"locale","type":"string","args":[],"defaultTo":null,"notNullable":false,"unsigned":false}]},{"name":"up_permissions","indexes":[{"name":"up_permissions_documents_idx","columns":["document_id","locale","published_at"]},{"name":"up_permissions_created_by_id_fk","columns":["created_by_id"]},{"name":"up_permissions_updated_by_id_fk","columns":["updated_by_id"]}],"foreignKeys":[{"name":"up_permissions_created_by_id_fk","columns":["created_by_id"],"referencedTable":"admin_users","referencedColumns":["id"],"onDelete":"SET NULL"},{"name":"up_permissions_updated_by_id_fk","columns":["updated_by_id"],"referencedTable":"admin_users","referencedColumns":["id"],"onDelete":"SET NULL"}],"columns":[{"name":"id","type":"increments","args":[{"primary":true,"primaryKey":true}],"defaultTo":null,"notNullable":true,"unsigned":false},{"name":"document_id","type":"string","args":[],"defaultTo":null,"notNullable":false,"unsigned":false},{"name":"action","type":"string","args":[],"defaultTo":null,"notNullable":false,"unsigned":false},{"name":"created_at","type":"datetime","args":[{"useTz":false,"precision":6}],"defaultTo":null,"notNullable":false,"unsigned":false},{"name":"updated_at","type":"datetime","args":[{"useTz":false,"precision":6}],"defaultTo":null,"notNullable":false,"unsigned":false},{"name":"published_at","type":"datetime","args":[{"useTz":false,"precision":6}],"defaultTo":null,"notNullable":false,"unsigned":false},{"name":"created_by_id","type":"integer","args":[],"defaultTo":null,"notNullable":false,"unsigned":true},{"name":"updated_by_id","type":"integer","args":[],"defaultTo":null,"notNullable":false,"unsigned":true},{"name":"locale","type":"string","args":[],"defaultTo":null,"notNullable":false,"unsigned":false}]},{"name":"up_roles","indexes":[{"name":"up_roles_documents_idx","columns":["document_id","locale","published_at"]},{"name":"up_roles_created_by_id_fk","columns":["created_by_id"]},{"name":"up_roles_updated_by_id_fk","columns":["updated_by_id"]}],"foreignKeys":[{"name":"up_roles_created_by_id_fk","columns":["created_by_id"],"referencedTable":"admin_users","referencedColumns":["id"],"onDelete":"SET NULL"},{"name":"up_roles_updated_by_id_fk","columns":["updated_by_id"],"referencedTable":"admin_users","referencedColumns":["id"],"onDelete":"SET NULL"}],"columns":[{"name":"id","type":"increments","args":[{"primary":true,"primaryKey":true}],"defaultTo":null,"notNullable":true,"unsigned":false},{"name":"document_id","type":"string","args":[],"defaultTo":null,"notNullable":false,"unsigned":false},{"name":"name","type":"string","args":[],"defaultTo":null,"notNullable":false,"unsigned":false},{"name":"description","type":"string","args":[],"defaultTo":null,"notNullable":false,"unsigned":false},{"name":"type","type":"string","args":[],"defaultTo":null,"notNullable":false,"unsigned":false},{"name":"created_at","type":"datetime","args":[{"useTz":false,"precision":6}],"defaultTo":null,"notNullable":false,"unsigned":false},{"name":"updated_at","type":"datetime","args":[{"useTz":false,"precision":6}],"defaultTo":null,"notNullable":false,"unsigned":false},{"name":"published_at","type":"datetime","args":[{"useTz":false,"precision":6}],"defaultTo":null,"notNullable":false,"unsigned":false},{"name":"created_by_id","type":"integer","args":[],"defaultTo":null,"notNullable":false,"unsigned":true},{"name":"updated_by_id","type":"integer","args":[],"defaultTo":null,"notNullable":false,"unsigned":true},{"name":"locale","type":"string","args":[],"defaultTo":null,"notNullable":false,"unsigned":false}]},{"name":"up_users","indexes":[{"name":"up_users_documents_idx","columns":["document_id","locale","published_at"]},{"name":"up_users_created_by_id_fk","columns":["created_by_id"]},{"name":"up_users_updated_by_id_fk","columns":["updated_by_id"]}],"foreignKeys":[{"name":"up_users_created_by_id_fk","columns":["created_by_id"],"referencedTable":"admin_users","referencedColumns":["id"],"onDelete":"SET NULL"},{"name":"up_users_updated_by_id_fk","columns":["updated_by_id"],"referencedTable":"admin_users","referencedColumns":["id"],"onDelete":"SET NULL"}],"columns":[{"name":"id","type":"increments","args":[{"primary":true,"primaryKey":true}],"defaultTo":null,"notNullable":true,"unsigned":false},{"name":"document_id","type":"string","args":[],"defaultTo":null,"notNullable":false,"unsigned":false},{"name":"username","type":"string","args":[],"defaultTo":null,"notNullable":false,"unsigned":false},{"name":"email","type":"string","args":[],"defaultTo":null,"notNullable":false,"unsigned":false},{"name":"provider","type":"string","args":[],"defaultTo":null,"notNullable":false,"unsigned":false},{"name":"password","type":"string","args":[],"defaultTo":null,"notNullable":false,"unsigned":false},{"name":"reset_password_token","type":"string","args":[],"defaultTo":null,"notNullable":false,"unsigned":false},{"name":"confirmation_token","type":"string","args":[],"defaultTo":null,"notNullable":false,"unsigned":false},{"name":"confirmed","type":"boolean","args":[],"defaultTo":null,"notNullable":false,"unsigned":false},{"name":"blocked","type":"boolean","args":[],"defaultTo":null,"notNullable":false,"unsigned":false},{"name":"created_at","type":"datetime","args":[{"useTz":false,"precision":6}],"defaultTo":null,"notNullable":false,"unsigned":false},{"name":"updated_at","type":"datetime","args":[{"useTz":false,"precision":6}],"defaultTo":null,"notNullable":false,"unsigned":false},{"name":"published_at","type":"datetime","args":[{"useTz":false,"precision":6}],"defaultTo":null,"notNullable":false,"unsigned":false},{"name":"created_by_id","type":"integer","args":[],"defaultTo":null,"notNullable":false,"unsigned":true},{"name":"updated_by_id","type":"integer","args":[],"defaultTo":null,"notNullable":false,"unsigned":true},{"name":"locale","type":"string","args":[],"defaultTo":null,"notNullable":false,"unsigned":false}]},{"name":"abouts_cmps","indexes":[{"name":"abouts_field_idx","columns":["field"]},{"name":"abouts_component_type_idx","columns":["component_type"]},{"name":"abouts_entity_fk","columns":["entity_id"]},{"name":"abouts_uq","columns":["entity_id","cmp_id","field","component_type"],"type":"unique"}],"foreignKeys":[{"name":"abouts_entity_fk","columns":["entity_id"],"referencedColumns":["id"],"referencedTable":"abouts","onDelete":"CASCADE"}],"columns":[{"name":"id","type":"increments","args":[{"primary":true,"primaryKey":true}],"defaultTo":null,"notNullable":true,"unsigned":false},{"name":"entity_id","type":"integer","args":[],"defaultTo":null,"notNullable":false,"unsigned":true},{"name":"cmp_id","type":"integer","args":[],"defaultTo":null,"notNullable":false,"unsigned":true},{"name":"component_type","type":"string","args":[],"defaultTo":null,"notNullable":false,"unsigned":false},{"name":"field","type":"string","args":[],"defaultTo":null,"notNullable":false,"unsigned":false},{"name":"order","type":"double","args":[],"defaultTo":null,"notNullable":false,"unsigned":true}]},{"name":"abouts","indexes":[{"name":"abouts_documents_idx","columns":["document_id","locale","published_at"]},{"name":"abouts_created_by_id_fk","columns":["created_by_id"]},{"name":"abouts_updated_by_id_fk","columns":["updated_by_id"]}],"foreignKeys":[{"name":"abouts_created_by_id_fk","columns":["created_by_id"],"referencedTable":"admin_users","referencedColumns":["id"],"onDelete":"SET NULL"},{"name":"abouts_updated_by_id_fk","columns":["updated_by_id"],"referencedTable":"admin_users","referencedColumns":["id"],"onDelete":"SET NULL"}],"columns":[{"name":"id","type":"increments","args":[{"primary":true,"primaryKey":true}],"defaultTo":null,"notNullable":true,"unsigned":false},{"name":"document_id","type":"string","args":[],"defaultTo":null,"notNullable":false,"unsigned":false},{"name":"title","type":"string","args":[],"defaultTo":null,"notNullable":false,"unsigned":false},{"name":"created_at","type":"datetime","args":[{"useTz":false,"precision":6}],"defaultTo":null,"notNullable":false,"unsigned":false},{"name":"updated_at","type":"datetime","args":[{"useTz":false,"precision":6}],"defaultTo":null,"notNullable":false,"unsigned":false},{"name":"published_at","type":"datetime","args":[{"useTz":false,"precision":6}],"defaultTo":null,"notNullable":false,"unsigned":false},{"name":"created_by_id","type":"integer","args":[],"defaultTo":null,"notNullable":false,"unsigned":true},{"name":"updated_by_id","type":"integer","args":[],"defaultTo":null,"notNullable":false,"unsigned":true},{"name":"locale","type":"string","args":[],"defaultTo":null,"notNullable":false,"unsigned":false}]},{"name":"articles_cmps","indexes":[{"name":"articles_field_idx","columns":["field"]},{"name":"articles_component_type_idx","columns":["component_type"]},{"name":"articles_entity_fk","columns":["entity_id"]},{"name":"articles_uq","columns":["entity_id","cmp_id","field","component_type"],"type":"unique"}],"foreignKeys":[{"name":"articles_entity_fk","columns":["entity_id"],"referencedColumns":["id"],"referencedTable":"articles","onDelete":"CASCADE"}],"columns":[{"name":"id","type":"increments","args":[{"primary":true,"primaryKey":true}],"defaultTo":null,"notNullable":true,"unsigned":false},{"name":"entity_id","type":"integer","args":[],"defaultTo":null,"notNullable":false,"unsigned":true},{"name":"cmp_id","type":"integer","args":[],"defaultTo":null,"notNullable":false,"unsigned":true},{"name":"component_type","type":"string","args":[],"defaultTo":null,"notNullable":false,"unsigned":false},{"name":"field","type":"string","args":[],"defaultTo":null,"notNullable":false,"unsigned":false},{"name":"order","type":"double","args":[],"defaultTo":null,"notNullable":false,"unsigned":true}]},{"name":"articles","indexes":[{"name":"articles_documents_idx","columns":["document_id","locale","published_at"]},{"name":"articles_created_by_id_fk","columns":["created_by_id"]},{"name":"articles_updated_by_id_fk","columns":["updated_by_id"]}],"foreignKeys":[{"name":"articles_created_by_id_fk","columns":["created_by_id"],"referencedTable":"admin_users","referencedColumns":["id"],"onDelete":"SET NULL"},{"name":"articles_updated_by_id_fk","columns":["updated_by_id"],"referencedTable":"admin_users","referencedColumns":["id"],"onDelete":"SET NULL"}],"columns":[{"name":"id","type":"increments","args":[{"primary":true,"primaryKey":true}],"defaultTo":null,"notNullable":true,"unsigned":false},{"name":"document_id","type":"string","args":[],"defaultTo":null,"notNullable":false,"unsigned":false},{"name":"name","type":"string","args":[],"defaultTo":null,"notNullable":false,"unsigned":false},{"name":"description","type":"text","args":["longtext"],"defaultTo":null,"notNullable":false,"unsigned":false},{"name":"slug","type":"string","args":[],"defaultTo":null,"notNullable":false,"unsigned":false},{"name":"publish_date","type":"date","args":[],"defaultTo":null,"notNullable":false,"unsigned":false},{"name":"taxonomy","type":"string","args":[],"defaultTo":null,"notNullable":false,"unsigned":false},{"name":"created_at","type":"datetime","args":[{"useTz":false,"precision":6}],"defaultTo":null,"notNullable":false,"unsigned":false},{"name":"updated_at","type":"datetime","args":[{"useTz":false,"precision":6}],"defaultTo":null,"notNullable":false,"unsigned":false},{"name":"published_at","type":"datetime","args":[{"useTz":false,"precision":6}],"defaultTo":null,"notNullable":false,"unsigned":false},{"name":"created_by_id","type":"integer","args":[],"defaultTo":null,"notNullable":false,"unsigned":true},{"name":"updated_by_id","type":"integer","args":[],"defaultTo":null,"notNullable":false,"unsigned":true},{"name":"locale","type":"string","args":[],"defaultTo":null,"notNullable":false,"unsigned":false}]},{"name":"authors","indexes":[{"name":"authors_documents_idx","columns":["document_id","locale","published_at"]},{"name":"authors_created_by_id_fk","columns":["created_by_id"]},{"name":"authors_updated_by_id_fk","columns":["updated_by_id"]}],"foreignKeys":[{"name":"authors_created_by_id_fk","columns":["created_by_id"],"referencedTable":"admin_users","referencedColumns":["id"],"onDelete":"SET NULL"},{"name":"authors_updated_by_id_fk","columns":["updated_by_id"],"referencedTable":"admin_users","referencedColumns":["id"],"onDelete":"SET NULL"}],"columns":[{"name":"id","type":"increments","args":[{"primary":true,"primaryKey":true}],"defaultTo":null,"notNullable":true,"unsigned":false},{"name":"document_id","type":"string","args":[],"defaultTo":null,"notNullable":false,"unsigned":false},{"name":"name","type":"string","args":[],"defaultTo":null,"notNullable":false,"unsigned":false},{"name":"email","type":"string","args":[],"defaultTo":null,"notNullable":false,"unsigned":false},{"name":"created_at","type":"datetime","args":[{"useTz":false,"precision":6}],"defaultTo":null,"notNullable":false,"unsigned":false},{"name":"updated_at","type":"datetime","args":[{"useTz":false,"precision":6}],"defaultTo":null,"notNullable":false,"unsigned":false},{"name":"published_at","type":"datetime","args":[{"useTz":false,"precision":6}],"defaultTo":null,"notNullable":false,"unsigned":false},{"name":"created_by_id","type":"integer","args":[],"defaultTo":null,"notNullable":false,"unsigned":true},{"name":"updated_by_id","type":"integer","args":[],"defaultTo":null,"notNullable":false,"unsigned":true},{"name":"locale","type":"string","args":[],"defaultTo":null,"notNullable":false,"unsigned":false}]},{"name":"categories","indexes":[{"name":"categories_documents_idx","columns":["document_id","locale","published_at"]},{"name":"categories_created_by_id_fk","columns":["created_by_id"]},{"name":"categories_updated_by_id_fk","columns":["updated_by_id"]}],"foreignKeys":[{"name":"categories_created_by_id_fk","columns":["created_by_id"],"referencedTable":"admin_users","referencedColumns":["id"],"onDelete":"SET NULL"},{"name":"categories_updated_by_id_fk","columns":["updated_by_id"],"referencedTable":"admin_users","referencedColumns":["id"],"onDelete":"SET NULL"}],"columns":[{"name":"id","type":"increments","args":[{"primary":true,"primaryKey":true}],"defaultTo":null,"notNullable":true,"unsigned":false},{"name":"document_id","type":"string","args":[],"defaultTo":null,"notNullable":false,"unsigned":false},{"name":"name","type":"string","args":[],"defaultTo":null,"notNullable":false,"unsigned":false},{"name":"slug","type":"string","args":[],"defaultTo":null,"notNullable":false,"unsigned":false},{"name":"description","type":"text","args":["longtext"],"defaultTo":null,"notNullable":false,"unsigned":false},{"name":"created_at","type":"datetime","args":[{"useTz":false,"precision":6}],"defaultTo":null,"notNullable":false,"unsigned":false},{"name":"updated_at","type":"datetime","args":[{"useTz":false,"precision":6}],"defaultTo":null,"notNullable":false,"unsigned":false},{"name":"published_at","type":"datetime","args":[{"useTz":false,"precision":6}],"defaultTo":null,"notNullable":false,"unsigned":false},{"name":"created_by_id","type":"integer","args":[],"defaultTo":null,"notNullable":false,"unsigned":true},{"name":"updated_by_id","type":"integer","args":[],"defaultTo":null,"notNullable":false,"unsigned":true},{"name":"locale","type":"string","args":[],"defaultTo":null,"notNullable":false,"unsigned":false}]},{"name":"globals_cmps","indexes":[{"name":"globals_field_idx","columns":["field"]},{"name":"globals_component_type_idx","columns":["component_type"]},{"name":"globals_entity_fk","columns":["entity_id"]},{"name":"globals_uq","columns":["entity_id","cmp_id","field","component_type"],"type":"unique"}],"foreignKeys":[{"name":"globals_entity_fk","columns":["entity_id"],"referencedColumns":["id"],"referencedTable":"globals","onDelete":"CASCADE"}],"columns":[{"name":"id","type":"increments","args":[{"primary":true,"primaryKey":true}],"defaultTo":null,"notNullable":true,"unsigned":false},{"name":"entity_id","type":"integer","args":[],"defaultTo":null,"notNullable":false,"unsigned":true},{"name":"cmp_id","type":"integer","args":[],"defaultTo":null,"notNullable":false,"unsigned":true},{"name":"component_type","type":"string","args":[],"defaultTo":null,"notNullable":false,"unsigned":false},{"name":"field","type":"string","args":[],"defaultTo":null,"notNullable":false,"unsigned":false},{"name":"order","type":"double","args":[],"defaultTo":null,"notNullable":false,"unsigned":true}]},{"name":"globals","indexes":[{"name":"globals_documents_idx","columns":["document_id","locale","published_at"]},{"name":"globals_created_by_id_fk","columns":["created_by_id"]},{"name":"globals_updated_by_id_fk","columns":["updated_by_id"]}],"foreignKeys":[{"name":"globals_created_by_id_fk","columns":["created_by_id"],"referencedTable":"admin_users","referencedColumns":["id"],"onDelete":"SET NULL"},{"name":"globals_updated_by_id_fk","columns":["updated_by_id"],"referencedTable":"admin_users","referencedColumns":["id"],"onDelete":"SET NULL"}],"columns":[{"name":"id","type":"increments","args":[{"primary":true,"primaryKey":true}],"defaultTo":null,"notNullable":true,"unsigned":false},{"name":"document_id","type":"string","args":[],"defaultTo":null,"notNullable":false,"unsigned":false},{"name":"site_name","type":"string","args":[],"defaultTo":null,"notNullable":false,"unsigned":false},{"name":"site_description","type":"text","args":["longtext"],"defaultTo":null,"notNullable":false,"unsigned":false},{"name":"created_at","type":"datetime","args":[{"useTz":false,"precision":6}],"defaultTo":null,"notNullable":false,"unsigned":false},{"name":"updated_at","type":"datetime","args":[{"useTz":false,"precision":6}],"defaultTo":null,"notNullable":false,"unsigned":false},{"name":"published_at","type":"datetime","args":[{"useTz":false,"precision":6}],"defaultTo":null,"notNullable":false,"unsigned":false},{"name":"created_by_id","type":"integer","args":[],"defaultTo":null,"notNullable":false,"unsigned":true},{"name":"updated_by_id","type":"integer","args":[],"defaultTo":null,"notNullable":false,"unsigned":true},{"name":"locale","type":"string","args":[],"defaultTo":null,"notNullable":false,"unsigned":false}]},{"name":"admin_permissions","indexes":[{"name":"admin_permissions_documents_idx","columns":["document_id","locale","published_at"]},{"name":"admin_permissions_created_by_id_fk","columns":["created_by_id"]},{"name":"admin_permissions_updated_by_id_fk","columns":["updated_by_id"]}],"foreignKeys":[{"name":"admin_permissions_created_by_id_fk","columns":["created_by_id"],"referencedTable":"admin_users","referencedColumns":["id"],"onDelete":"SET NULL"},{"name":"admin_permissions_updated_by_id_fk","columns":["updated_by_id"],"referencedTable":"admin_users","referencedColumns":["id"],"onDelete":"SET NULL"}],"columns":[{"name":"id","type":"increments","args":[{"primary":true,"primaryKey":true}],"defaultTo":null,"notNullable":true,"unsigned":false},{"name":"document_id","type":"string","args":[],"defaultTo":null,"notNullable":false,"unsigned":false},{"name":"action","type":"string","args":[],"defaultTo":null,"notNullable":false,"unsigned":false},{"name":"action_parameters","type":"jsonb","args":[],"defaultTo":null,"notNullable":false,"unsigned":false},{"name":"subject","type":"string","args":[],"defaultTo":null,"notNullable":false,"unsigned":false},{"name":"properties","type":"jsonb","args":[],"defaultTo":null,"notNullable":false,"unsigned":false},{"name":"conditions","type":"jsonb","args":[],"defaultTo":null,"notNullable":false,"unsigned":false},{"name":"created_at","type":"datetime","args":[{"useTz":false,"precision":6}],"defaultTo":null,"notNullable":false,"unsigned":false},{"name":"updated_at","type":"datetime","args":[{"useTz":false,"precision":6}],"defaultTo":null,"notNullable":false,"unsigned":false},{"name":"published_at","type":"datetime","args":[{"useTz":false,"precision":6}],"defaultTo":null,"notNullable":false,"unsigned":false},{"name":"created_by_id","type":"integer","args":[],"defaultTo":null,"notNullable":false,"unsigned":true},{"name":"updated_by_id","type":"integer","args":[],"defaultTo":null,"notNullable":false,"unsigned":true},{"name":"locale","type":"string","args":[],"defaultTo":null,"notNullable":false,"unsigned":false}]},{"name":"admin_users","indexes":[{"name":"admin_users_documents_idx","columns":["document_id","locale","published_at"]},{"name":"admin_users_created_by_id_fk","columns":["created_by_id"]},{"name":"admin_users_updated_by_id_fk","columns":["updated_by_id"]}],"foreignKeys":[{"name":"admin_users_created_by_id_fk","columns":["created_by_id"],"referencedTable":"admin_users","referencedColumns":["id"],"onDelete":"SET NULL"},{"name":"admin_users_updated_by_id_fk","columns":["updated_by_id"],"referencedTable":"admin_users","referencedColumns":["id"],"onDelete":"SET NULL"}],"columns":[{"name":"id","type":"increments","args":[{"primary":true,"primaryKey":true}],"defaultTo":null,"notNullable":true,"unsigned":false},{"name":"document_id","type":"string","args":[],"defaultTo":null,"notNullable":false,"unsigned":false},{"name":"firstname","type":"string","args":[],"defaultTo":null,"notNullable":false,"unsigned":false},{"name":"lastname","type":"string","args":[],"defaultTo":null,"notNullable":false,"unsigned":false},{"name":"username","type":"string","args":[],"defaultTo":null,"notNullable":false,"unsigned":false},{"name":"email","type":"string","args":[],"defaultTo":null,"notNullable":false,"unsigned":false},{"name":"password","type":"string","args":[],"defaultTo":null,"notNullable":false,"unsigned":false},{"name":"reset_password_token","type":"string","args":[],"defaultTo":null,"notNullable":false,"unsigned":false},{"name":"registration_token","type":"string","args":[],"defaultTo":null,"notNullable":false,"unsigned":false},{"name":"is_active","type":"boolean","args":[],"defaultTo":null,"notNullable":false,"unsigned":false},{"name":"blocked","type":"boolean","args":[],"defaultTo":null,"notNullable":false,"unsigned":false},{"name":"prefered_language","type":"string","args":[],"defaultTo":null,"notNullable":false,"unsigned":false},{"name":"created_at","type":"datetime","args":[{"useTz":false,"precision":6}],"defaultTo":null,"notNullable":false,"unsigned":false},{"name":"updated_at","type":"datetime","args":[{"useTz":false,"precision":6}],"defaultTo":null,"notNullable":false,"unsigned":false},{"name":"published_at","type":"datetime","args":[{"useTz":false,"precision":6}],"defaultTo":null,"notNullable":false,"unsigned":false},{"name":"created_by_id","type":"integer","args":[],"defaultTo":null,"notNullable":false,"unsigned":true},{"name":"updated_by_id","type":"integer","args":[],"defaultTo":null,"notNullable":false,"unsigned":true},{"name":"locale","type":"string","args":[],"defaultTo":null,"notNullable":false,"unsigned":false}]},{"name":"admin_roles","indexes":[{"name":"admin_roles_documents_idx","columns":["document_id","locale","published_at"]},{"name":"admin_roles_created_by_id_fk","columns":["created_by_id"]},{"name":"admin_roles_updated_by_id_fk","columns":["updated_by_id"]}],"foreignKeys":[{"name":"admin_roles_created_by_id_fk","columns":["created_by_id"],"referencedTable":"admin_users","referencedColumns":["id"],"onDelete":"SET NULL"},{"name":"admin_roles_updated_by_id_fk","columns":["updated_by_id"],"referencedTable":"admin_users","referencedColumns":["id"],"onDelete":"SET NULL"}],"columns":[{"name":"id","type":"increments","args":[{"primary":true,"primaryKey":true}],"defaultTo":null,"notNullable":true,"unsigned":false},{"name":"document_id","type":"string","args":[],"defaultTo":null,"notNullable":false,"unsigned":false},{"name":"name","type":"string","args":[],"defaultTo":null,"notNullable":false,"unsigned":false},{"name":"code","type":"string","args":[],"defaultTo":null,"notNullable":false,"unsigned":false},{"name":"description","type":"string","args":[],"defaultTo":null,"notNullable":false,"unsigned":false},{"name":"created_at","type":"datetime","args":[{"useTz":false,"precision":6}],"defaultTo":null,"notNullable":false,"unsigned":false},{"name":"updated_at","type":"datetime","args":[{"useTz":false,"precision":6}],"defaultTo":null,"notNullable":false,"unsigned":false},{"name":"published_at","type":"datetime","args":[{"useTz":false,"precision":6}],"defaultTo":null,"notNullable":false,"unsigned":false},{"name":"created_by_id","type":"integer","args":[],"defaultTo":null,"notNullable":false,"unsigned":true},{"name":"updated_by_id","type":"integer","args":[],"defaultTo":null,"notNullable":false,"unsigned":true},{"name":"locale","type":"string","args":[],"defaultTo":null,"notNullable":false,"unsigned":false}]},{"name":"strapi_api_tokens","indexes":[{"name":"strapi_api_tokens_documents_idx","columns":["document_id","locale","published_at"]},{"name":"strapi_api_tokens_created_by_id_fk","columns":["created_by_id"]},{"name":"strapi_api_tokens_updated_by_id_fk","columns":["updated_by_id"]}],"foreignKeys":[{"name":"strapi_api_tokens_created_by_id_fk","columns":["created_by_id"],"referencedTable":"admin_users","referencedColumns":["id"],"onDelete":"SET NULL"},{"name":"strapi_api_tokens_updated_by_id_fk","columns":["updated_by_id"],"referencedTable":"admin_users","referencedColumns":["id"],"onDelete":"SET NULL"}],"columns":[{"name":"id","type":"increments","args":[{"primary":true,"primaryKey":true}],"defaultTo":null,"notNullable":true,"unsigned":false},{"name":"document_id","type":"string","args":[],"defaultTo":null,"notNullable":false,"unsigned":false},{"name":"name","type":"string","args":[],"defaultTo":null,"notNullable":false,"unsigned":false},{"name":"description","type":"string","args":[],"defaultTo":null,"notNullable":false,"unsigned":false},{"name":"type","type":"string","args":[],"defaultTo":null,"notNullable":false,"unsigned":false},{"name":"access_key","type":"string","args":[],"defaultTo":null,"notNullable":false,"unsigned":false},{"name":"last_used_at","type":"datetime","args":[{"useTz":false,"precision":6}],"defaultTo":null,"notNullable":false,"unsigned":false},{"name":"expires_at","type":"datetime","args":[{"useTz":false,"precision":6}],"defaultTo":null,"notNullable":false,"unsigned":false},{"name":"lifespan","type":"bigInteger","args":[],"defaultTo":null,"notNullable":false,"unsigned":false},{"name":"created_at","type":"datetime","args":[{"useTz":false,"precision":6}],"defaultTo":null,"notNullable":false,"unsigned":false},{"name":"updated_at","type":"datetime","args":[{"useTz":false,"precision":6}],"defaultTo":null,"notNullable":false,"unsigned":false},{"name":"published_at","type":"datetime","args":[{"useTz":false,"precision":6}],"defaultTo":null,"notNullable":false,"unsigned":false},{"name":"created_by_id","type":"integer","args":[],"defaultTo":null,"notNullable":false,"unsigned":true},{"name":"updated_by_id","type":"integer","args":[],"defaultTo":null,"notNullable":false,"unsigned":true},{"name":"locale","type":"string","args":[],"defaultTo":null,"notNullable":false,"unsigned":false}]},{"name":"strapi_api_token_permissions","indexes":[{"name":"strapi_api_token_permissions_documents_idx","columns":["document_id","locale","published_at"]},{"name":"strapi_api_token_permissions_created_by_id_fk","columns":["created_by_id"]},{"name":"strapi_api_token_permissions_updated_by_id_fk","columns":["updated_by_id"]}],"foreignKeys":[{"name":"strapi_api_token_permissions_created_by_id_fk","columns":["created_by_id"],"referencedTable":"admin_users","referencedColumns":["id"],"onDelete":"SET NULL"},{"name":"strapi_api_token_permissions_updated_by_id_fk","columns":["updated_by_id"],"referencedTable":"admin_users","referencedColumns":["id"],"onDelete":"SET NULL"}],"columns":[{"name":"id","type":"increments","args":[{"primary":true,"primaryKey":true}],"defaultTo":null,"notNullable":true,"unsigned":false},{"name":"document_id","type":"string","args":[],"defaultTo":null,"notNullable":false,"unsigned":false},{"name":"action","type":"string","args":[],"defaultTo":null,"notNullable":false,"unsigned":false},{"name":"created_at","type":"datetime","args":[{"useTz":false,"precision":6}],"defaultTo":null,"notNullable":false,"unsigned":false},{"name":"updated_at","type":"datetime","args":[{"useTz":false,"precision":6}],"defaultTo":null,"notNullable":false,"unsigned":false},{"name":"published_at","type":"datetime","args":[{"useTz":false,"precision":6}],"defaultTo":null,"notNullable":false,"unsigned":false},{"name":"created_by_id","type":"integer","args":[],"defaultTo":null,"notNullable":false,"unsigned":true},{"name":"updated_by_id","type":"integer","args":[],"defaultTo":null,"notNullable":false,"unsigned":true},{"name":"locale","type":"string","args":[],"defaultTo":null,"notNullable":false,"unsigned":false}]},{"name":"strapi_transfer_tokens","indexes":[{"name":"strapi_transfer_tokens_documents_idx","columns":["document_id","locale","published_at"]},{"name":"strapi_transfer_tokens_created_by_id_fk","columns":["created_by_id"]},{"name":"strapi_transfer_tokens_updated_by_id_fk","columns":["updated_by_id"]}],"foreignKeys":[{"name":"strapi_transfer_tokens_created_by_id_fk","columns":["created_by_id"],"referencedTable":"admin_users","referencedColumns":["id"],"onDelete":"SET NULL"},{"name":"strapi_transfer_tokens_updated_by_id_fk","columns":["updated_by_id"],"referencedTable":"admin_users","referencedColumns":["id"],"onDelete":"SET NULL"}],"columns":[{"name":"id","type":"increments","args":[{"primary":true,"primaryKey":true}],"defaultTo":null,"notNullable":true,"unsigned":false},{"name":"document_id","type":"string","args":[],"defaultTo":null,"notNullable":false,"unsigned":false},{"name":"name","type":"string","args":[],"defaultTo":null,"notNullable":false,"unsigned":false},{"name":"description","type":"string","args":[],"defaultTo":null,"notNullable":false,"unsigned":false},{"name":"access_key","type":"string","args":[],"defaultTo":null,"notNullable":false,"unsigned":false},{"name":"last_used_at","type":"datetime","args":[{"useTz":false,"precision":6}],"defaultTo":null,"notNullable":false,"unsigned":false},{"name":"expires_at","type":"datetime","args":[{"useTz":false,"precision":6}],"defaultTo":null,"notNullable":false,"unsigned":false},{"name":"lifespan","type":"bigInteger","args":[],"defaultTo":null,"notNullable":false,"unsigned":false},{"name":"created_at","type":"datetime","args":[{"useTz":false,"precision":6}],"defaultTo":null,"notNullable":false,"unsigned":false},{"name":"updated_at","type":"datetime","args":[{"useTz":false,"precision":6}],"defaultTo":null,"notNullable":false,"unsigned":false},{"name":"published_at","type":"datetime","args":[{"useTz":false,"precision":6}],"defaultTo":null,"notNullable":false,"unsigned":false},{"name":"created_by_id","type":"integer","args":[],"defaultTo":null,"notNullable":false,"unsigned":true},{"name":"updated_by_id","type":"integer","args":[],"defaultTo":null,"notNullable":false,"unsigned":true},{"name":"locale","type":"string","args":[],"defaultTo":null,"notNullable":false,"unsigned":false}]},{"name":"strapi_transfer_token_permissions","indexes":[{"name":"strapi_transfer_token_permissions_documents_idx","columns":["document_id","locale","published_at"]},{"name":"strapi_transfer_token_permissions_created_by_id_fk","columns":["created_by_id"]},{"name":"strapi_transfer_token_permissions_updated_by_id_fk","columns":["updated_by_id"]}],"foreignKeys":[{"name":"strapi_transfer_token_permissions_created_by_id_fk","columns":["created_by_id"],"referencedTable":"admin_users","referencedColumns":["id"],"onDelete":"SET NULL"},{"name":"strapi_transfer_token_permissions_updated_by_id_fk","columns":["updated_by_id"],"referencedTable":"admin_users","referencedColumns":["id"],"onDelete":"SET NULL"}],"columns":[{"name":"id","type":"increments","args":[{"primary":true,"primaryKey":true}],"defaultTo":null,"notNullable":true,"unsigned":false},{"name":"document_id","type":"string","args":[],"defaultTo":null,"notNullable":false,"unsigned":false},{"name":"action","type":"string","args":[],"defaultTo":null,"notNullable":false,"unsigned":false},{"name":"created_at","type":"datetime","args":[{"useTz":false,"precision":6}],"defaultTo":null,"notNullable":false,"unsigned":false},{"name":"updated_at","type":"datetime","args":[{"useTz":false,"precision":6}],"defaultTo":null,"notNullable":false,"unsigned":false},{"name":"published_at","type":"datetime","args":[{"useTz":false,"precision":6}],"defaultTo":null,"notNullable":false,"unsigned":false},{"name":"created_by_id","type":"integer","args":[],"defaultTo":null,"notNullable":false,"unsigned":true},{"name":"updated_by_id","type":"integer","args":[],"defaultTo":null,"notNullable":false,"unsigned":true},{"name":"locale","type":"string","args":[],"defaultTo":null,"notNullable":false,"unsigned":false}]},{"name":"components_shared_tests","indexes":[],"foreignKeys":[],"columns":[{"name":"id","type":"increments","args":[{"primary":true,"primaryKey":true}],"defaultTo":null,"notNullable":true,"unsigned":false},{"name":"test","type":"string","args":[],"defaultTo":null,"notNullable":false,"unsigned":false}]},{"name":"components_shared_sliders","indexes":[],"foreignKeys":[],"columns":[{"name":"id","type":"increments","args":[{"primary":true,"primaryKey":true}],"defaultTo":null,"notNullable":true,"unsigned":false}]},{"name":"components_shared_side_by_sides","indexes":[],"foreignKeys":[],"columns":[{"name":"id","type":"increments","args":[{"primary":true,"primaryKey":true}],"defaultTo":null,"notNullable":true,"unsigned":false},{"name":"section_title","type":"string","args":[],"defaultTo":null,"notNullable":false,"unsigned":false},{"name":"body","type":"text","args":["longtext"],"defaultTo":null,"notNullable":false,"unsigned":false},{"name":"orientation","type":"string","args":[],"defaultTo":null,"notNullable":false,"unsigned":false}]},{"name":"components_shared_seos","indexes":[],"foreignKeys":[],"columns":[{"name":"id","type":"increments","args":[{"primary":true,"primaryKey":true}],"defaultTo":null,"notNullable":true,"unsigned":false},{"name":"meta_title","type":"string","args":[],"defaultTo":null,"notNullable":false,"unsigned":false},{"name":"meta_description","type":"text","args":["longtext"],"defaultTo":null,"notNullable":false,"unsigned":false}]},{"name":"components_shared_rich_texts","indexes":[],"foreignKeys":[],"columns":[{"name":"id","type":"increments","args":[{"primary":true,"primaryKey":true}],"defaultTo":null,"notNullable":true,"unsigned":false},{"name":"body","type":"text","args":["longtext"],"defaultTo":null,"notNullable":false,"unsigned":false}]},{"name":"components_shared_quotes","indexes":[],"foreignKeys":[],"columns":[{"name":"id","type":"increments","args":[{"primary":true,"primaryKey":true}],"defaultTo":null,"notNullable":true,"unsigned":false},{"name":"title","type":"string","args":[],"defaultTo":null,"notNullable":false,"unsigned":false},{"name":"body","type":"text","args":["longtext"],"defaultTo":null,"notNullable":false,"unsigned":false}]},{"name":"components_shared_media","indexes":[],"foreignKeys":[],"columns":[{"name":"id","type":"increments","args":[{"primary":true,"primaryKey":true}],"defaultTo":null,"notNullable":true,"unsigned":false}]},{"name":"components_shared_mdx_blocks","indexes":[],"foreignKeys":[],"columns":[{"name":"id","type":"increments","args":[{"primary":true,"primaryKey":true}],"defaultTo":null,"notNullable":true,"unsigned":false},{"name":"markdown","type":"jsonb","args":[],"defaultTo":null,"notNullable":false,"unsigned":false}]},{"name":"components_shared_maps_cmps","indexes":[{"name":"components_shared_maps_field_idx","columns":["field"]},{"name":"components_shared_maps_component_type_idx","columns":["component_type"]},{"name":"components_shared_maps_entity_fk","columns":["entity_id"]},{"name":"components_shared_maps_uq","columns":["entity_id","cmp_id","field","component_type"],"type":"unique"}],"foreignKeys":[{"name":"components_shared_maps_entity_fk","columns":["entity_id"],"referencedColumns":["id"],"referencedTable":"components_shared_maps","onDelete":"CASCADE"}],"columns":[{"name":"id","type":"increments","args":[{"primary":true,"primaryKey":true}],"defaultTo":null,"notNullable":true,"unsigned":false},{"name":"entity_id","type":"integer","args":[],"defaultTo":null,"notNullable":false,"unsigned":true},{"name":"cmp_id","type":"integer","args":[],"defaultTo":null,"notNullable":false,"unsigned":true},{"name":"component_type","type":"string","args":[],"defaultTo":null,"notNullable":false,"unsigned":false},{"name":"field","type":"string","args":[],"defaultTo":null,"notNullable":false,"unsigned":false},{"name":"order","type":"double","args":[],"defaultTo":null,"notNullable":false,"unsigned":true}]},{"name":"components_shared_maps","indexes":[],"foreignKeys":[],"columns":[{"name":"id","type":"increments","args":[{"primary":true,"primaryKey":true}],"defaultTo":null,"notNullable":true,"unsigned":false},{"name":"zoom","type":"decimal","args":[10,2],"defaultTo":null,"notNullable":false,"unsigned":false},{"name":"date_time","type":"date","args":[],"defaultTo":null,"notNullable":false,"unsigned":false},{"name":"compare_date_time","type":"date","args":[],"defaultTo":null,"notNullable":false,"unsigned":false},{"name":"center","type":"jsonb","args":[],"defaultTo":null,"notNullable":false,"unsigned":false},{"name":"layer_id","type":"text","args":["longtext"],"defaultTo":null,"notNullable":false,"unsigned":false},{"name":"dataset_id","type":"text","args":["longtext"],"defaultTo":null,"notNullable":false,"unsigned":false}]},{"name":"components_shared_line_graphs_cmps","indexes":[{"name":"components_shared_line_graphs_field_idx","columns":["field"]},{"name":"components_shared_line_graphs_component_type_idx","columns":["component_type"]},{"name":"components_shared_line_graphs_entity_fk","columns":["entity_id"]},{"name":"components_shared_line_graphs_uq","columns":["entity_id","cmp_id","field","component_type"],"type":"unique"}],"foreignKeys":[{"name":"components_shared_line_graphs_entity_fk","columns":["entity_id"],"referencedColumns":["id"],"referencedTable":"components_shared_line_graphs","onDelete":"CASCADE"}],"columns":[{"name":"id","type":"increments","args":[{"primary":true,"primaryKey":true}],"defaultTo":null,"notNullable":true,"unsigned":false},{"name":"entity_id","type":"integer","args":[],"defaultTo":null,"notNullable":false,"unsigned":true},{"name":"cmp_id","type":"integer","args":[],"defaultTo":null,"notNullable":false,"unsigned":true},{"name":"component_type","type":"string","args":[],"defaultTo":null,"notNullable":false,"unsigned":false},{"name":"field","type":"string","args":[],"defaultTo":null,"notNullable":false,"unsigned":false},{"name":"order","type":"double","args":[],"defaultTo":null,"notNullable":false,"unsigned":true}]},{"name":"components_shared_line_graphs","indexes":[],"foreignKeys":[],"columns":[{"name":"id","type":"increments","args":[{"primary":true,"primaryKey":true}],"defaultTo":null,"notNullable":true,"unsigned":false},{"name":"date_format","type":"string","args":[],"defaultTo":null,"notNullable":false,"unsigned":false},{"name":"id_key","type":"string","args":[],"defaultTo":null,"notNullable":false,"unsigned":false},{"name":"x_key","type":"string","args":[],"defaultTo":null,"notNullable":false,"unsigned":false},{"name":"y_key","type":"string","args":[],"defaultTo":null,"notNullable":false,"unsigned":false}]},{"name":"components_shared_custom_mdx_blocks","indexes":[],"foreignKeys":[],"columns":[{"name":"id","type":"increments","args":[{"primary":true,"primaryKey":true}],"defaultTo":null,"notNullable":true,"unsigned":false},{"name":"custom_mdx","type":"text","args":["longtext"],"defaultTo":null,"notNullable":false,"unsigned":false}]},{"name":"components_shared_cards","indexes":[],"foreignKeys":[],"columns":[{"name":"id","type":"increments","args":[{"primary":true,"primaryKey":true}],"defaultTo":null,"notNullable":true,"unsigned":false},{"name":"title","type":"text","args":["longtext"],"defaultTo":null,"notNullable":false,"unsigned":false},{"name":"subhead","type":"text","args":["longtext"],"defaultTo":null,"notNullable":false,"unsigned":false}]},{"name":"components_shared_captions","indexes":[],"foreignKeys":[],"columns":[{"name":"id","type":"increments","args":[{"primary":true,"primaryKey":true}],"defaultTo":null,"notNullable":true,"unsigned":false},{"name":"attribute_author","type":"text","args":["longtext"],"defaultTo":null,"notNullable":false,"unsigned":false},{"name":"attr_url","type":"text","args":["longtext"],"defaultTo":null,"notNullable":false,"unsigned":false},{"name":"caption_fig","type":"text","args":["longtext"],"defaultTo":null,"notNullable":false,"unsigned":false}]},{"name":"strapi_core_store_settings","indexes":[],"foreignKeys":[],"columns":[{"name":"id","type":"increments","args":[{"primary":true,"primaryKey":true}],"defaultTo":null,"notNullable":true,"unsigned":false},{"name":"key","type":"string","args":[],"defaultTo":null,"notNullable":false,"unsigned":false},{"name":"value","type":"text","args":["longtext"],"defaultTo":null,"notNullable":false,"unsigned":false},{"name":"type","type":"string","args":[],"defaultTo":null,"notNullable":false,"unsigned":false},{"name":"environment","type":"string","args":[],"defaultTo":null,"notNullable":false,"unsigned":false},{"name":"tag","type":"string","args":[],"defaultTo":null,"notNullable":false,"unsigned":false}]},{"name":"strapi_webhooks","indexes":[],"foreignKeys":[],"columns":[{"name":"id","type":"increments","args":[{"primary":true,"primaryKey":true}],"defaultTo":null,"notNullable":true,"unsigned":false},{"name":"name","type":"string","args":[],"defaultTo":null,"notNullable":false,"unsigned":false},{"name":"url","type":"text","args":["longtext"],"defaultTo":null,"notNullable":false,"unsigned":false},{"name":"headers","type":"jsonb","args":[],"defaultTo":null,"notNullable":false,"unsigned":false},{"name":"events","type":"jsonb","args":[],"defaultTo":null,"notNullable":false,"unsigned":false},{"name":"enabled","type":"boolean","args":[],"defaultTo":null,"notNullable":false,"unsigned":false}]},{"name":"strapi_history_versions","indexes":[{"name":"strapi_history_versions_created_by_id_fk","columns":["created_by_id"]}],"foreignKeys":[{"name":"strapi_history_versions_created_by_id_fk","columns":["created_by_id"],"referencedTable":"admin_users","referencedColumns":["id"],"onDelete":"SET NULL"}],"columns":[{"name":"id","type":"increments","args":[{"primary":true,"primaryKey":true}],"defaultTo":null,"notNullable":true,"unsigned":false},{"name":"content_type","type":"string","args":[],"defaultTo":null,"notNullable":true,"unsigned":false},{"name":"related_document_id","type":"string","args":[],"defaultTo":null,"notNullable":false,"unsigned":false},{"name":"locale","type":"string","args":[],"defaultTo":null,"notNullable":false,"unsigned":false},{"name":"status","type":"string","args":[],"defaultTo":null,"notNullable":false,"unsigned":false},{"name":"data","type":"jsonb","args":[],"defaultTo":null,"notNullable":false,"unsigned":false},{"name":"schema","type":"jsonb","args":[],"defaultTo":null,"notNullable":false,"unsigned":false},{"name":"created_at","type":"datetime","args":[{"useTz":false,"precision":6}],"defaultTo":null,"notNullable":false,"unsigned":false},{"name":"created_by_id","type":"integer","args":[],"defaultTo":null,"notNullable":false,"unsigned":true}]},{"name":"files_related_mph","indexes":[{"name":"files_related_mph_fk","columns":["file_id"]},{"name":"files_related_mph_oidx","columns":["order"]},{"name":"files_related_mph_idix","columns":["related_id"]}],"foreignKeys":[{"name":"files_related_mph_fk","columns":["file_id"],"referencedColumns":["id"],"referencedTable":"files","onDelete":"CASCADE"}],"columns":[{"name":"id","type":"increments","args":[{"primary":true,"primaryKey":true}],"defaultTo":null,"notNullable":true,"unsigned":false},{"name":"file_id","type":"integer","args":[],"defaultTo":null,"notNullable":false,"unsigned":true},{"name":"related_id","type":"integer","args":[],"defaultTo":null,"notNullable":false,"unsigned":true},{"name":"related_type","type":"string","args":[],"defaultTo":null,"notNullable":false,"unsigned":false},{"name":"field","type":"string","args":[],"defaultTo":null,"notNullable":false,"unsigned":false},{"name":"order","type":"double","args":[],"defaultTo":null,"notNullable":false,"unsigned":true}]},{"name":"files_folder_lnk","indexes":[{"name":"files_folder_lnk_fk","columns":["file_id"]},{"name":"files_folder_lnk_ifk","columns":["folder_id"]},{"name":"files_folder_lnk_uq","columns":["file_id","folder_id"],"type":"unique"},{"name":"files_folder_lnk_oifk","columns":["file_ord"]}],"foreignKeys":[{"name":"files_folder_lnk_fk","columns":["file_id"],"referencedColumns":["id"],"referencedTable":"files","onDelete":"CASCADE"},{"name":"files_folder_lnk_ifk","columns":["folder_id"],"referencedColumns":["id"],"referencedTable":"upload_folders","onDelete":"CASCADE"}],"columns":[{"name":"id","type":"increments","args":[{"primary":true,"primaryKey":true}],"defaultTo":null,"notNullable":true,"unsigned":false},{"name":"file_id","type":"integer","args":[],"defaultTo":null,"notNullable":false,"unsigned":true},{"name":"folder_id","type":"integer","args":[],"defaultTo":null,"notNullable":false,"unsigned":true},{"name":"file_ord","type":"double","args":[],"defaultTo":null,"notNullable":false,"unsigned":true}]},{"name":"upload_folders_parent_lnk","indexes":[{"name":"upload_folders_parent_lnk_fk","columns":["folder_id"]},{"name":"upload_folders_parent_lnk_ifk","columns":["inv_folder_id"]},{"name":"upload_folders_parent_lnk_uq","columns":["folder_id","inv_folder_id"],"type":"unique"},{"name":"upload_folders_parent_lnk_oifk","columns":["folder_ord"]}],"foreignKeys":[{"name":"upload_folders_parent_lnk_fk","columns":["folder_id"],"referencedColumns":["id"],"referencedTable":"upload_folders","onDelete":"CASCADE"},{"name":"upload_folders_parent_lnk_ifk","columns":["inv_folder_id"],"referencedColumns":["id"],"referencedTable":"upload_folders","onDelete":"CASCADE"}],"columns":[{"name":"id","type":"increments","args":[{"primary":true,"primaryKey":true}],"defaultTo":null,"notNullable":true,"unsigned":false},{"name":"folder_id","type":"integer","args":[],"defaultTo":null,"notNullable":false,"unsigned":true},{"name":"inv_folder_id","type":"integer","args":[],"defaultTo":null,"notNullable":false,"unsigned":true},{"name":"folder_ord","type":"double","args":[],"defaultTo":null,"notNullable":false,"unsigned":true}]},{"name":"strapi_release_actions_release_lnk","indexes":[{"name":"strapi_release_actions_release_lnk_fk","columns":["release_action_id"]},{"name":"strapi_release_actions_release_lnk_ifk","columns":["release_id"]},{"name":"strapi_release_actions_release_lnk_uq","columns":["release_action_id","release_id"],"type":"unique"},{"name":"strapi_release_actions_release_lnk_oifk","columns":["release_action_ord"]}],"foreignKeys":[{"name":"strapi_release_actions_release_lnk_fk","columns":["release_action_id"],"referencedColumns":["id"],"referencedTable":"strapi_release_actions","onDelete":"CASCADE"},{"name":"strapi_release_actions_release_lnk_ifk","columns":["release_id"],"referencedColumns":["id"],"referencedTable":"strapi_releases","onDelete":"CASCADE"}],"columns":[{"name":"id","type":"increments","args":[{"primary":true,"primaryKey":true}],"defaultTo":null,"notNullable":true,"unsigned":false},{"name":"release_action_id","type":"integer","args":[],"defaultTo":null,"notNullable":false,"unsigned":true},{"name":"release_id","type":"integer","args":[],"defaultTo":null,"notNullable":false,"unsigned":true},{"name":"release_action_ord","type":"double","args":[],"defaultTo":null,"notNullable":false,"unsigned":true}]},{"name":"strapi_workflows_stage_required_to_publish_lnk","indexes":[{"name":"strapi_workflows_stage_required_to_publish_lnk_fk","columns":["workflow_id"]},{"name":"strapi_workflows_stage_required_to_publish_lnk_ifk","columns":["workflow_stage_id"]},{"name":"strapi_workflows_stage_required_to_publish_lnk_uq","columns":["workflow_id","workflow_stage_id"],"type":"unique"}],"foreignKeys":[{"name":"strapi_workflows_stage_required_to_publish_lnk_fk","columns":["workflow_id"],"referencedColumns":["id"],"referencedTable":"strapi_workflows","onDelete":"CASCADE"},{"name":"strapi_workflows_stage_required_to_publish_lnk_ifk","columns":["workflow_stage_id"],"referencedColumns":["id"],"referencedTable":"strapi_workflows_stages","onDelete":"CASCADE"}],"columns":[{"name":"id","type":"increments","args":[{"primary":true,"primaryKey":true}],"defaultTo":null,"notNullable":true,"unsigned":false},{"name":"workflow_id","type":"integer","args":[],"defaultTo":null,"notNullable":false,"unsigned":true},{"name":"workflow_stage_id","type":"integer","args":[],"defaultTo":null,"notNullable":false,"unsigned":true}]},{"name":"strapi_workflows_stages_workflow_lnk","indexes":[{"name":"strapi_workflows_stages_workflow_lnk_fk","columns":["workflow_stage_id"]},{"name":"strapi_workflows_stages_workflow_lnk_ifk","columns":["workflow_id"]},{"name":"strapi_workflows_stages_workflow_lnk_uq","columns":["workflow_stage_id","workflow_id"],"type":"unique"},{"name":"strapi_workflows_stages_workflow_lnk_oifk","columns":["workflow_stage_ord"]}],"foreignKeys":[{"name":"strapi_workflows_stages_workflow_lnk_fk","columns":["workflow_stage_id"],"referencedColumns":["id"],"referencedTable":"strapi_workflows_stages","onDelete":"CASCADE"},{"name":"strapi_workflows_stages_workflow_lnk_ifk","columns":["workflow_id"],"referencedColumns":["id"],"referencedTable":"strapi_workflows","onDelete":"CASCADE"}],"columns":[{"name":"id","type":"increments","args":[{"primary":true,"primaryKey":true}],"defaultTo":null,"notNullable":true,"unsigned":false},{"name":"workflow_stage_id","type":"integer","args":[],"defaultTo":null,"notNullable":false,"unsigned":true},{"name":"workflow_id","type":"integer","args":[],"defaultTo":null,"notNullable":false,"unsigned":true},{"name":"workflow_stage_ord","type":"double","args":[],"defaultTo":null,"notNullable":false,"unsigned":true}]},{"name":"strapi_workflows_stages_permissions_lnk","indexes":[{"name":"strapi_workflows_stages_permissions_lnk_fk","columns":["workflow_stage_id"]},{"name":"strapi_workflows_stages_permissions_lnk_ifk","columns":["permission_id"]},{"name":"strapi_workflows_stages_permissions_lnk_uq","columns":["workflow_stage_id","permission_id"],"type":"unique"},{"name":"strapi_workflows_stages_permissions_lnk_ofk","columns":["permission_ord"]}],"foreignKeys":[{"name":"strapi_workflows_stages_permissions_lnk_fk","columns":["workflow_stage_id"],"referencedColumns":["id"],"referencedTable":"strapi_workflows_stages","onDelete":"CASCADE"},{"name":"strapi_workflows_stages_permissions_lnk_ifk","columns":["permission_id"],"referencedColumns":["id"],"referencedTable":"admin_permissions","onDelete":"CASCADE"}],"columns":[{"name":"id","type":"increments","args":[{"primary":true,"primaryKey":true}],"defaultTo":null,"notNullable":true,"unsigned":false},{"name":"workflow_stage_id","type":"integer","args":[],"defaultTo":null,"notNullable":false,"unsigned":true},{"name":"permission_id","type":"integer","args":[],"defaultTo":null,"notNullable":false,"unsigned":true},{"name":"permission_ord","type":"double","args":[],"defaultTo":null,"notNullable":false,"unsigned":true}]},{"name":"up_permissions_role_lnk","indexes":[{"name":"up_permissions_role_lnk_fk","columns":["permission_id"]},{"name":"up_permissions_role_lnk_ifk","columns":["role_id"]},{"name":"up_permissions_role_lnk_uq","columns":["permission_id","role_id"],"type":"unique"},{"name":"up_permissions_role_lnk_oifk","columns":["permission_ord"]}],"foreignKeys":[{"name":"up_permissions_role_lnk_fk","columns":["permission_id"],"referencedColumns":["id"],"referencedTable":"up_permissions","onDelete":"CASCADE"},{"name":"up_permissions_role_lnk_ifk","columns":["role_id"],"referencedColumns":["id"],"referencedTable":"up_roles","onDelete":"CASCADE"}],"columns":[{"name":"id","type":"increments","args":[{"primary":true,"primaryKey":true}],"defaultTo":null,"notNullable":true,"unsigned":false},{"name":"permission_id","type":"integer","args":[],"defaultTo":null,"notNullable":false,"unsigned":true},{"name":"role_id","type":"integer","args":[],"defaultTo":null,"notNullable":false,"unsigned":true},{"name":"permission_ord","type":"double","args":[],"defaultTo":null,"notNullable":false,"unsigned":true}]},{"name":"up_users_role_lnk","indexes":[{"name":"up_users_role_lnk_fk","columns":["user_id"]},{"name":"up_users_role_lnk_ifk","columns":["role_id"]},{"name":"up_users_role_lnk_uq","columns":["user_id","role_id"],"type":"unique"},{"name":"up_users_role_lnk_oifk","columns":["user_ord"]}],"foreignKeys":[{"name":"up_users_role_lnk_fk","columns":["user_id"],"referencedColumns":["id"],"referencedTable":"up_users","onDelete":"CASCADE"},{"name":"up_users_role_lnk_ifk","columns":["role_id"],"referencedColumns":["id"],"referencedTable":"up_roles","onDelete":"CASCADE"}],"columns":[{"name":"id","type":"increments","args":[{"primary":true,"primaryKey":true}],"defaultTo":null,"notNullable":true,"unsigned":false},{"name":"user_id","type":"integer","args":[],"defaultTo":null,"notNullable":false,"unsigned":true},{"name":"role_id","type":"integer","args":[],"defaultTo":null,"notNullable":false,"unsigned":true},{"name":"user_ord","type":"double","args":[],"defaultTo":null,"notNullable":false,"unsigned":true}]},{"name":"admin_permissions_role_lnk","indexes":[{"name":"admin_permissions_role_lnk_fk","columns":["permission_id"]},{"name":"admin_permissions_role_lnk_ifk","columns":["role_id"]},{"name":"admin_permissions_role_lnk_uq","columns":["permission_id","role_id"],"type":"unique"},{"name":"admin_permissions_role_lnk_oifk","columns":["permission_ord"]}],"foreignKeys":[{"name":"admin_permissions_role_lnk_fk","columns":["permission_id"],"referencedColumns":["id"],"referencedTable":"admin_permissions","onDelete":"CASCADE"},{"name":"admin_permissions_role_lnk_ifk","columns":["role_id"],"referencedColumns":["id"],"referencedTable":"admin_roles","onDelete":"CASCADE"}],"columns":[{"name":"id","type":"increments","args":[{"primary":true,"primaryKey":true}],"defaultTo":null,"notNullable":true,"unsigned":false},{"name":"permission_id","type":"integer","args":[],"defaultTo":null,"notNullable":false,"unsigned":true},{"name":"role_id","type":"integer","args":[],"defaultTo":null,"notNullable":false,"unsigned":true},{"name":"permission_ord","type":"double","args":[],"defaultTo":null,"notNullable":false,"unsigned":true}]},{"name":"admin_users_roles_lnk","indexes":[{"name":"admin_users_roles_lnk_fk","columns":["user_id"]},{"name":"admin_users_roles_lnk_ifk","columns":["role_id"]},{"name":"admin_users_roles_lnk_uq","columns":["user_id","role_id"],"type":"unique"},{"name":"admin_users_roles_lnk_ofk","columns":["role_ord"]},{"name":"admin_users_roles_lnk_oifk","columns":["user_ord"]}],"foreignKeys":[{"name":"admin_users_roles_lnk_fk","columns":["user_id"],"referencedColumns":["id"],"referencedTable":"admin_users","onDelete":"CASCADE"},{"name":"admin_users_roles_lnk_ifk","columns":["role_id"],"referencedColumns":["id"],"referencedTable":"admin_roles","onDelete":"CASCADE"}],"columns":[{"name":"id","type":"increments","args":[{"primary":true,"primaryKey":true}],"defaultTo":null,"notNullable":true,"unsigned":false},{"name":"user_id","type":"integer","args":[],"defaultTo":null,"notNullable":false,"unsigned":true},{"name":"role_id","type":"integer","args":[],"defaultTo":null,"notNullable":false,"unsigned":true},{"name":"role_ord","type":"double","args":[],"defaultTo":null,"notNullable":false,"unsigned":true},{"name":"user_ord","type":"double","args":[],"defaultTo":null,"notNullable":false,"unsigned":true}]},{"name":"strapi_api_token_permissions_token_lnk","indexes":[{"name":"strapi_api_token_permissions_token_lnk_fk","columns":["api_token_permission_id"]},{"name":"strapi_api_token_permissions_token_lnk_ifk","columns":["api_token_id"]},{"name":"strapi_api_token_permissions_token_lnk_uq","columns":["api_token_permission_id","api_token_id"],"type":"unique"},{"name":"strapi_api_token_permissions_token_lnk_oifk","columns":["api_token_permission_ord"]}],"foreignKeys":[{"name":"strapi_api_token_permissions_token_lnk_fk","columns":["api_token_permission_id"],"referencedColumns":["id"],"referencedTable":"strapi_api_token_permissions","onDelete":"CASCADE"},{"name":"strapi_api_token_permissions_token_lnk_ifk","columns":["api_token_id"],"referencedColumns":["id"],"referencedTable":"strapi_api_tokens","onDelete":"CASCADE"}],"columns":[{"name":"id","type":"increments","args":[{"primary":true,"primaryKey":true}],"defaultTo":null,"notNullable":true,"unsigned":false},{"name":"api_token_permission_id","type":"integer","args":[],"defaultTo":null,"notNullable":false,"unsigned":true},{"name":"api_token_id","type":"integer","args":[],"defaultTo":null,"notNullable":false,"unsigned":true},{"name":"api_token_permission_ord","type":"double","args":[],"defaultTo":null,"notNullable":false,"unsigned":true}]},{"name":"strapi_transfer_token_permissions_token_lnk","indexes":[{"name":"strapi_transfer_token_permissions_token_lnk_fk","columns":["transfer_token_permission_id"]},{"name":"strapi_transfer_token_permissions_token_lnk_ifk","columns":["transfer_token_id"]},{"name":"strapi_transfer_token_permissions_token_lnk_uq","columns":["transfer_token_permission_id","transfer_token_id"],"type":"unique"},{"name":"strapi_transfer_token_permissions_token_lnk_oifk","columns":["transfer_token_permission_ord"]}],"foreignKeys":[{"name":"strapi_transfer_token_permissions_token_lnk_fk","columns":["transfer_token_permission_id"],"referencedColumns":["id"],"referencedTable":"strapi_transfer_token_permissions","onDelete":"CASCADE"},{"name":"strapi_transfer_token_permissions_token_lnk_ifk","columns":["transfer_token_id"],"referencedColumns":["id"],"referencedTable":"strapi_transfer_tokens","onDelete":"CASCADE"}],"columns":[{"name":"id","type":"increments","args":[{"primary":true,"primaryKey":true}],"defaultTo":null,"notNullable":true,"unsigned":false},{"name":"transfer_token_permission_id","type":"integer","args":[],"defaultTo":null,"notNullable":false,"unsigned":true},{"name":"transfer_token_id","type":"integer","args":[],"defaultTo":null,"notNullable":false,"unsigned":true},{"name":"transfer_token_permission_ord","type":"double","args":[],"defaultTo":null,"notNullable":false,"unsigned":true}]}]}	2025-03-19 18:06:24.877	8bf0f1e466e28e8597f68b2fa539695b
\.


--
-- Data for Name: strapi_history_versions; Type: TABLE DATA; Schema: public; Owner: postgres
--

COPY public.strapi_history_versions (id, content_type, related_document_id, locale, status, data, schema, created_at, created_by_id) FROM stdin;
\.


--
-- Data for Name: strapi_migrations; Type: TABLE DATA; Schema: public; Owner: postgres
--

COPY public.strapi_migrations (id, name, "time") FROM stdin;
\.


--
-- Data for Name: strapi_migrations_internal; Type: TABLE DATA; Schema: public; Owner: postgres
--

COPY public.strapi_migrations_internal (id, name, "time") FROM stdin;
1	5.0.0-rename-identifiers-longer-than-max-length	2025-03-18 19:10:00.237
2	5.0.0-02-created-document-id	2025-03-18 19:10:00.286
3	5.0.0-03-created-locale	2025-03-18 19:10:00.327
4	5.0.0-04-created-published-at	2025-03-18 19:10:00.365
5	5.0.0-05-drop-slug-fields-index	2025-03-18 19:10:00.41
6	core::5.0.0-discard-drafts	2025-03-18 19:10:00.449
\.


--
-- Data for Name: strapi_release_actions; Type: TABLE DATA; Schema: public; Owner: postgres
--

COPY public.strapi_release_actions (id, document_id, type, content_type, entry_document_id, locale, is_entry_valid, created_at, updated_at, published_at, created_by_id, updated_by_id) FROM stdin;
\.


--
-- Data for Name: strapi_release_actions_release_lnk; Type: TABLE DATA; Schema: public; Owner: postgres
--

COPY public.strapi_release_actions_release_lnk (id, release_action_id, release_id, release_action_ord) FROM stdin;
\.


--
-- Data for Name: strapi_releases; Type: TABLE DATA; Schema: public; Owner: postgres
--

COPY public.strapi_releases (id, document_id, name, released_at, scheduled_at, timezone, status, created_at, updated_at, published_at, created_by_id, updated_by_id, locale) FROM stdin;
\.


--
-- Data for Name: strapi_transfer_token_permissions; Type: TABLE DATA; Schema: public; Owner: postgres
--

COPY public.strapi_transfer_token_permissions (id, document_id, action, created_at, updated_at, published_at, created_by_id, updated_by_id, locale) FROM stdin;
\.


--
-- Data for Name: strapi_transfer_token_permissions_token_lnk; Type: TABLE DATA; Schema: public; Owner: postgres
--

COPY public.strapi_transfer_token_permissions_token_lnk (id, transfer_token_permission_id, transfer_token_id, transfer_token_permission_ord) FROM stdin;
\.


--
-- Data for Name: strapi_transfer_tokens; Type: TABLE DATA; Schema: public; Owner: postgres
--

COPY public.strapi_transfer_tokens (id, document_id, name, description, access_key, last_used_at, expires_at, lifespan, created_at, updated_at, published_at, created_by_id, updated_by_id, locale) FROM stdin;
\.


--
-- Data for Name: strapi_webhooks; Type: TABLE DATA; Schema: public; Owner: postgres
--

COPY public.strapi_webhooks (id, name, url, headers, events, enabled) FROM stdin;
\.


--
-- Data for Name: strapi_workflows; Type: TABLE DATA; Schema: public; Owner: postgres
--

COPY public.strapi_workflows (id, document_id, name, content_types, created_at, updated_at, published_at, created_by_id, updated_by_id, locale) FROM stdin;
\.


--
-- Data for Name: strapi_workflows_stage_required_to_publish_lnk; Type: TABLE DATA; Schema: public; Owner: postgres
--

COPY public.strapi_workflows_stage_required_to_publish_lnk (id, workflow_id, workflow_stage_id) FROM stdin;
\.


--
-- Data for Name: strapi_workflows_stages; Type: TABLE DATA; Schema: public; Owner: postgres
--

COPY public.strapi_workflows_stages (id, document_id, name, color, created_at, updated_at, published_at, created_by_id, updated_by_id, locale) FROM stdin;
\.


--
-- Data for Name: strapi_workflows_stages_permissions_lnk; Type: TABLE DATA; Schema: public; Owner: postgres
--

COPY public.strapi_workflows_stages_permissions_lnk (id, workflow_stage_id, permission_id, permission_ord) FROM stdin;
\.


--
-- Data for Name: strapi_workflows_stages_workflow_lnk; Type: TABLE DATA; Schema: public; Owner: postgres
--

COPY public.strapi_workflows_stages_workflow_lnk (id, workflow_stage_id, workflow_id, workflow_stage_ord) FROM stdin;
\.


--
-- Data for Name: up_permissions; Type: TABLE DATA; Schema: public; Owner: postgres
--

COPY public.up_permissions (id, document_id, action, created_at, updated_at, published_at, created_by_id, updated_by_id, locale) FROM stdin;
1	epnm2lt52yh06gw0fib0x5ui	plugin::users-permissions.user.me	2025-03-18 19:10:01.621	2025-03-18 19:10:01.621	2025-03-18 19:10:01.621	\N	\N	\N
2	g6b7fbrsu2x0o79y6nqm3psa	plugin::users-permissions.auth.changePassword	2025-03-18 19:10:01.621	2025-03-18 19:10:01.621	2025-03-18 19:10:01.621	\N	\N	\N
3	dnx0tkyt0bygkfjye98stws9	plugin::users-permissions.auth.callback	2025-03-18 19:10:01.639	2025-03-18 19:10:01.639	2025-03-18 19:10:01.639	\N	\N	\N
4	jx415i1fbu2uandxg62ada6p	plugin::users-permissions.auth.connect	2025-03-18 19:10:01.639	2025-03-18 19:10:01.639	2025-03-18 19:10:01.639	\N	\N	\N
5	vez7v7zao5qry9ugycf46j74	plugin::users-permissions.auth.resetPassword	2025-03-18 19:10:01.639	2025-03-18 19:10:01.639	2025-03-18 19:10:01.639	\N	\N	\N
6	ilwjlmxb253nx34lw35vpdst	plugin::users-permissions.auth.sendEmailConfirmation	2025-03-18 19:10:01.639	2025-03-18 19:10:01.639	2025-03-18 19:10:01.64	\N	\N	\N
7	jmapv5asyfou0d2o32equi7z	plugin::users-permissions.auth.register	2025-03-18 19:10:01.639	2025-03-18 19:10:01.639	2025-03-18 19:10:01.639	\N	\N	\N
8	hr7ec0lwqdu27p8qztn32d4a	plugin::users-permissions.auth.emailConfirmation	2025-03-18 19:10:01.639	2025-03-18 19:10:01.639	2025-03-18 19:10:01.64	\N	\N	\N
9	d4xgj1d4oxmpl1k87ow65tgh	plugin::users-permissions.auth.forgotPassword	2025-03-18 19:10:01.639	2025-03-18 19:10:01.639	2025-03-18 19:10:01.639	\N	\N	\N
10	zxqn6gptu8q13xn6rb1kzawb	api::about.about.find	2025-03-18 19:24:24.5	2025-03-18 19:24:24.5	2025-03-18 19:24:24.502	\N	\N	\N
12	j5r8dmpyhvt9slj8u4o28eq1	api::article.article.find	2025-03-18 19:24:24.5	2025-03-18 19:24:24.5	2025-03-18 19:24:24.502	\N	\N	\N
14	lp115re5pg875r1fmh7ood8x	api::article.article.findOne	2025-03-18 19:24:24.5	2025-03-18 19:24:24.5	2025-03-18 19:24:24.502	\N	\N	\N
11	d2agcl30v2wf6le781yx6ft9	api::about.about.delete	2025-03-18 19:24:24.5	2025-03-18 19:24:24.5	2025-03-18 19:24:24.502	\N	\N	\N
15	kyr1fmr7ma1mquk9r9v2y9c1	api::article.article.create	2025-03-18 19:24:24.5	2025-03-18 19:24:24.5	2025-03-18 19:24:24.503	\N	\N	\N
13	wwxhd6l6tber2vdbp5yscxb9	api::about.about.update	2025-03-18 19:24:24.5	2025-03-18 19:24:24.5	2025-03-18 19:24:24.502	\N	\N	\N
16	t45wggkot50q5upb27rlsld9	api::article.article.update	2025-03-18 19:24:24.5	2025-03-18 19:24:24.5	2025-03-18 19:24:24.503	\N	\N	\N
17	pfn7pldzgpdf3ox3p3ksu0fb	api::article.article.delete	2025-03-18 19:24:24.5	2025-03-18 19:24:24.5	2025-03-18 19:24:24.503	\N	\N	\N
18	hljesgixuz02mmpf0xkfsbcw	api::author.author.find	2025-03-18 19:24:24.5	2025-03-18 19:24:24.5	2025-03-18 19:24:24.504	\N	\N	\N
19	j0kpezohnbdhefz7vg9rvvxu	api::author.author.findOne	2025-03-18 19:24:24.5	2025-03-18 19:24:24.5	2025-03-18 19:24:24.504	\N	\N	\N
20	jo6zhye4h74isckz9fteis14	api::author.author.create	2025-03-18 19:24:24.5	2025-03-18 19:24:24.5	2025-03-18 19:24:24.504	\N	\N	\N
21	s7cdqf6r9dv7mf6j2ng2ngex	api::author.author.update	2025-03-18 19:24:24.5	2025-03-18 19:24:24.5	2025-03-18 19:24:24.504	\N	\N	\N
22	dn3q8lncnfw3h86p6rlkr0yb	api::author.author.delete	2025-03-18 19:24:24.5	2025-03-18 19:24:24.5	2025-03-18 19:24:24.504	\N	\N	\N
23	hcn6a58s4aayamttv7f0tfde	api::category.category.find	2025-03-18 19:24:24.5	2025-03-18 19:24:24.5	2025-03-18 19:24:24.504	\N	\N	\N
24	zjxpr0a4gan1gvi9dtdiliis	api::category.category.findOne	2025-03-18 19:24:24.5	2025-03-18 19:24:24.5	2025-03-18 19:24:24.505	\N	\N	\N
25	qpd588xivmzmgzxtyuhjge29	api::category.category.create	2025-03-18 19:24:24.5	2025-03-18 19:24:24.5	2025-03-18 19:24:24.505	\N	\N	\N
26	zcshtykv4ql4guen3fyc4v9w	api::category.category.update	2025-03-18 19:24:24.5	2025-03-18 19:24:24.5	2025-03-18 19:24:24.505	\N	\N	\N
27	oomxi4alguh4wykxqm92j47a	api::category.category.delete	2025-03-18 19:24:24.5	2025-03-18 19:24:24.5	2025-03-18 19:24:24.505	\N	\N	\N
\.


--
-- Data for Name: up_permissions_role_lnk; Type: TABLE DATA; Schema: public; Owner: postgres
--

COPY public.up_permissions_role_lnk (id, permission_id, role_id, permission_ord) FROM stdin;
1	2	1	1
2	1	1	1
3	4	2	1
4	3	2	1
5	5	2	2
6	6	2	2
7	8	2	2
8	7	2	2
9	9	2	3
10	12	2	4
11	14	2	4
12	10	2	4
13	13	2	5
14	11	2	5
15	21	2	6
16	23	2	6
17	22	2	6
18	26	2	7
19	24	2	7
20	27	2	7
21	15	2	7
22	16	2	7
23	17	2	7
24	18	2	8
25	19	2	8
26	20	2	8
27	25	2	8
\.


--
-- Data for Name: up_roles; Type: TABLE DATA; Schema: public; Owner: postgres
--

COPY public.up_roles (id, document_id, name, description, type, created_at, updated_at, published_at, created_by_id, updated_by_id, locale) FROM stdin;
1	ali3vasuvqn3rvkxenr21xcf	Authenticated	Default role given to authenticated user.	authenticated	2025-03-18 19:10:01.609	2025-03-18 19:10:01.609	2025-03-18 19:10:01.609	\N	\N	\N
2	ymsrayzzcze8x5mfsbjc1c8s	Public	Default role given to unauthenticated user.	public	2025-03-18 19:10:01.616	2025-03-18 19:25:08.912	2025-03-18 19:10:01.616	\N	\N	\N
\.


--
-- Data for Name: up_users; Type: TABLE DATA; Schema: public; Owner: postgres
--

COPY public.up_users (id, document_id, username, email, provider, password, reset_password_token, confirmation_token, confirmed, blocked, created_at, updated_at, published_at, created_by_id, updated_by_id, locale) FROM stdin;
\.


--
-- Data for Name: up_users_role_lnk; Type: TABLE DATA; Schema: public; Owner: postgres
--

COPY public.up_users_role_lnk (id, user_id, role_id, user_ord) FROM stdin;
\.


--
-- Data for Name: upload_folders; Type: TABLE DATA; Schema: public; Owner: postgres
--

COPY public.upload_folders (id, document_id, name, path_id, path, created_at, updated_at, published_at, created_by_id, updated_by_id, locale) FROM stdin;
\.


--
-- Data for Name: upload_folders_parent_lnk; Type: TABLE DATA; Schema: public; Owner: postgres
--

COPY public.upload_folders_parent_lnk (id, folder_id, inv_folder_id, folder_ord) FROM stdin;
\.


--
-- Name: abouts_cmps_id_seq; Type: SEQUENCE SET; Schema: public; Owner: postgres
--

SELECT pg_catalog.setval('public.abouts_cmps_id_seq', 1, false);


--
-- Name: abouts_id_seq; Type: SEQUENCE SET; Schema: public; Owner: postgres
--

SELECT pg_catalog.setval('public.abouts_id_seq', 1, false);


--
-- Name: admin_permissions_id_seq; Type: SEQUENCE SET; Schema: public; Owner: postgres
--

SELECT pg_catalog.setval('public.admin_permissions_id_seq', 140, true);


--
-- Name: admin_permissions_role_lnk_id_seq; Type: SEQUENCE SET; Schema: public; Owner: postgres
--

SELECT pg_catalog.setval('public.admin_permissions_role_lnk_id_seq', 140, true);


--
-- Name: admin_roles_id_seq; Type: SEQUENCE SET; Schema: public; Owner: postgres
--

SELECT pg_catalog.setval('public.admin_roles_id_seq', 3, true);


--
-- Name: admin_users_id_seq; Type: SEQUENCE SET; Schema: public; Owner: postgres
--

SELECT pg_catalog.setval('public.admin_users_id_seq', 1, true);


--
-- Name: admin_users_roles_lnk_id_seq; Type: SEQUENCE SET; Schema: public; Owner: postgres
--

SELECT pg_catalog.setval('public.admin_users_roles_lnk_id_seq', 1, true);


--
-- Name: articles_cmps_id_seq; Type: SEQUENCE SET; Schema: public; Owner: postgres
--

SELECT pg_catalog.setval('public.articles_cmps_id_seq', 89, true);


--
-- Name: articles_id_seq; Type: SEQUENCE SET; Schema: public; Owner: postgres
--

SELECT pg_catalog.setval('public.articles_id_seq', 28, true);


--
-- Name: authors_id_seq; Type: SEQUENCE SET; Schema: public; Owner: postgres
--

SELECT pg_catalog.setval('public.authors_id_seq', 1, false);


--
-- Name: categories_id_seq; Type: SEQUENCE SET; Schema: public; Owner: postgres
--

SELECT pg_catalog.setval('public.categories_id_seq', 1, false);


--
-- Name: components_shared_captions_id_seq; Type: SEQUENCE SET; Schema: public; Owner: postgres
--

SELECT pg_catalog.setval('public.components_shared_captions_id_seq', 11, true);


--
-- Name: components_shared_cards_id_seq; Type: SEQUENCE SET; Schema: public; Owner: postgres
--

SELECT pg_catalog.setval('public.components_shared_cards_id_seq', 1, false);


--
-- Name: components_shared_custom_mdx_blocks_id_seq; Type: SEQUENCE SET; Schema: public; Owner: postgres
--

SELECT pg_catalog.setval('public.components_shared_custom_mdx_blocks_id_seq', 4, true);


--
-- Name: components_shared_line_graphs_cmps_id_seq; Type: SEQUENCE SET; Schema: public; Owner: postgres
--

SELECT pg_catalog.setval('public.components_shared_line_graphs_cmps_id_seq', 10, true);


--
-- Name: components_shared_line_graphs_id_seq; Type: SEQUENCE SET; Schema: public; Owner: postgres
--

SELECT pg_catalog.setval('public.components_shared_line_graphs_id_seq', 6, true);


--
-- Name: components_shared_maps_cmps_id_seq; Type: SEQUENCE SET; Schema: public; Owner: postgres
--

SELECT pg_catalog.setval('public.components_shared_maps_cmps_id_seq', 8, true);


--
-- Name: components_shared_maps_id_seq; Type: SEQUENCE SET; Schema: public; Owner: postgres
--

SELECT pg_catalog.setval('public.components_shared_maps_id_seq', 5, true);


--
-- Name: components_shared_mdx_blocks_id_seq; Type: SEQUENCE SET; Schema: public; Owner: postgres
--

SELECT pg_catalog.setval('public.components_shared_mdx_blocks_id_seq', 6, true);


--
-- Name: components_shared_media_id_seq; Type: SEQUENCE SET; Schema: public; Owner: postgres
--

SELECT pg_catalog.setval('public.components_shared_media_id_seq', 8, true);


--
-- Name: components_shared_quotes_id_seq; Type: SEQUENCE SET; Schema: public; Owner: postgres
--

SELECT pg_catalog.setval('public.components_shared_quotes_id_seq', 1, false);


--
-- Name: components_shared_rich_texts_id_seq; Type: SEQUENCE SET; Schema: public; Owner: postgres
--

SELECT pg_catalog.setval('public.components_shared_rich_texts_id_seq', 24, true);


--
-- Name: components_shared_seos_id_seq; Type: SEQUENCE SET; Schema: public; Owner: postgres
--

SELECT pg_catalog.setval('public.components_shared_seos_id_seq', 1, false);


--
-- Name: components_shared_side_by_sides_id_seq; Type: SEQUENCE SET; Schema: public; Owner: postgres
--

SELECT pg_catalog.setval('public.components_shared_side_by_sides_id_seq', 1, false);


--
-- Name: components_shared_sliders_id_seq; Type: SEQUENCE SET; Schema: public; Owner: postgres
--

SELECT pg_catalog.setval('public.components_shared_sliders_id_seq', 1, false);


--
-- Name: components_shared_tests_id_seq; Type: SEQUENCE SET; Schema: public; Owner: postgres
--

SELECT pg_catalog.setval('public.components_shared_tests_id_seq', 1, false);


--
-- Name: files_folder_lnk_id_seq; Type: SEQUENCE SET; Schema: public; Owner: postgres
--

SELECT pg_catalog.setval('public.files_folder_lnk_id_seq', 1, false);


--
-- Name: files_id_seq; Type: SEQUENCE SET; Schema: public; Owner: postgres
--

SELECT pg_catalog.setval('public.files_id_seq', 5, true);


--
-- Name: files_related_mph_id_seq; Type: SEQUENCE SET; Schema: public; Owner: postgres
--

SELECT pg_catalog.setval('public.files_related_mph_id_seq', 79, true);


--
-- Name: globals_cmps_id_seq; Type: SEQUENCE SET; Schema: public; Owner: postgres
--

SELECT pg_catalog.setval('public.globals_cmps_id_seq', 1, false);


--
-- Name: globals_id_seq; Type: SEQUENCE SET; Schema: public; Owner: postgres
--

SELECT pg_catalog.setval('public.globals_id_seq', 1, false);


--
-- Name: i18n_locale_id_seq; Type: SEQUENCE SET; Schema: public; Owner: postgres
--

SELECT pg_catalog.setval('public.i18n_locale_id_seq', 1, true);


--
-- Name: strapi_api_token_permissions_id_seq; Type: SEQUENCE SET; Schema: public; Owner: postgres
--

SELECT pg_catalog.setval('public.strapi_api_token_permissions_id_seq', 1, false);


--
-- Name: strapi_api_token_permissions_token_lnk_id_seq; Type: SEQUENCE SET; Schema: public; Owner: postgres
--

SELECT pg_catalog.setval('public.strapi_api_token_permissions_token_lnk_id_seq', 1, false);


--
-- Name: strapi_api_tokens_id_seq; Type: SEQUENCE SET; Schema: public; Owner: postgres
--

SELECT pg_catalog.setval('public.strapi_api_tokens_id_seq', 2, true);


--
-- Name: strapi_core_store_settings_id_seq; Type: SEQUENCE SET; Schema: public; Owner: postgres
--

SELECT pg_catalog.setval('public.strapi_core_store_settings_id_seq', 44, true);


--
-- Name: strapi_database_schema_id_seq; Type: SEQUENCE SET; Schema: public; Owner: postgres
--

SELECT pg_catalog.setval('public.strapi_database_schema_id_seq', 7, true);


--
-- Name: strapi_history_versions_id_seq; Type: SEQUENCE SET; Schema: public; Owner: postgres
--

SELECT pg_catalog.setval('public.strapi_history_versions_id_seq', 1, false);


--
-- Name: strapi_migrations_id_seq; Type: SEQUENCE SET; Schema: public; Owner: postgres
--

SELECT pg_catalog.setval('public.strapi_migrations_id_seq', 1, false);


--
-- Name: strapi_migrations_internal_id_seq; Type: SEQUENCE SET; Schema: public; Owner: postgres
--

SELECT pg_catalog.setval('public.strapi_migrations_internal_id_seq', 6, true);


--
-- Name: strapi_release_actions_id_seq; Type: SEQUENCE SET; Schema: public; Owner: postgres
--

SELECT pg_catalog.setval('public.strapi_release_actions_id_seq', 1, false);


--
-- Name: strapi_release_actions_release_lnk_id_seq; Type: SEQUENCE SET; Schema: public; Owner: postgres
--

SELECT pg_catalog.setval('public.strapi_release_actions_release_lnk_id_seq', 1, false);


--
-- Name: strapi_releases_id_seq; Type: SEQUENCE SET; Schema: public; Owner: postgres
--

SELECT pg_catalog.setval('public.strapi_releases_id_seq', 1, false);


--
-- Name: strapi_transfer_token_permissions_id_seq; Type: SEQUENCE SET; Schema: public; Owner: postgres
--

SELECT pg_catalog.setval('public.strapi_transfer_token_permissions_id_seq', 1, false);


--
-- Name: strapi_transfer_token_permissions_token_lnk_id_seq; Type: SEQUENCE SET; Schema: public; Owner: postgres
--

SELECT pg_catalog.setval('public.strapi_transfer_token_permissions_token_lnk_id_seq', 1, false);


--
-- Name: strapi_transfer_tokens_id_seq; Type: SEQUENCE SET; Schema: public; Owner: postgres
--

SELECT pg_catalog.setval('public.strapi_transfer_tokens_id_seq', 1, false);


--
-- Name: strapi_webhooks_id_seq; Type: SEQUENCE SET; Schema: public; Owner: postgres
--

SELECT pg_catalog.setval('public.strapi_webhooks_id_seq', 1, false);


--
-- Name: strapi_workflows_id_seq; Type: SEQUENCE SET; Schema: public; Owner: postgres
--

SELECT pg_catalog.setval('public.strapi_workflows_id_seq', 1, false);


--
-- Name: strapi_workflows_stage_required_to_publish_lnk_id_seq; Type: SEQUENCE SET; Schema: public; Owner: postgres
--

SELECT pg_catalog.setval('public.strapi_workflows_stage_required_to_publish_lnk_id_seq', 1, false);


--
-- Name: strapi_workflows_stages_id_seq; Type: SEQUENCE SET; Schema: public; Owner: postgres
--

SELECT pg_catalog.setval('public.strapi_workflows_stages_id_seq', 1, false);


--
-- Name: strapi_workflows_stages_permissions_lnk_id_seq; Type: SEQUENCE SET; Schema: public; Owner: postgres
--

SELECT pg_catalog.setval('public.strapi_workflows_stages_permissions_lnk_id_seq', 1, false);


--
-- Name: strapi_workflows_stages_workflow_lnk_id_seq; Type: SEQUENCE SET; Schema: public; Owner: postgres
--

SELECT pg_catalog.setval('public.strapi_workflows_stages_workflow_lnk_id_seq', 1, false);


--
-- Name: up_permissions_id_seq; Type: SEQUENCE SET; Schema: public; Owner: postgres
--

SELECT pg_catalog.setval('public.up_permissions_id_seq', 27, true);


--
-- Name: up_permissions_role_lnk_id_seq; Type: SEQUENCE SET; Schema: public; Owner: postgres
--

SELECT pg_catalog.setval('public.up_permissions_role_lnk_id_seq', 27, true);


--
-- Name: up_roles_id_seq; Type: SEQUENCE SET; Schema: public; Owner: postgres
--

SELECT pg_catalog.setval('public.up_roles_id_seq', 2, true);


--
-- Name: up_users_id_seq; Type: SEQUENCE SET; Schema: public; Owner: postgres
--

SELECT pg_catalog.setval('public.up_users_id_seq', 1, false);


--
-- Name: up_users_role_lnk_id_seq; Type: SEQUENCE SET; Schema: public; Owner: postgres
--

SELECT pg_catalog.setval('public.up_users_role_lnk_id_seq', 1, false);


--
-- Name: upload_folders_id_seq; Type: SEQUENCE SET; Schema: public; Owner: postgres
--

SELECT pg_catalog.setval('public.upload_folders_id_seq', 1, false);


--
-- Name: upload_folders_parent_lnk_id_seq; Type: SEQUENCE SET; Schema: public; Owner: postgres
--

SELECT pg_catalog.setval('public.upload_folders_parent_lnk_id_seq', 1, false);


--
-- Name: abouts_cmps abouts_cmps_pkey; Type: CONSTRAINT; Schema: public; Owner: postgres
--

ALTER TABLE ONLY public.abouts_cmps
    ADD CONSTRAINT abouts_cmps_pkey PRIMARY KEY (id);


--
-- Name: abouts abouts_pkey; Type: CONSTRAINT; Schema: public; Owner: postgres
--

ALTER TABLE ONLY public.abouts
    ADD CONSTRAINT abouts_pkey PRIMARY KEY (id);


--
-- Name: abouts_cmps abouts_uq; Type: CONSTRAINT; Schema: public; Owner: postgres
--

ALTER TABLE ONLY public.abouts_cmps
    ADD CONSTRAINT abouts_uq UNIQUE (entity_id, cmp_id, field, component_type);


--
-- Name: admin_permissions admin_permissions_pkey; Type: CONSTRAINT; Schema: public; Owner: postgres
--

ALTER TABLE ONLY public.admin_permissions
    ADD CONSTRAINT admin_permissions_pkey PRIMARY KEY (id);


--
-- Name: admin_permissions_role_lnk admin_permissions_role_lnk_pkey; Type: CONSTRAINT; Schema: public; Owner: postgres
--

ALTER TABLE ONLY public.admin_permissions_role_lnk
    ADD CONSTRAINT admin_permissions_role_lnk_pkey PRIMARY KEY (id);


--
-- Name: admin_permissions_role_lnk admin_permissions_role_lnk_uq; Type: CONSTRAINT; Schema: public; Owner: postgres
--

ALTER TABLE ONLY public.admin_permissions_role_lnk
    ADD CONSTRAINT admin_permissions_role_lnk_uq UNIQUE (permission_id, role_id);


--
-- Name: admin_roles admin_roles_pkey; Type: CONSTRAINT; Schema: public; Owner: postgres
--

ALTER TABLE ONLY public.admin_roles
    ADD CONSTRAINT admin_roles_pkey PRIMARY KEY (id);


--
-- Name: admin_users admin_users_pkey; Type: CONSTRAINT; Schema: public; Owner: postgres
--

ALTER TABLE ONLY public.admin_users
    ADD CONSTRAINT admin_users_pkey PRIMARY KEY (id);


--
-- Name: admin_users_roles_lnk admin_users_roles_lnk_pkey; Type: CONSTRAINT; Schema: public; Owner: postgres
--

ALTER TABLE ONLY public.admin_users_roles_lnk
    ADD CONSTRAINT admin_users_roles_lnk_pkey PRIMARY KEY (id);


--
-- Name: admin_users_roles_lnk admin_users_roles_lnk_uq; Type: CONSTRAINT; Schema: public; Owner: postgres
--

ALTER TABLE ONLY public.admin_users_roles_lnk
    ADD CONSTRAINT admin_users_roles_lnk_uq UNIQUE (user_id, role_id);


--
-- Name: articles_cmps articles_cmps_pkey; Type: CONSTRAINT; Schema: public; Owner: postgres
--

ALTER TABLE ONLY public.articles_cmps
    ADD CONSTRAINT articles_cmps_pkey PRIMARY KEY (id);


--
-- Name: articles articles_pkey; Type: CONSTRAINT; Schema: public; Owner: postgres
--

ALTER TABLE ONLY public.articles
    ADD CONSTRAINT articles_pkey PRIMARY KEY (id);


--
-- Name: articles_cmps articles_uq; Type: CONSTRAINT; Schema: public; Owner: postgres
--

ALTER TABLE ONLY public.articles_cmps
    ADD CONSTRAINT articles_uq UNIQUE (entity_id, cmp_id, field, component_type);


--
-- Name: authors authors_pkey; Type: CONSTRAINT; Schema: public; Owner: postgres
--

ALTER TABLE ONLY public.authors
    ADD CONSTRAINT authors_pkey PRIMARY KEY (id);


--
-- Name: categories categories_pkey; Type: CONSTRAINT; Schema: public; Owner: postgres
--

ALTER TABLE ONLY public.categories
    ADD CONSTRAINT categories_pkey PRIMARY KEY (id);


--
-- Name: components_shared_captions components_shared_captions_pkey; Type: CONSTRAINT; Schema: public; Owner: postgres
--

ALTER TABLE ONLY public.components_shared_captions
    ADD CONSTRAINT components_shared_captions_pkey PRIMARY KEY (id);


--
-- Name: components_shared_cards components_shared_cards_pkey; Type: CONSTRAINT; Schema: public; Owner: postgres
--

ALTER TABLE ONLY public.components_shared_cards
    ADD CONSTRAINT components_shared_cards_pkey PRIMARY KEY (id);


--
-- Name: components_shared_custom_mdx_blocks components_shared_custom_mdx_blocks_pkey; Type: CONSTRAINT; Schema: public; Owner: postgres
--

ALTER TABLE ONLY public.components_shared_custom_mdx_blocks
    ADD CONSTRAINT components_shared_custom_mdx_blocks_pkey PRIMARY KEY (id);


--
-- Name: components_shared_line_graphs_cmps components_shared_line_graphs_cmps_pkey; Type: CONSTRAINT; Schema: public; Owner: postgres
--

ALTER TABLE ONLY public.components_shared_line_graphs_cmps
    ADD CONSTRAINT components_shared_line_graphs_cmps_pkey PRIMARY KEY (id);


--
-- Name: components_shared_line_graphs components_shared_line_graphs_pkey; Type: CONSTRAINT; Schema: public; Owner: postgres
--

ALTER TABLE ONLY public.components_shared_line_graphs
    ADD CONSTRAINT components_shared_line_graphs_pkey PRIMARY KEY (id);


--
-- Name: components_shared_line_graphs_cmps components_shared_line_graphs_uq; Type: CONSTRAINT; Schema: public; Owner: postgres
--

ALTER TABLE ONLY public.components_shared_line_graphs_cmps
    ADD CONSTRAINT components_shared_line_graphs_uq UNIQUE (entity_id, cmp_id, field, component_type);


--
-- Name: components_shared_maps_cmps components_shared_maps_cmps_pkey; Type: CONSTRAINT; Schema: public; Owner: postgres
--

ALTER TABLE ONLY public.components_shared_maps_cmps
    ADD CONSTRAINT components_shared_maps_cmps_pkey PRIMARY KEY (id);


--
-- Name: components_shared_maps components_shared_maps_pkey; Type: CONSTRAINT; Schema: public; Owner: postgres
--

ALTER TABLE ONLY public.components_shared_maps
    ADD CONSTRAINT components_shared_maps_pkey PRIMARY KEY (id);


--
-- Name: components_shared_maps_cmps components_shared_maps_uq; Type: CONSTRAINT; Schema: public; Owner: postgres
--

ALTER TABLE ONLY public.components_shared_maps_cmps
    ADD CONSTRAINT components_shared_maps_uq UNIQUE (entity_id, cmp_id, field, component_type);


--
-- Name: components_shared_mdx_blocks components_shared_mdx_blocks_pkey; Type: CONSTRAINT; Schema: public; Owner: postgres
--

ALTER TABLE ONLY public.components_shared_mdx_blocks
    ADD CONSTRAINT components_shared_mdx_blocks_pkey PRIMARY KEY (id);


--
-- Name: components_shared_media components_shared_media_pkey; Type: CONSTRAINT; Schema: public; Owner: postgres
--

ALTER TABLE ONLY public.components_shared_media
    ADD CONSTRAINT components_shared_media_pkey PRIMARY KEY (id);


--
-- Name: components_shared_quotes components_shared_quotes_pkey; Type: CONSTRAINT; Schema: public; Owner: postgres
--

ALTER TABLE ONLY public.components_shared_quotes
    ADD CONSTRAINT components_shared_quotes_pkey PRIMARY KEY (id);


--
-- Name: components_shared_rich_texts components_shared_rich_texts_pkey; Type: CONSTRAINT; Schema: public; Owner: postgres
--

ALTER TABLE ONLY public.components_shared_rich_texts
    ADD CONSTRAINT components_shared_rich_texts_pkey PRIMARY KEY (id);


--
-- Name: components_shared_seos components_shared_seos_pkey; Type: CONSTRAINT; Schema: public; Owner: postgres
--

ALTER TABLE ONLY public.components_shared_seos
    ADD CONSTRAINT components_shared_seos_pkey PRIMARY KEY (id);


--
-- Name: components_shared_side_by_sides components_shared_side_by_sides_pkey; Type: CONSTRAINT; Schema: public; Owner: postgres
--

ALTER TABLE ONLY public.components_shared_side_by_sides
    ADD CONSTRAINT components_shared_side_by_sides_pkey PRIMARY KEY (id);


--
-- Name: components_shared_sliders components_shared_sliders_pkey; Type: CONSTRAINT; Schema: public; Owner: postgres
--

ALTER TABLE ONLY public.components_shared_sliders
    ADD CONSTRAINT components_shared_sliders_pkey PRIMARY KEY (id);


--
-- Name: components_shared_tests components_shared_tests_pkey; Type: CONSTRAINT; Schema: public; Owner: postgres
--

ALTER TABLE ONLY public.components_shared_tests
    ADD CONSTRAINT components_shared_tests_pkey PRIMARY KEY (id);


--
-- Name: files_folder_lnk files_folder_lnk_pkey; Type: CONSTRAINT; Schema: public; Owner: postgres
--

ALTER TABLE ONLY public.files_folder_lnk
    ADD CONSTRAINT files_folder_lnk_pkey PRIMARY KEY (id);


--
-- Name: files_folder_lnk files_folder_lnk_uq; Type: CONSTRAINT; Schema: public; Owner: postgres
--

ALTER TABLE ONLY public.files_folder_lnk
    ADD CONSTRAINT files_folder_lnk_uq UNIQUE (file_id, folder_id);


--
-- Name: files files_pkey; Type: CONSTRAINT; Schema: public; Owner: postgres
--

ALTER TABLE ONLY public.files
    ADD CONSTRAINT files_pkey PRIMARY KEY (id);


--
-- Name: files_related_mph files_related_mph_pkey; Type: CONSTRAINT; Schema: public; Owner: postgres
--

ALTER TABLE ONLY public.files_related_mph
    ADD CONSTRAINT files_related_mph_pkey PRIMARY KEY (id);


--
-- Name: globals_cmps globals_cmps_pkey; Type: CONSTRAINT; Schema: public; Owner: postgres
--

ALTER TABLE ONLY public.globals_cmps
    ADD CONSTRAINT globals_cmps_pkey PRIMARY KEY (id);


--
-- Name: globals globals_pkey; Type: CONSTRAINT; Schema: public; Owner: postgres
--

ALTER TABLE ONLY public.globals
    ADD CONSTRAINT globals_pkey PRIMARY KEY (id);


--
-- Name: globals_cmps globals_uq; Type: CONSTRAINT; Schema: public; Owner: postgres
--

ALTER TABLE ONLY public.globals_cmps
    ADD CONSTRAINT globals_uq UNIQUE (entity_id, cmp_id, field, component_type);


--
-- Name: i18n_locale i18n_locale_pkey; Type: CONSTRAINT; Schema: public; Owner: postgres
--

ALTER TABLE ONLY public.i18n_locale
    ADD CONSTRAINT i18n_locale_pkey PRIMARY KEY (id);


--
-- Name: strapi_api_token_permissions strapi_api_token_permissions_pkey; Type: CONSTRAINT; Schema: public; Owner: postgres
--

ALTER TABLE ONLY public.strapi_api_token_permissions
    ADD CONSTRAINT strapi_api_token_permissions_pkey PRIMARY KEY (id);


--
-- Name: strapi_api_token_permissions_token_lnk strapi_api_token_permissions_token_lnk_pkey; Type: CONSTRAINT; Schema: public; Owner: postgres
--

ALTER TABLE ONLY public.strapi_api_token_permissions_token_lnk
    ADD CONSTRAINT strapi_api_token_permissions_token_lnk_pkey PRIMARY KEY (id);


--
-- Name: strapi_api_token_permissions_token_lnk strapi_api_token_permissions_token_lnk_uq; Type: CONSTRAINT; Schema: public; Owner: postgres
--

ALTER TABLE ONLY public.strapi_api_token_permissions_token_lnk
    ADD CONSTRAINT strapi_api_token_permissions_token_lnk_uq UNIQUE (api_token_permission_id, api_token_id);


--
-- Name: strapi_api_tokens strapi_api_tokens_pkey; Type: CONSTRAINT; Schema: public; Owner: postgres
--

ALTER TABLE ONLY public.strapi_api_tokens
    ADD CONSTRAINT strapi_api_tokens_pkey PRIMARY KEY (id);


--
-- Name: strapi_core_store_settings strapi_core_store_settings_pkey; Type: CONSTRAINT; Schema: public; Owner: postgres
--

ALTER TABLE ONLY public.strapi_core_store_settings
    ADD CONSTRAINT strapi_core_store_settings_pkey PRIMARY KEY (id);


--
-- Name: strapi_database_schema strapi_database_schema_pkey; Type: CONSTRAINT; Schema: public; Owner: postgres
--

ALTER TABLE ONLY public.strapi_database_schema
    ADD CONSTRAINT strapi_database_schema_pkey PRIMARY KEY (id);


--
-- Name: strapi_history_versions strapi_history_versions_pkey; Type: CONSTRAINT; Schema: public; Owner: postgres
--

ALTER TABLE ONLY public.strapi_history_versions
    ADD CONSTRAINT strapi_history_versions_pkey PRIMARY KEY (id);


--
-- Name: strapi_migrations_internal strapi_migrations_internal_pkey; Type: CONSTRAINT; Schema: public; Owner: postgres
--

ALTER TABLE ONLY public.strapi_migrations_internal
    ADD CONSTRAINT strapi_migrations_internal_pkey PRIMARY KEY (id);


--
-- Name: strapi_migrations strapi_migrations_pkey; Type: CONSTRAINT; Schema: public; Owner: postgres
--

ALTER TABLE ONLY public.strapi_migrations
    ADD CONSTRAINT strapi_migrations_pkey PRIMARY KEY (id);


--
-- Name: strapi_release_actions strapi_release_actions_pkey; Type: CONSTRAINT; Schema: public; Owner: postgres
--

ALTER TABLE ONLY public.strapi_release_actions
    ADD CONSTRAINT strapi_release_actions_pkey PRIMARY KEY (id);


--
-- Name: strapi_release_actions_release_lnk strapi_release_actions_release_lnk_pkey; Type: CONSTRAINT; Schema: public; Owner: postgres
--

ALTER TABLE ONLY public.strapi_release_actions_release_lnk
    ADD CONSTRAINT strapi_release_actions_release_lnk_pkey PRIMARY KEY (id);


--
-- Name: strapi_release_actions_release_lnk strapi_release_actions_release_lnk_uq; Type: CONSTRAINT; Schema: public; Owner: postgres
--

ALTER TABLE ONLY public.strapi_release_actions_release_lnk
    ADD CONSTRAINT strapi_release_actions_release_lnk_uq UNIQUE (release_action_id, release_id);


--
-- Name: strapi_releases strapi_releases_pkey; Type: CONSTRAINT; Schema: public; Owner: postgres
--

ALTER TABLE ONLY public.strapi_releases
    ADD CONSTRAINT strapi_releases_pkey PRIMARY KEY (id);


--
-- Name: strapi_transfer_token_permissions strapi_transfer_token_permissions_pkey; Type: CONSTRAINT; Schema: public; Owner: postgres
--

ALTER TABLE ONLY public.strapi_transfer_token_permissions
    ADD CONSTRAINT strapi_transfer_token_permissions_pkey PRIMARY KEY (id);


--
-- Name: strapi_transfer_token_permissions_token_lnk strapi_transfer_token_permissions_token_lnk_pkey; Type: CONSTRAINT; Schema: public; Owner: postgres
--

ALTER TABLE ONLY public.strapi_transfer_token_permissions_token_lnk
    ADD CONSTRAINT strapi_transfer_token_permissions_token_lnk_pkey PRIMARY KEY (id);


--
-- Name: strapi_transfer_token_permissions_token_lnk strapi_transfer_token_permissions_token_lnk_uq; Type: CONSTRAINT; Schema: public; Owner: postgres
--

ALTER TABLE ONLY public.strapi_transfer_token_permissions_token_lnk
    ADD CONSTRAINT strapi_transfer_token_permissions_token_lnk_uq UNIQUE (transfer_token_permission_id, transfer_token_id);


--
-- Name: strapi_transfer_tokens strapi_transfer_tokens_pkey; Type: CONSTRAINT; Schema: public; Owner: postgres
--

ALTER TABLE ONLY public.strapi_transfer_tokens
    ADD CONSTRAINT strapi_transfer_tokens_pkey PRIMARY KEY (id);


--
-- Name: strapi_webhooks strapi_webhooks_pkey; Type: CONSTRAINT; Schema: public; Owner: postgres
--

ALTER TABLE ONLY public.strapi_webhooks
    ADD CONSTRAINT strapi_webhooks_pkey PRIMARY KEY (id);


--
-- Name: strapi_workflows strapi_workflows_pkey; Type: CONSTRAINT; Schema: public; Owner: postgres
--

ALTER TABLE ONLY public.strapi_workflows
    ADD CONSTRAINT strapi_workflows_pkey PRIMARY KEY (id);


--
-- Name: strapi_workflows_stage_required_to_publish_lnk strapi_workflows_stage_required_to_publish_lnk_pkey; Type: CONSTRAINT; Schema: public; Owner: postgres
--

ALTER TABLE ONLY public.strapi_workflows_stage_required_to_publish_lnk
    ADD CONSTRAINT strapi_workflows_stage_required_to_publish_lnk_pkey PRIMARY KEY (id);


--
-- Name: strapi_workflows_stage_required_to_publish_lnk strapi_workflows_stage_required_to_publish_lnk_uq; Type: CONSTRAINT; Schema: public; Owner: postgres
--

ALTER TABLE ONLY public.strapi_workflows_stage_required_to_publish_lnk
    ADD CONSTRAINT strapi_workflows_stage_required_to_publish_lnk_uq UNIQUE (workflow_id, workflow_stage_id);


--
-- Name: strapi_workflows_stages_permissions_lnk strapi_workflows_stages_permissions_lnk_pkey; Type: CONSTRAINT; Schema: public; Owner: postgres
--

ALTER TABLE ONLY public.strapi_workflows_stages_permissions_lnk
    ADD CONSTRAINT strapi_workflows_stages_permissions_lnk_pkey PRIMARY KEY (id);


--
-- Name: strapi_workflows_stages_permissions_lnk strapi_workflows_stages_permissions_lnk_uq; Type: CONSTRAINT; Schema: public; Owner: postgres
--

ALTER TABLE ONLY public.strapi_workflows_stages_permissions_lnk
    ADD CONSTRAINT strapi_workflows_stages_permissions_lnk_uq UNIQUE (workflow_stage_id, permission_id);


--
-- Name: strapi_workflows_stages strapi_workflows_stages_pkey; Type: CONSTRAINT; Schema: public; Owner: postgres
--

ALTER TABLE ONLY public.strapi_workflows_stages
    ADD CONSTRAINT strapi_workflows_stages_pkey PRIMARY KEY (id);


--
-- Name: strapi_workflows_stages_workflow_lnk strapi_workflows_stages_workflow_lnk_pkey; Type: CONSTRAINT; Schema: public; Owner: postgres
--

ALTER TABLE ONLY public.strapi_workflows_stages_workflow_lnk
    ADD CONSTRAINT strapi_workflows_stages_workflow_lnk_pkey PRIMARY KEY (id);


--
-- Name: strapi_workflows_stages_workflow_lnk strapi_workflows_stages_workflow_lnk_uq; Type: CONSTRAINT; Schema: public; Owner: postgres
--

ALTER TABLE ONLY public.strapi_workflows_stages_workflow_lnk
    ADD CONSTRAINT strapi_workflows_stages_workflow_lnk_uq UNIQUE (workflow_stage_id, workflow_id);


--
-- Name: up_permissions up_permissions_pkey; Type: CONSTRAINT; Schema: public; Owner: postgres
--

ALTER TABLE ONLY public.up_permissions
    ADD CONSTRAINT up_permissions_pkey PRIMARY KEY (id);


--
-- Name: up_permissions_role_lnk up_permissions_role_lnk_pkey; Type: CONSTRAINT; Schema: public; Owner: postgres
--

ALTER TABLE ONLY public.up_permissions_role_lnk
    ADD CONSTRAINT up_permissions_role_lnk_pkey PRIMARY KEY (id);


--
-- Name: up_permissions_role_lnk up_permissions_role_lnk_uq; Type: CONSTRAINT; Schema: public; Owner: postgres
--

ALTER TABLE ONLY public.up_permissions_role_lnk
    ADD CONSTRAINT up_permissions_role_lnk_uq UNIQUE (permission_id, role_id);


--
-- Name: up_roles up_roles_pkey; Type: CONSTRAINT; Schema: public; Owner: postgres
--

ALTER TABLE ONLY public.up_roles
    ADD CONSTRAINT up_roles_pkey PRIMARY KEY (id);


--
-- Name: up_users up_users_pkey; Type: CONSTRAINT; Schema: public; Owner: postgres
--

ALTER TABLE ONLY public.up_users
    ADD CONSTRAINT up_users_pkey PRIMARY KEY (id);


--
-- Name: up_users_role_lnk up_users_role_lnk_pkey; Type: CONSTRAINT; Schema: public; Owner: postgres
--

ALTER TABLE ONLY public.up_users_role_lnk
    ADD CONSTRAINT up_users_role_lnk_pkey PRIMARY KEY (id);


--
-- Name: up_users_role_lnk up_users_role_lnk_uq; Type: CONSTRAINT; Schema: public; Owner: postgres
--

ALTER TABLE ONLY public.up_users_role_lnk
    ADD CONSTRAINT up_users_role_lnk_uq UNIQUE (user_id, role_id);


--
-- Name: upload_folders_parent_lnk upload_folders_parent_lnk_pkey; Type: CONSTRAINT; Schema: public; Owner: postgres
--

ALTER TABLE ONLY public.upload_folders_parent_lnk
    ADD CONSTRAINT upload_folders_parent_lnk_pkey PRIMARY KEY (id);


--
-- Name: upload_folders_parent_lnk upload_folders_parent_lnk_uq; Type: CONSTRAINT; Schema: public; Owner: postgres
--

ALTER TABLE ONLY public.upload_folders_parent_lnk
    ADD CONSTRAINT upload_folders_parent_lnk_uq UNIQUE (folder_id, inv_folder_id);


--
-- Name: upload_folders upload_folders_path_id_index; Type: CONSTRAINT; Schema: public; Owner: postgres
--

ALTER TABLE ONLY public.upload_folders
    ADD CONSTRAINT upload_folders_path_id_index UNIQUE (path_id);


--
-- Name: upload_folders upload_folders_path_index; Type: CONSTRAINT; Schema: public; Owner: postgres
--

ALTER TABLE ONLY public.upload_folders
    ADD CONSTRAINT upload_folders_path_index UNIQUE (path);


--
-- Name: upload_folders upload_folders_pkey; Type: CONSTRAINT; Schema: public; Owner: postgres
--

ALTER TABLE ONLY public.upload_folders
    ADD CONSTRAINT upload_folders_pkey PRIMARY KEY (id);


--
-- Name: abouts_component_type_idx; Type: INDEX; Schema: public; Owner: postgres
--

CREATE INDEX abouts_component_type_idx ON public.abouts_cmps USING btree (component_type);


--
-- Name: abouts_created_by_id_fk; Type: INDEX; Schema: public; Owner: postgres
--

CREATE INDEX abouts_created_by_id_fk ON public.abouts USING btree (created_by_id);


--
-- Name: abouts_documents_idx; Type: INDEX; Schema: public; Owner: postgres
--

CREATE INDEX abouts_documents_idx ON public.abouts USING btree (document_id, locale, published_at);


--
-- Name: abouts_entity_fk; Type: INDEX; Schema: public; Owner: postgres
--

CREATE INDEX abouts_entity_fk ON public.abouts_cmps USING btree (entity_id);


--
-- Name: abouts_field_idx; Type: INDEX; Schema: public; Owner: postgres
--

CREATE INDEX abouts_field_idx ON public.abouts_cmps USING btree (field);


--
-- Name: abouts_updated_by_id_fk; Type: INDEX; Schema: public; Owner: postgres
--

CREATE INDEX abouts_updated_by_id_fk ON public.abouts USING btree (updated_by_id);


--
-- Name: admin_permissions_created_by_id_fk; Type: INDEX; Schema: public; Owner: postgres
--

CREATE INDEX admin_permissions_created_by_id_fk ON public.admin_permissions USING btree (created_by_id);


--
-- Name: admin_permissions_documents_idx; Type: INDEX; Schema: public; Owner: postgres
--

CREATE INDEX admin_permissions_documents_idx ON public.admin_permissions USING btree (document_id, locale, published_at);


--
-- Name: admin_permissions_role_lnk_fk; Type: INDEX; Schema: public; Owner: postgres
--

CREATE INDEX admin_permissions_role_lnk_fk ON public.admin_permissions_role_lnk USING btree (permission_id);


--
-- Name: admin_permissions_role_lnk_ifk; Type: INDEX; Schema: public; Owner: postgres
--

CREATE INDEX admin_permissions_role_lnk_ifk ON public.admin_permissions_role_lnk USING btree (role_id);


--
-- Name: admin_permissions_role_lnk_oifk; Type: INDEX; Schema: public; Owner: postgres
--

CREATE INDEX admin_permissions_role_lnk_oifk ON public.admin_permissions_role_lnk USING btree (permission_ord);


--
-- Name: admin_permissions_updated_by_id_fk; Type: INDEX; Schema: public; Owner: postgres
--

CREATE INDEX admin_permissions_updated_by_id_fk ON public.admin_permissions USING btree (updated_by_id);


--
-- Name: admin_roles_created_by_id_fk; Type: INDEX; Schema: public; Owner: postgres
--

CREATE INDEX admin_roles_created_by_id_fk ON public.admin_roles USING btree (created_by_id);


--
-- Name: admin_roles_documents_idx; Type: INDEX; Schema: public; Owner: postgres
--

CREATE INDEX admin_roles_documents_idx ON public.admin_roles USING btree (document_id, locale, published_at);


--
-- Name: admin_roles_updated_by_id_fk; Type: INDEX; Schema: public; Owner: postgres
--

CREATE INDEX admin_roles_updated_by_id_fk ON public.admin_roles USING btree (updated_by_id);


--
-- Name: admin_users_created_by_id_fk; Type: INDEX; Schema: public; Owner: postgres
--

CREATE INDEX admin_users_created_by_id_fk ON public.admin_users USING btree (created_by_id);


--
-- Name: admin_users_documents_idx; Type: INDEX; Schema: public; Owner: postgres
--

CREATE INDEX admin_users_documents_idx ON public.admin_users USING btree (document_id, locale, published_at);


--
-- Name: admin_users_roles_lnk_fk; Type: INDEX; Schema: public; Owner: postgres
--

CREATE INDEX admin_users_roles_lnk_fk ON public.admin_users_roles_lnk USING btree (user_id);


--
-- Name: admin_users_roles_lnk_ifk; Type: INDEX; Schema: public; Owner: postgres
--

CREATE INDEX admin_users_roles_lnk_ifk ON public.admin_users_roles_lnk USING btree (role_id);


--
-- Name: admin_users_roles_lnk_ofk; Type: INDEX; Schema: public; Owner: postgres
--

CREATE INDEX admin_users_roles_lnk_ofk ON public.admin_users_roles_lnk USING btree (role_ord);


--
-- Name: admin_users_roles_lnk_oifk; Type: INDEX; Schema: public; Owner: postgres
--

CREATE INDEX admin_users_roles_lnk_oifk ON public.admin_users_roles_lnk USING btree (user_ord);


--
-- Name: admin_users_updated_by_id_fk; Type: INDEX; Schema: public; Owner: postgres
--

CREATE INDEX admin_users_updated_by_id_fk ON public.admin_users USING btree (updated_by_id);


--
-- Name: articles_component_type_idx; Type: INDEX; Schema: public; Owner: postgres
--

CREATE INDEX articles_component_type_idx ON public.articles_cmps USING btree (component_type);


--
-- Name: articles_created_by_id_fk; Type: INDEX; Schema: public; Owner: postgres
--

CREATE INDEX articles_created_by_id_fk ON public.articles USING btree (created_by_id);


--
-- Name: articles_documents_idx; Type: INDEX; Schema: public; Owner: postgres
--

CREATE INDEX articles_documents_idx ON public.articles USING btree (document_id, locale, published_at);


--
-- Name: articles_entity_fk; Type: INDEX; Schema: public; Owner: postgres
--

CREATE INDEX articles_entity_fk ON public.articles_cmps USING btree (entity_id);


--
-- Name: articles_field_idx; Type: INDEX; Schema: public; Owner: postgres
--

CREATE INDEX articles_field_idx ON public.articles_cmps USING btree (field);


--
-- Name: articles_updated_by_id_fk; Type: INDEX; Schema: public; Owner: postgres
--

CREATE INDEX articles_updated_by_id_fk ON public.articles USING btree (updated_by_id);


--
-- Name: authors_created_by_id_fk; Type: INDEX; Schema: public; Owner: postgres
--

CREATE INDEX authors_created_by_id_fk ON public.authors USING btree (created_by_id);


--
-- Name: authors_documents_idx; Type: INDEX; Schema: public; Owner: postgres
--

CREATE INDEX authors_documents_idx ON public.authors USING btree (document_id, locale, published_at);


--
-- Name: authors_updated_by_id_fk; Type: INDEX; Schema: public; Owner: postgres
--

CREATE INDEX authors_updated_by_id_fk ON public.authors USING btree (updated_by_id);


--
-- Name: categories_created_by_id_fk; Type: INDEX; Schema: public; Owner: postgres
--

CREATE INDEX categories_created_by_id_fk ON public.categories USING btree (created_by_id);


--
-- Name: categories_documents_idx; Type: INDEX; Schema: public; Owner: postgres
--

CREATE INDEX categories_documents_idx ON public.categories USING btree (document_id, locale, published_at);


--
-- Name: categories_updated_by_id_fk; Type: INDEX; Schema: public; Owner: postgres
--

CREATE INDEX categories_updated_by_id_fk ON public.categories USING btree (updated_by_id);


--
-- Name: components_shared_line_graphs_component_type_idx; Type: INDEX; Schema: public; Owner: postgres
--

CREATE INDEX components_shared_line_graphs_component_type_idx ON public.components_shared_line_graphs_cmps USING btree (component_type);


--
-- Name: components_shared_line_graphs_entity_fk; Type: INDEX; Schema: public; Owner: postgres
--

CREATE INDEX components_shared_line_graphs_entity_fk ON public.components_shared_line_graphs_cmps USING btree (entity_id);


--
-- Name: components_shared_line_graphs_field_idx; Type: INDEX; Schema: public; Owner: postgres
--

CREATE INDEX components_shared_line_graphs_field_idx ON public.components_shared_line_graphs_cmps USING btree (field);


--
-- Name: components_shared_maps_component_type_idx; Type: INDEX; Schema: public; Owner: postgres
--

CREATE INDEX components_shared_maps_component_type_idx ON public.components_shared_maps_cmps USING btree (component_type);


--
-- Name: components_shared_maps_entity_fk; Type: INDEX; Schema: public; Owner: postgres
--

CREATE INDEX components_shared_maps_entity_fk ON public.components_shared_maps_cmps USING btree (entity_id);


--
-- Name: components_shared_maps_field_idx; Type: INDEX; Schema: public; Owner: postgres
--

CREATE INDEX components_shared_maps_field_idx ON public.components_shared_maps_cmps USING btree (field);


--
-- Name: files_created_by_id_fk; Type: INDEX; Schema: public; Owner: postgres
--

CREATE INDEX files_created_by_id_fk ON public.files USING btree (created_by_id);


--
-- Name: files_documents_idx; Type: INDEX; Schema: public; Owner: postgres
--

CREATE INDEX files_documents_idx ON public.files USING btree (document_id, locale, published_at);


--
-- Name: files_folder_lnk_fk; Type: INDEX; Schema: public; Owner: postgres
--

CREATE INDEX files_folder_lnk_fk ON public.files_folder_lnk USING btree (file_id);


--
-- Name: files_folder_lnk_ifk; Type: INDEX; Schema: public; Owner: postgres
--

CREATE INDEX files_folder_lnk_ifk ON public.files_folder_lnk USING btree (folder_id);


--
-- Name: files_folder_lnk_oifk; Type: INDEX; Schema: public; Owner: postgres
--

CREATE INDEX files_folder_lnk_oifk ON public.files_folder_lnk USING btree (file_ord);


--
-- Name: files_related_mph_fk; Type: INDEX; Schema: public; Owner: postgres
--

CREATE INDEX files_related_mph_fk ON public.files_related_mph USING btree (file_id);


--
-- Name: files_related_mph_idix; Type: INDEX; Schema: public; Owner: postgres
--

CREATE INDEX files_related_mph_idix ON public.files_related_mph USING btree (related_id);


--
-- Name: files_related_mph_oidx; Type: INDEX; Schema: public; Owner: postgres
--

CREATE INDEX files_related_mph_oidx ON public.files_related_mph USING btree ("order");


--
-- Name: files_updated_by_id_fk; Type: INDEX; Schema: public; Owner: postgres
--

CREATE INDEX files_updated_by_id_fk ON public.files USING btree (updated_by_id);


--
-- Name: globals_component_type_idx; Type: INDEX; Schema: public; Owner: postgres
--

CREATE INDEX globals_component_type_idx ON public.globals_cmps USING btree (component_type);


--
-- Name: globals_created_by_id_fk; Type: INDEX; Schema: public; Owner: postgres
--

CREATE INDEX globals_created_by_id_fk ON public.globals USING btree (created_by_id);


--
-- Name: globals_documents_idx; Type: INDEX; Schema: public; Owner: postgres
--

CREATE INDEX globals_documents_idx ON public.globals USING btree (document_id, locale, published_at);


--
-- Name: globals_entity_fk; Type: INDEX; Schema: public; Owner: postgres
--

CREATE INDEX globals_entity_fk ON public.globals_cmps USING btree (entity_id);


--
-- Name: globals_field_idx; Type: INDEX; Schema: public; Owner: postgres
--

CREATE INDEX globals_field_idx ON public.globals_cmps USING btree (field);


--
-- Name: globals_updated_by_id_fk; Type: INDEX; Schema: public; Owner: postgres
--

CREATE INDEX globals_updated_by_id_fk ON public.globals USING btree (updated_by_id);


--
-- Name: i18n_locale_created_by_id_fk; Type: INDEX; Schema: public; Owner: postgres
--

CREATE INDEX i18n_locale_created_by_id_fk ON public.i18n_locale USING btree (created_by_id);


--
-- Name: i18n_locale_documents_idx; Type: INDEX; Schema: public; Owner: postgres
--

CREATE INDEX i18n_locale_documents_idx ON public.i18n_locale USING btree (document_id, locale, published_at);


--
-- Name: i18n_locale_updated_by_id_fk; Type: INDEX; Schema: public; Owner: postgres
--

CREATE INDEX i18n_locale_updated_by_id_fk ON public.i18n_locale USING btree (updated_by_id);


--
-- Name: strapi_api_token_permissions_created_by_id_fk; Type: INDEX; Schema: public; Owner: postgres
--

CREATE INDEX strapi_api_token_permissions_created_by_id_fk ON public.strapi_api_token_permissions USING btree (created_by_id);


--
-- Name: strapi_api_token_permissions_documents_idx; Type: INDEX; Schema: public; Owner: postgres
--

CREATE INDEX strapi_api_token_permissions_documents_idx ON public.strapi_api_token_permissions USING btree (document_id, locale, published_at);


--
-- Name: strapi_api_token_permissions_token_lnk_fk; Type: INDEX; Schema: public; Owner: postgres
--

CREATE INDEX strapi_api_token_permissions_token_lnk_fk ON public.strapi_api_token_permissions_token_lnk USING btree (api_token_permission_id);


--
-- Name: strapi_api_token_permissions_token_lnk_ifk; Type: INDEX; Schema: public; Owner: postgres
--

CREATE INDEX strapi_api_token_permissions_token_lnk_ifk ON public.strapi_api_token_permissions_token_lnk USING btree (api_token_id);


--
-- Name: strapi_api_token_permissions_token_lnk_oifk; Type: INDEX; Schema: public; Owner: postgres
--

CREATE INDEX strapi_api_token_permissions_token_lnk_oifk ON public.strapi_api_token_permissions_token_lnk USING btree (api_token_permission_ord);


--
-- Name: strapi_api_token_permissions_updated_by_id_fk; Type: INDEX; Schema: public; Owner: postgres
--

CREATE INDEX strapi_api_token_permissions_updated_by_id_fk ON public.strapi_api_token_permissions USING btree (updated_by_id);


--
-- Name: strapi_api_tokens_created_by_id_fk; Type: INDEX; Schema: public; Owner: postgres
--

CREATE INDEX strapi_api_tokens_created_by_id_fk ON public.strapi_api_tokens USING btree (created_by_id);


--
-- Name: strapi_api_tokens_documents_idx; Type: INDEX; Schema: public; Owner: postgres
--

CREATE INDEX strapi_api_tokens_documents_idx ON public.strapi_api_tokens USING btree (document_id, locale, published_at);


--
-- Name: strapi_api_tokens_updated_by_id_fk; Type: INDEX; Schema: public; Owner: postgres
--

CREATE INDEX strapi_api_tokens_updated_by_id_fk ON public.strapi_api_tokens USING btree (updated_by_id);


--
-- Name: strapi_history_versions_created_by_id_fk; Type: INDEX; Schema: public; Owner: postgres
--

CREATE INDEX strapi_history_versions_created_by_id_fk ON public.strapi_history_versions USING btree (created_by_id);


--
-- Name: strapi_release_actions_created_by_id_fk; Type: INDEX; Schema: public; Owner: postgres
--

CREATE INDEX strapi_release_actions_created_by_id_fk ON public.strapi_release_actions USING btree (created_by_id);


--
-- Name: strapi_release_actions_documents_idx; Type: INDEX; Schema: public; Owner: postgres
--

CREATE INDEX strapi_release_actions_documents_idx ON public.strapi_release_actions USING btree (document_id, locale, published_at);


--
-- Name: strapi_release_actions_release_lnk_fk; Type: INDEX; Schema: public; Owner: postgres
--

CREATE INDEX strapi_release_actions_release_lnk_fk ON public.strapi_release_actions_release_lnk USING btree (release_action_id);


--
-- Name: strapi_release_actions_release_lnk_ifk; Type: INDEX; Schema: public; Owner: postgres
--

CREATE INDEX strapi_release_actions_release_lnk_ifk ON public.strapi_release_actions_release_lnk USING btree (release_id);


--
-- Name: strapi_release_actions_release_lnk_oifk; Type: INDEX; Schema: public; Owner: postgres
--

CREATE INDEX strapi_release_actions_release_lnk_oifk ON public.strapi_release_actions_release_lnk USING btree (release_action_ord);


--
-- Name: strapi_release_actions_updated_by_id_fk; Type: INDEX; Schema: public; Owner: postgres
--

CREATE INDEX strapi_release_actions_updated_by_id_fk ON public.strapi_release_actions USING btree (updated_by_id);


--
-- Name: strapi_releases_created_by_id_fk; Type: INDEX; Schema: public; Owner: postgres
--

CREATE INDEX strapi_releases_created_by_id_fk ON public.strapi_releases USING btree (created_by_id);


--
-- Name: strapi_releases_documents_idx; Type: INDEX; Schema: public; Owner: postgres
--

CREATE INDEX strapi_releases_documents_idx ON public.strapi_releases USING btree (document_id, locale, published_at);


--
-- Name: strapi_releases_updated_by_id_fk; Type: INDEX; Schema: public; Owner: postgres
--

CREATE INDEX strapi_releases_updated_by_id_fk ON public.strapi_releases USING btree (updated_by_id);


--
-- Name: strapi_transfer_token_permissions_created_by_id_fk; Type: INDEX; Schema: public; Owner: postgres
--

CREATE INDEX strapi_transfer_token_permissions_created_by_id_fk ON public.strapi_transfer_token_permissions USING btree (created_by_id);


--
-- Name: strapi_transfer_token_permissions_documents_idx; Type: INDEX; Schema: public; Owner: postgres
--

CREATE INDEX strapi_transfer_token_permissions_documents_idx ON public.strapi_transfer_token_permissions USING btree (document_id, locale, published_at);


--
-- Name: strapi_transfer_token_permissions_token_lnk_fk; Type: INDEX; Schema: public; Owner: postgres
--

CREATE INDEX strapi_transfer_token_permissions_token_lnk_fk ON public.strapi_transfer_token_permissions_token_lnk USING btree (transfer_token_permission_id);


--
-- Name: strapi_transfer_token_permissions_token_lnk_ifk; Type: INDEX; Schema: public; Owner: postgres
--

CREATE INDEX strapi_transfer_token_permissions_token_lnk_ifk ON public.strapi_transfer_token_permissions_token_lnk USING btree (transfer_token_id);


--
-- Name: strapi_transfer_token_permissions_token_lnk_oifk; Type: INDEX; Schema: public; Owner: postgres
--

CREATE INDEX strapi_transfer_token_permissions_token_lnk_oifk ON public.strapi_transfer_token_permissions_token_lnk USING btree (transfer_token_permission_ord);


--
-- Name: strapi_transfer_token_permissions_updated_by_id_fk; Type: INDEX; Schema: public; Owner: postgres
--

CREATE INDEX strapi_transfer_token_permissions_updated_by_id_fk ON public.strapi_transfer_token_permissions USING btree (updated_by_id);


--
-- Name: strapi_transfer_tokens_created_by_id_fk; Type: INDEX; Schema: public; Owner: postgres
--

CREATE INDEX strapi_transfer_tokens_created_by_id_fk ON public.strapi_transfer_tokens USING btree (created_by_id);


--
-- Name: strapi_transfer_tokens_documents_idx; Type: INDEX; Schema: public; Owner: postgres
--

CREATE INDEX strapi_transfer_tokens_documents_idx ON public.strapi_transfer_tokens USING btree (document_id, locale, published_at);


--
-- Name: strapi_transfer_tokens_updated_by_id_fk; Type: INDEX; Schema: public; Owner: postgres
--

CREATE INDEX strapi_transfer_tokens_updated_by_id_fk ON public.strapi_transfer_tokens USING btree (updated_by_id);


--
-- Name: strapi_workflows_created_by_id_fk; Type: INDEX; Schema: public; Owner: postgres
--

CREATE INDEX strapi_workflows_created_by_id_fk ON public.strapi_workflows USING btree (created_by_id);


--
-- Name: strapi_workflows_documents_idx; Type: INDEX; Schema: public; Owner: postgres
--

CREATE INDEX strapi_workflows_documents_idx ON public.strapi_workflows USING btree (document_id, locale, published_at);


--
-- Name: strapi_workflows_stage_required_to_publish_lnk_fk; Type: INDEX; Schema: public; Owner: postgres
--

CREATE INDEX strapi_workflows_stage_required_to_publish_lnk_fk ON public.strapi_workflows_stage_required_to_publish_lnk USING btree (workflow_id);


--
-- Name: strapi_workflows_stage_required_to_publish_lnk_ifk; Type: INDEX; Schema: public; Owner: postgres
--

CREATE INDEX strapi_workflows_stage_required_to_publish_lnk_ifk ON public.strapi_workflows_stage_required_to_publish_lnk USING btree (workflow_stage_id);


--
-- Name: strapi_workflows_stages_created_by_id_fk; Type: INDEX; Schema: public; Owner: postgres
--

CREATE INDEX strapi_workflows_stages_created_by_id_fk ON public.strapi_workflows_stages USING btree (created_by_id);


--
-- Name: strapi_workflows_stages_documents_idx; Type: INDEX; Schema: public; Owner: postgres
--

CREATE INDEX strapi_workflows_stages_documents_idx ON public.strapi_workflows_stages USING btree (document_id, locale, published_at);


--
-- Name: strapi_workflows_stages_permissions_lnk_fk; Type: INDEX; Schema: public; Owner: postgres
--

CREATE INDEX strapi_workflows_stages_permissions_lnk_fk ON public.strapi_workflows_stages_permissions_lnk USING btree (workflow_stage_id);


--
-- Name: strapi_workflows_stages_permissions_lnk_ifk; Type: INDEX; Schema: public; Owner: postgres
--

CREATE INDEX strapi_workflows_stages_permissions_lnk_ifk ON public.strapi_workflows_stages_permissions_lnk USING btree (permission_id);


--
-- Name: strapi_workflows_stages_permissions_lnk_ofk; Type: INDEX; Schema: public; Owner: postgres
--

CREATE INDEX strapi_workflows_stages_permissions_lnk_ofk ON public.strapi_workflows_stages_permissions_lnk USING btree (permission_ord);


--
-- Name: strapi_workflows_stages_updated_by_id_fk; Type: INDEX; Schema: public; Owner: postgres
--

CREATE INDEX strapi_workflows_stages_updated_by_id_fk ON public.strapi_workflows_stages USING btree (updated_by_id);


--
-- Name: strapi_workflows_stages_workflow_lnk_fk; Type: INDEX; Schema: public; Owner: postgres
--

CREATE INDEX strapi_workflows_stages_workflow_lnk_fk ON public.strapi_workflows_stages_workflow_lnk USING btree (workflow_stage_id);


--
-- Name: strapi_workflows_stages_workflow_lnk_ifk; Type: INDEX; Schema: public; Owner: postgres
--

CREATE INDEX strapi_workflows_stages_workflow_lnk_ifk ON public.strapi_workflows_stages_workflow_lnk USING btree (workflow_id);


--
-- Name: strapi_workflows_stages_workflow_lnk_oifk; Type: INDEX; Schema: public; Owner: postgres
--

CREATE INDEX strapi_workflows_stages_workflow_lnk_oifk ON public.strapi_workflows_stages_workflow_lnk USING btree (workflow_stage_ord);


--
-- Name: strapi_workflows_updated_by_id_fk; Type: INDEX; Schema: public; Owner: postgres
--

CREATE INDEX strapi_workflows_updated_by_id_fk ON public.strapi_workflows USING btree (updated_by_id);


--
-- Name: up_permissions_created_by_id_fk; Type: INDEX; Schema: public; Owner: postgres
--

CREATE INDEX up_permissions_created_by_id_fk ON public.up_permissions USING btree (created_by_id);


--
-- Name: up_permissions_documents_idx; Type: INDEX; Schema: public; Owner: postgres
--

CREATE INDEX up_permissions_documents_idx ON public.up_permissions USING btree (document_id, locale, published_at);


--
-- Name: up_permissions_role_lnk_fk; Type: INDEX; Schema: public; Owner: postgres
--

CREATE INDEX up_permissions_role_lnk_fk ON public.up_permissions_role_lnk USING btree (permission_id);


--
-- Name: up_permissions_role_lnk_ifk; Type: INDEX; Schema: public; Owner: postgres
--

CREATE INDEX up_permissions_role_lnk_ifk ON public.up_permissions_role_lnk USING btree (role_id);


--
-- Name: up_permissions_role_lnk_oifk; Type: INDEX; Schema: public; Owner: postgres
--

CREATE INDEX up_permissions_role_lnk_oifk ON public.up_permissions_role_lnk USING btree (permission_ord);


--
-- Name: up_permissions_updated_by_id_fk; Type: INDEX; Schema: public; Owner: postgres
--

CREATE INDEX up_permissions_updated_by_id_fk ON public.up_permissions USING btree (updated_by_id);


--
-- Name: up_roles_created_by_id_fk; Type: INDEX; Schema: public; Owner: postgres
--

CREATE INDEX up_roles_created_by_id_fk ON public.up_roles USING btree (created_by_id);


--
-- Name: up_roles_documents_idx; Type: INDEX; Schema: public; Owner: postgres
--

CREATE INDEX up_roles_documents_idx ON public.up_roles USING btree (document_id, locale, published_at);


--
-- Name: up_roles_updated_by_id_fk; Type: INDEX; Schema: public; Owner: postgres
--

CREATE INDEX up_roles_updated_by_id_fk ON public.up_roles USING btree (updated_by_id);


--
-- Name: up_users_created_by_id_fk; Type: INDEX; Schema: public; Owner: postgres
--

CREATE INDEX up_users_created_by_id_fk ON public.up_users USING btree (created_by_id);


--
-- Name: up_users_documents_idx; Type: INDEX; Schema: public; Owner: postgres
--

CREATE INDEX up_users_documents_idx ON public.up_users USING btree (document_id, locale, published_at);


--
-- Name: up_users_role_lnk_fk; Type: INDEX; Schema: public; Owner: postgres
--

CREATE INDEX up_users_role_lnk_fk ON public.up_users_role_lnk USING btree (user_id);


--
-- Name: up_users_role_lnk_ifk; Type: INDEX; Schema: public; Owner: postgres
--

CREATE INDEX up_users_role_lnk_ifk ON public.up_users_role_lnk USING btree (role_id);


--
-- Name: up_users_role_lnk_oifk; Type: INDEX; Schema: public; Owner: postgres
--

CREATE INDEX up_users_role_lnk_oifk ON public.up_users_role_lnk USING btree (user_ord);


--
-- Name: up_users_updated_by_id_fk; Type: INDEX; Schema: public; Owner: postgres
--

CREATE INDEX up_users_updated_by_id_fk ON public.up_users USING btree (updated_by_id);


--
-- Name: upload_files_created_at_index; Type: INDEX; Schema: public; Owner: postgres
--

CREATE INDEX upload_files_created_at_index ON public.files USING btree (created_at);


--
-- Name: upload_files_ext_index; Type: INDEX; Schema: public; Owner: postgres
--

CREATE INDEX upload_files_ext_index ON public.files USING btree (ext);


--
-- Name: upload_files_folder_path_index; Type: INDEX; Schema: public; Owner: postgres
--

CREATE INDEX upload_files_folder_path_index ON public.files USING btree (folder_path);


--
-- Name: upload_files_name_index; Type: INDEX; Schema: public; Owner: postgres
--

CREATE INDEX upload_files_name_index ON public.files USING btree (name);


--
-- Name: upload_files_size_index; Type: INDEX; Schema: public; Owner: postgres
--

CREATE INDEX upload_files_size_index ON public.files USING btree (size);


--
-- Name: upload_files_updated_at_index; Type: INDEX; Schema: public; Owner: postgres
--

CREATE INDEX upload_files_updated_at_index ON public.files USING btree (updated_at);


--
-- Name: upload_folders_created_by_id_fk; Type: INDEX; Schema: public; Owner: postgres
--

CREATE INDEX upload_folders_created_by_id_fk ON public.upload_folders USING btree (created_by_id);


--
-- Name: upload_folders_documents_idx; Type: INDEX; Schema: public; Owner: postgres
--

CREATE INDEX upload_folders_documents_idx ON public.upload_folders USING btree (document_id, locale, published_at);


--
-- Name: upload_folders_parent_lnk_fk; Type: INDEX; Schema: public; Owner: postgres
--

CREATE INDEX upload_folders_parent_lnk_fk ON public.upload_folders_parent_lnk USING btree (folder_id);


--
-- Name: upload_folders_parent_lnk_ifk; Type: INDEX; Schema: public; Owner: postgres
--

CREATE INDEX upload_folders_parent_lnk_ifk ON public.upload_folders_parent_lnk USING btree (inv_folder_id);


--
-- Name: upload_folders_parent_lnk_oifk; Type: INDEX; Schema: public; Owner: postgres
--

CREATE INDEX upload_folders_parent_lnk_oifk ON public.upload_folders_parent_lnk USING btree (folder_ord);


--
-- Name: upload_folders_updated_by_id_fk; Type: INDEX; Schema: public; Owner: postgres
--

CREATE INDEX upload_folders_updated_by_id_fk ON public.upload_folders USING btree (updated_by_id);


--
-- Name: abouts abouts_created_by_id_fk; Type: FK CONSTRAINT; Schema: public; Owner: postgres
--

ALTER TABLE ONLY public.abouts
    ADD CONSTRAINT abouts_created_by_id_fk FOREIGN KEY (created_by_id) REFERENCES public.admin_users(id) ON DELETE SET NULL;


--
-- Name: abouts_cmps abouts_entity_fk; Type: FK CONSTRAINT; Schema: public; Owner: postgres
--

ALTER TABLE ONLY public.abouts_cmps
    ADD CONSTRAINT abouts_entity_fk FOREIGN KEY (entity_id) REFERENCES public.abouts(id) ON DELETE CASCADE;


--
-- Name: abouts abouts_updated_by_id_fk; Type: FK CONSTRAINT; Schema: public; Owner: postgres
--

ALTER TABLE ONLY public.abouts
    ADD CONSTRAINT abouts_updated_by_id_fk FOREIGN KEY (updated_by_id) REFERENCES public.admin_users(id) ON DELETE SET NULL;


--
-- Name: admin_permissions admin_permissions_created_by_id_fk; Type: FK CONSTRAINT; Schema: public; Owner: postgres
--

ALTER TABLE ONLY public.admin_permissions
    ADD CONSTRAINT admin_permissions_created_by_id_fk FOREIGN KEY (created_by_id) REFERENCES public.admin_users(id) ON DELETE SET NULL;


--
-- Name: admin_permissions_role_lnk admin_permissions_role_lnk_fk; Type: FK CONSTRAINT; Schema: public; Owner: postgres
--

ALTER TABLE ONLY public.admin_permissions_role_lnk
    ADD CONSTRAINT admin_permissions_role_lnk_fk FOREIGN KEY (permission_id) REFERENCES public.admin_permissions(id) ON DELETE CASCADE;


--
-- Name: admin_permissions_role_lnk admin_permissions_role_lnk_ifk; Type: FK CONSTRAINT; Schema: public; Owner: postgres
--

ALTER TABLE ONLY public.admin_permissions_role_lnk
    ADD CONSTRAINT admin_permissions_role_lnk_ifk FOREIGN KEY (role_id) REFERENCES public.admin_roles(id) ON DELETE CASCADE;


--
-- Name: admin_permissions admin_permissions_updated_by_id_fk; Type: FK CONSTRAINT; Schema: public; Owner: postgres
--

ALTER TABLE ONLY public.admin_permissions
    ADD CONSTRAINT admin_permissions_updated_by_id_fk FOREIGN KEY (updated_by_id) REFERENCES public.admin_users(id) ON DELETE SET NULL;


--
-- Name: admin_roles admin_roles_created_by_id_fk; Type: FK CONSTRAINT; Schema: public; Owner: postgres
--

ALTER TABLE ONLY public.admin_roles
    ADD CONSTRAINT admin_roles_created_by_id_fk FOREIGN KEY (created_by_id) REFERENCES public.admin_users(id) ON DELETE SET NULL;


--
-- Name: admin_roles admin_roles_updated_by_id_fk; Type: FK CONSTRAINT; Schema: public; Owner: postgres
--

ALTER TABLE ONLY public.admin_roles
    ADD CONSTRAINT admin_roles_updated_by_id_fk FOREIGN KEY (updated_by_id) REFERENCES public.admin_users(id) ON DELETE SET NULL;


--
-- Name: admin_users admin_users_created_by_id_fk; Type: FK CONSTRAINT; Schema: public; Owner: postgres
--

ALTER TABLE ONLY public.admin_users
    ADD CONSTRAINT admin_users_created_by_id_fk FOREIGN KEY (created_by_id) REFERENCES public.admin_users(id) ON DELETE SET NULL;


--
-- Name: admin_users_roles_lnk admin_users_roles_lnk_fk; Type: FK CONSTRAINT; Schema: public; Owner: postgres
--

ALTER TABLE ONLY public.admin_users_roles_lnk
    ADD CONSTRAINT admin_users_roles_lnk_fk FOREIGN KEY (user_id) REFERENCES public.admin_users(id) ON DELETE CASCADE;


--
-- Name: admin_users_roles_lnk admin_users_roles_lnk_ifk; Type: FK CONSTRAINT; Schema: public; Owner: postgres
--

ALTER TABLE ONLY public.admin_users_roles_lnk
    ADD CONSTRAINT admin_users_roles_lnk_ifk FOREIGN KEY (role_id) REFERENCES public.admin_roles(id) ON DELETE CASCADE;


--
-- Name: admin_users admin_users_updated_by_id_fk; Type: FK CONSTRAINT; Schema: public; Owner: postgres
--

ALTER TABLE ONLY public.admin_users
    ADD CONSTRAINT admin_users_updated_by_id_fk FOREIGN KEY (updated_by_id) REFERENCES public.admin_users(id) ON DELETE SET NULL;


--
-- Name: articles articles_created_by_id_fk; Type: FK CONSTRAINT; Schema: public; Owner: postgres
--

ALTER TABLE ONLY public.articles
    ADD CONSTRAINT articles_created_by_id_fk FOREIGN KEY (created_by_id) REFERENCES public.admin_users(id) ON DELETE SET NULL;


--
-- Name: articles_cmps articles_entity_fk; Type: FK CONSTRAINT; Schema: public; Owner: postgres
--

ALTER TABLE ONLY public.articles_cmps
    ADD CONSTRAINT articles_entity_fk FOREIGN KEY (entity_id) REFERENCES public.articles(id) ON DELETE CASCADE;


--
-- Name: articles articles_updated_by_id_fk; Type: FK CONSTRAINT; Schema: public; Owner: postgres
--

ALTER TABLE ONLY public.articles
    ADD CONSTRAINT articles_updated_by_id_fk FOREIGN KEY (updated_by_id) REFERENCES public.admin_users(id) ON DELETE SET NULL;


--
-- Name: authors authors_created_by_id_fk; Type: FK CONSTRAINT; Schema: public; Owner: postgres
--

ALTER TABLE ONLY public.authors
    ADD CONSTRAINT authors_created_by_id_fk FOREIGN KEY (created_by_id) REFERENCES public.admin_users(id) ON DELETE SET NULL;


--
-- Name: authors authors_updated_by_id_fk; Type: FK CONSTRAINT; Schema: public; Owner: postgres
--

ALTER TABLE ONLY public.authors
    ADD CONSTRAINT authors_updated_by_id_fk FOREIGN KEY (updated_by_id) REFERENCES public.admin_users(id) ON DELETE SET NULL;


--
-- Name: categories categories_created_by_id_fk; Type: FK CONSTRAINT; Schema: public; Owner: postgres
--

ALTER TABLE ONLY public.categories
    ADD CONSTRAINT categories_created_by_id_fk FOREIGN KEY (created_by_id) REFERENCES public.admin_users(id) ON DELETE SET NULL;


--
-- Name: categories categories_updated_by_id_fk; Type: FK CONSTRAINT; Schema: public; Owner: postgres
--

ALTER TABLE ONLY public.categories
    ADD CONSTRAINT categories_updated_by_id_fk FOREIGN KEY (updated_by_id) REFERENCES public.admin_users(id) ON DELETE SET NULL;


--
-- Name: components_shared_line_graphs_cmps components_shared_line_graphs_entity_fk; Type: FK CONSTRAINT; Schema: public; Owner: postgres
--

ALTER TABLE ONLY public.components_shared_line_graphs_cmps
    ADD CONSTRAINT components_shared_line_graphs_entity_fk FOREIGN KEY (entity_id) REFERENCES public.components_shared_line_graphs(id) ON DELETE CASCADE;


--
-- Name: components_shared_maps_cmps components_shared_maps_entity_fk; Type: FK CONSTRAINT; Schema: public; Owner: postgres
--

ALTER TABLE ONLY public.components_shared_maps_cmps
    ADD CONSTRAINT components_shared_maps_entity_fk FOREIGN KEY (entity_id) REFERENCES public.components_shared_maps(id) ON DELETE CASCADE;


--
-- Name: files files_created_by_id_fk; Type: FK CONSTRAINT; Schema: public; Owner: postgres
--

ALTER TABLE ONLY public.files
    ADD CONSTRAINT files_created_by_id_fk FOREIGN KEY (created_by_id) REFERENCES public.admin_users(id) ON DELETE SET NULL;


--
-- Name: files_folder_lnk files_folder_lnk_fk; Type: FK CONSTRAINT; Schema: public; Owner: postgres
--

ALTER TABLE ONLY public.files_folder_lnk
    ADD CONSTRAINT files_folder_lnk_fk FOREIGN KEY (file_id) REFERENCES public.files(id) ON DELETE CASCADE;


--
-- Name: files_folder_lnk files_folder_lnk_ifk; Type: FK CONSTRAINT; Schema: public; Owner: postgres
--

ALTER TABLE ONLY public.files_folder_lnk
    ADD CONSTRAINT files_folder_lnk_ifk FOREIGN KEY (folder_id) REFERENCES public.upload_folders(id) ON DELETE CASCADE;


--
-- Name: files_related_mph files_related_mph_fk; Type: FK CONSTRAINT; Schema: public; Owner: postgres
--

ALTER TABLE ONLY public.files_related_mph
    ADD CONSTRAINT files_related_mph_fk FOREIGN KEY (file_id) REFERENCES public.files(id) ON DELETE CASCADE;


--
-- Name: files files_updated_by_id_fk; Type: FK CONSTRAINT; Schema: public; Owner: postgres
--

ALTER TABLE ONLY public.files
    ADD CONSTRAINT files_updated_by_id_fk FOREIGN KEY (updated_by_id) REFERENCES public.admin_users(id) ON DELETE SET NULL;


--
-- Name: globals globals_created_by_id_fk; Type: FK CONSTRAINT; Schema: public; Owner: postgres
--

ALTER TABLE ONLY public.globals
    ADD CONSTRAINT globals_created_by_id_fk FOREIGN KEY (created_by_id) REFERENCES public.admin_users(id) ON DELETE SET NULL;


--
-- Name: globals_cmps globals_entity_fk; Type: FK CONSTRAINT; Schema: public; Owner: postgres
--

ALTER TABLE ONLY public.globals_cmps
    ADD CONSTRAINT globals_entity_fk FOREIGN KEY (entity_id) REFERENCES public.globals(id) ON DELETE CASCADE;


--
-- Name: globals globals_updated_by_id_fk; Type: FK CONSTRAINT; Schema: public; Owner: postgres
--

ALTER TABLE ONLY public.globals
    ADD CONSTRAINT globals_updated_by_id_fk FOREIGN KEY (updated_by_id) REFERENCES public.admin_users(id) ON DELETE SET NULL;


--
-- Name: i18n_locale i18n_locale_created_by_id_fk; Type: FK CONSTRAINT; Schema: public; Owner: postgres
--

ALTER TABLE ONLY public.i18n_locale
    ADD CONSTRAINT i18n_locale_created_by_id_fk FOREIGN KEY (created_by_id) REFERENCES public.admin_users(id) ON DELETE SET NULL;


--
-- Name: i18n_locale i18n_locale_updated_by_id_fk; Type: FK CONSTRAINT; Schema: public; Owner: postgres
--

ALTER TABLE ONLY public.i18n_locale
    ADD CONSTRAINT i18n_locale_updated_by_id_fk FOREIGN KEY (updated_by_id) REFERENCES public.admin_users(id) ON DELETE SET NULL;


--
-- Name: strapi_api_token_permissions strapi_api_token_permissions_created_by_id_fk; Type: FK CONSTRAINT; Schema: public; Owner: postgres
--

ALTER TABLE ONLY public.strapi_api_token_permissions
    ADD CONSTRAINT strapi_api_token_permissions_created_by_id_fk FOREIGN KEY (created_by_id) REFERENCES public.admin_users(id) ON DELETE SET NULL;


--
-- Name: strapi_api_token_permissions_token_lnk strapi_api_token_permissions_token_lnk_fk; Type: FK CONSTRAINT; Schema: public; Owner: postgres
--

ALTER TABLE ONLY public.strapi_api_token_permissions_token_lnk
    ADD CONSTRAINT strapi_api_token_permissions_token_lnk_fk FOREIGN KEY (api_token_permission_id) REFERENCES public.strapi_api_token_permissions(id) ON DELETE CASCADE;


--
-- Name: strapi_api_token_permissions_token_lnk strapi_api_token_permissions_token_lnk_ifk; Type: FK CONSTRAINT; Schema: public; Owner: postgres
--

ALTER TABLE ONLY public.strapi_api_token_permissions_token_lnk
    ADD CONSTRAINT strapi_api_token_permissions_token_lnk_ifk FOREIGN KEY (api_token_id) REFERENCES public.strapi_api_tokens(id) ON DELETE CASCADE;


--
-- Name: strapi_api_token_permissions strapi_api_token_permissions_updated_by_id_fk; Type: FK CONSTRAINT; Schema: public; Owner: postgres
--

ALTER TABLE ONLY public.strapi_api_token_permissions
    ADD CONSTRAINT strapi_api_token_permissions_updated_by_id_fk FOREIGN KEY (updated_by_id) REFERENCES public.admin_users(id) ON DELETE SET NULL;


--
-- Name: strapi_api_tokens strapi_api_tokens_created_by_id_fk; Type: FK CONSTRAINT; Schema: public; Owner: postgres
--

ALTER TABLE ONLY public.strapi_api_tokens
    ADD CONSTRAINT strapi_api_tokens_created_by_id_fk FOREIGN KEY (created_by_id) REFERENCES public.admin_users(id) ON DELETE SET NULL;


--
-- Name: strapi_api_tokens strapi_api_tokens_updated_by_id_fk; Type: FK CONSTRAINT; Schema: public; Owner: postgres
--

ALTER TABLE ONLY public.strapi_api_tokens
    ADD CONSTRAINT strapi_api_tokens_updated_by_id_fk FOREIGN KEY (updated_by_id) REFERENCES public.admin_users(id) ON DELETE SET NULL;


--
-- Name: strapi_history_versions strapi_history_versions_created_by_id_fk; Type: FK CONSTRAINT; Schema: public; Owner: postgres
--

ALTER TABLE ONLY public.strapi_history_versions
    ADD CONSTRAINT strapi_history_versions_created_by_id_fk FOREIGN KEY (created_by_id) REFERENCES public.admin_users(id) ON DELETE SET NULL;


--
-- Name: strapi_release_actions strapi_release_actions_created_by_id_fk; Type: FK CONSTRAINT; Schema: public; Owner: postgres
--

ALTER TABLE ONLY public.strapi_release_actions
    ADD CONSTRAINT strapi_release_actions_created_by_id_fk FOREIGN KEY (created_by_id) REFERENCES public.admin_users(id) ON DELETE SET NULL;


--
-- Name: strapi_release_actions_release_lnk strapi_release_actions_release_lnk_fk; Type: FK CONSTRAINT; Schema: public; Owner: postgres
--

ALTER TABLE ONLY public.strapi_release_actions_release_lnk
    ADD CONSTRAINT strapi_release_actions_release_lnk_fk FOREIGN KEY (release_action_id) REFERENCES public.strapi_release_actions(id) ON DELETE CASCADE;


--
-- Name: strapi_release_actions_release_lnk strapi_release_actions_release_lnk_ifk; Type: FK CONSTRAINT; Schema: public; Owner: postgres
--

ALTER TABLE ONLY public.strapi_release_actions_release_lnk
    ADD CONSTRAINT strapi_release_actions_release_lnk_ifk FOREIGN KEY (release_id) REFERENCES public.strapi_releases(id) ON DELETE CASCADE;


--
-- Name: strapi_release_actions strapi_release_actions_updated_by_id_fk; Type: FK CONSTRAINT; Schema: public; Owner: postgres
--

ALTER TABLE ONLY public.strapi_release_actions
    ADD CONSTRAINT strapi_release_actions_updated_by_id_fk FOREIGN KEY (updated_by_id) REFERENCES public.admin_users(id) ON DELETE SET NULL;


--
-- Name: strapi_releases strapi_releases_created_by_id_fk; Type: FK CONSTRAINT; Schema: public; Owner: postgres
--

ALTER TABLE ONLY public.strapi_releases
    ADD CONSTRAINT strapi_releases_created_by_id_fk FOREIGN KEY (created_by_id) REFERENCES public.admin_users(id) ON DELETE SET NULL;


--
-- Name: strapi_releases strapi_releases_updated_by_id_fk; Type: FK CONSTRAINT; Schema: public; Owner: postgres
--

ALTER TABLE ONLY public.strapi_releases
    ADD CONSTRAINT strapi_releases_updated_by_id_fk FOREIGN KEY (updated_by_id) REFERENCES public.admin_users(id) ON DELETE SET NULL;


--
-- Name: strapi_transfer_token_permissions strapi_transfer_token_permissions_created_by_id_fk; Type: FK CONSTRAINT; Schema: public; Owner: postgres
--

ALTER TABLE ONLY public.strapi_transfer_token_permissions
    ADD CONSTRAINT strapi_transfer_token_permissions_created_by_id_fk FOREIGN KEY (created_by_id) REFERENCES public.admin_users(id) ON DELETE SET NULL;


--
-- Name: strapi_transfer_token_permissions_token_lnk strapi_transfer_token_permissions_token_lnk_fk; Type: FK CONSTRAINT; Schema: public; Owner: postgres
--

ALTER TABLE ONLY public.strapi_transfer_token_permissions_token_lnk
    ADD CONSTRAINT strapi_transfer_token_permissions_token_lnk_fk FOREIGN KEY (transfer_token_permission_id) REFERENCES public.strapi_transfer_token_permissions(id) ON DELETE CASCADE;


--
-- Name: strapi_transfer_token_permissions_token_lnk strapi_transfer_token_permissions_token_lnk_ifk; Type: FK CONSTRAINT; Schema: public; Owner: postgres
--

ALTER TABLE ONLY public.strapi_transfer_token_permissions_token_lnk
    ADD CONSTRAINT strapi_transfer_token_permissions_token_lnk_ifk FOREIGN KEY (transfer_token_id) REFERENCES public.strapi_transfer_tokens(id) ON DELETE CASCADE;


--
-- Name: strapi_transfer_token_permissions strapi_transfer_token_permissions_updated_by_id_fk; Type: FK CONSTRAINT; Schema: public; Owner: postgres
--

ALTER TABLE ONLY public.strapi_transfer_token_permissions
    ADD CONSTRAINT strapi_transfer_token_permissions_updated_by_id_fk FOREIGN KEY (updated_by_id) REFERENCES public.admin_users(id) ON DELETE SET NULL;


--
-- Name: strapi_transfer_tokens strapi_transfer_tokens_created_by_id_fk; Type: FK CONSTRAINT; Schema: public; Owner: postgres
--

ALTER TABLE ONLY public.strapi_transfer_tokens
    ADD CONSTRAINT strapi_transfer_tokens_created_by_id_fk FOREIGN KEY (created_by_id) REFERENCES public.admin_users(id) ON DELETE SET NULL;


--
-- Name: strapi_transfer_tokens strapi_transfer_tokens_updated_by_id_fk; Type: FK CONSTRAINT; Schema: public; Owner: postgres
--

ALTER TABLE ONLY public.strapi_transfer_tokens
    ADD CONSTRAINT strapi_transfer_tokens_updated_by_id_fk FOREIGN KEY (updated_by_id) REFERENCES public.admin_users(id) ON DELETE SET NULL;


--
-- Name: strapi_workflows strapi_workflows_created_by_id_fk; Type: FK CONSTRAINT; Schema: public; Owner: postgres
--

ALTER TABLE ONLY public.strapi_workflows
    ADD CONSTRAINT strapi_workflows_created_by_id_fk FOREIGN KEY (created_by_id) REFERENCES public.admin_users(id) ON DELETE SET NULL;


--
-- Name: strapi_workflows_stage_required_to_publish_lnk strapi_workflows_stage_required_to_publish_lnk_fk; Type: FK CONSTRAINT; Schema: public; Owner: postgres
--

ALTER TABLE ONLY public.strapi_workflows_stage_required_to_publish_lnk
    ADD CONSTRAINT strapi_workflows_stage_required_to_publish_lnk_fk FOREIGN KEY (workflow_id) REFERENCES public.strapi_workflows(id) ON DELETE CASCADE;


--
-- Name: strapi_workflows_stage_required_to_publish_lnk strapi_workflows_stage_required_to_publish_lnk_ifk; Type: FK CONSTRAINT; Schema: public; Owner: postgres
--

ALTER TABLE ONLY public.strapi_workflows_stage_required_to_publish_lnk
    ADD CONSTRAINT strapi_workflows_stage_required_to_publish_lnk_ifk FOREIGN KEY (workflow_stage_id) REFERENCES public.strapi_workflows_stages(id) ON DELETE CASCADE;


--
-- Name: strapi_workflows_stages strapi_workflows_stages_created_by_id_fk; Type: FK CONSTRAINT; Schema: public; Owner: postgres
--

ALTER TABLE ONLY public.strapi_workflows_stages
    ADD CONSTRAINT strapi_workflows_stages_created_by_id_fk FOREIGN KEY (created_by_id) REFERENCES public.admin_users(id) ON DELETE SET NULL;


--
-- Name: strapi_workflows_stages_permissions_lnk strapi_workflows_stages_permissions_lnk_fk; Type: FK CONSTRAINT; Schema: public; Owner: postgres
--

ALTER TABLE ONLY public.strapi_workflows_stages_permissions_lnk
    ADD CONSTRAINT strapi_workflows_stages_permissions_lnk_fk FOREIGN KEY (workflow_stage_id) REFERENCES public.strapi_workflows_stages(id) ON DELETE CASCADE;


--
-- Name: strapi_workflows_stages_permissions_lnk strapi_workflows_stages_permissions_lnk_ifk; Type: FK CONSTRAINT; Schema: public; Owner: postgres
--

ALTER TABLE ONLY public.strapi_workflows_stages_permissions_lnk
    ADD CONSTRAINT strapi_workflows_stages_permissions_lnk_ifk FOREIGN KEY (permission_id) REFERENCES public.admin_permissions(id) ON DELETE CASCADE;


--
-- Name: strapi_workflows_stages strapi_workflows_stages_updated_by_id_fk; Type: FK CONSTRAINT; Schema: public; Owner: postgres
--

ALTER TABLE ONLY public.strapi_workflows_stages
    ADD CONSTRAINT strapi_workflows_stages_updated_by_id_fk FOREIGN KEY (updated_by_id) REFERENCES public.admin_users(id) ON DELETE SET NULL;


--
-- Name: strapi_workflows_stages_workflow_lnk strapi_workflows_stages_workflow_lnk_fk; Type: FK CONSTRAINT; Schema: public; Owner: postgres
--

ALTER TABLE ONLY public.strapi_workflows_stages_workflow_lnk
    ADD CONSTRAINT strapi_workflows_stages_workflow_lnk_fk FOREIGN KEY (workflow_stage_id) REFERENCES public.strapi_workflows_stages(id) ON DELETE CASCADE;


--
-- Name: strapi_workflows_stages_workflow_lnk strapi_workflows_stages_workflow_lnk_ifk; Type: FK CONSTRAINT; Schema: public; Owner: postgres
--

ALTER TABLE ONLY public.strapi_workflows_stages_workflow_lnk
    ADD CONSTRAINT strapi_workflows_stages_workflow_lnk_ifk FOREIGN KEY (workflow_id) REFERENCES public.strapi_workflows(id) ON DELETE CASCADE;


--
-- Name: strapi_workflows strapi_workflows_updated_by_id_fk; Type: FK CONSTRAINT; Schema: public; Owner: postgres
--

ALTER TABLE ONLY public.strapi_workflows
    ADD CONSTRAINT strapi_workflows_updated_by_id_fk FOREIGN KEY (updated_by_id) REFERENCES public.admin_users(id) ON DELETE SET NULL;


--
-- Name: up_permissions up_permissions_created_by_id_fk; Type: FK CONSTRAINT; Schema: public; Owner: postgres
--

ALTER TABLE ONLY public.up_permissions
    ADD CONSTRAINT up_permissions_created_by_id_fk FOREIGN KEY (created_by_id) REFERENCES public.admin_users(id) ON DELETE SET NULL;


--
-- Name: up_permissions_role_lnk up_permissions_role_lnk_fk; Type: FK CONSTRAINT; Schema: public; Owner: postgres
--

ALTER TABLE ONLY public.up_permissions_role_lnk
    ADD CONSTRAINT up_permissions_role_lnk_fk FOREIGN KEY (permission_id) REFERENCES public.up_permissions(id) ON DELETE CASCADE;


--
-- Name: up_permissions_role_lnk up_permissions_role_lnk_ifk; Type: FK CONSTRAINT; Schema: public; Owner: postgres
--

ALTER TABLE ONLY public.up_permissions_role_lnk
    ADD CONSTRAINT up_permissions_role_lnk_ifk FOREIGN KEY (role_id) REFERENCES public.up_roles(id) ON DELETE CASCADE;


--
-- Name: up_permissions up_permissions_updated_by_id_fk; Type: FK CONSTRAINT; Schema: public; Owner: postgres
--

ALTER TABLE ONLY public.up_permissions
    ADD CONSTRAINT up_permissions_updated_by_id_fk FOREIGN KEY (updated_by_id) REFERENCES public.admin_users(id) ON DELETE SET NULL;


--
-- Name: up_roles up_roles_created_by_id_fk; Type: FK CONSTRAINT; Schema: public; Owner: postgres
--

ALTER TABLE ONLY public.up_roles
    ADD CONSTRAINT up_roles_created_by_id_fk FOREIGN KEY (created_by_id) REFERENCES public.admin_users(id) ON DELETE SET NULL;


--
-- Name: up_roles up_roles_updated_by_id_fk; Type: FK CONSTRAINT; Schema: public; Owner: postgres
--

ALTER TABLE ONLY public.up_roles
    ADD CONSTRAINT up_roles_updated_by_id_fk FOREIGN KEY (updated_by_id) REFERENCES public.admin_users(id) ON DELETE SET NULL;


--
-- Name: up_users up_users_created_by_id_fk; Type: FK CONSTRAINT; Schema: public; Owner: postgres
--

ALTER TABLE ONLY public.up_users
    ADD CONSTRAINT up_users_created_by_id_fk FOREIGN KEY (created_by_id) REFERENCES public.admin_users(id) ON DELETE SET NULL;


--
-- Name: up_users_role_lnk up_users_role_lnk_fk; Type: FK CONSTRAINT; Schema: public; Owner: postgres
--

ALTER TABLE ONLY public.up_users_role_lnk
    ADD CONSTRAINT up_users_role_lnk_fk FOREIGN KEY (user_id) REFERENCES public.up_users(id) ON DELETE CASCADE;


--
-- Name: up_users_role_lnk up_users_role_lnk_ifk; Type: FK CONSTRAINT; Schema: public; Owner: postgres
--

ALTER TABLE ONLY public.up_users_role_lnk
    ADD CONSTRAINT up_users_role_lnk_ifk FOREIGN KEY (role_id) REFERENCES public.up_roles(id) ON DELETE CASCADE;


--
-- Name: up_users up_users_updated_by_id_fk; Type: FK CONSTRAINT; Schema: public; Owner: postgres
--

ALTER TABLE ONLY public.up_users
    ADD CONSTRAINT up_users_updated_by_id_fk FOREIGN KEY (updated_by_id) REFERENCES public.admin_users(id) ON DELETE SET NULL;


--
-- Name: upload_folders upload_folders_created_by_id_fk; Type: FK CONSTRAINT; Schema: public; Owner: postgres
--

ALTER TABLE ONLY public.upload_folders
    ADD CONSTRAINT upload_folders_created_by_id_fk FOREIGN KEY (created_by_id) REFERENCES public.admin_users(id) ON DELETE SET NULL;


--
-- Name: upload_folders_parent_lnk upload_folders_parent_lnk_fk; Type: FK CONSTRAINT; Schema: public; Owner: postgres
--

ALTER TABLE ONLY public.upload_folders_parent_lnk
    ADD CONSTRAINT upload_folders_parent_lnk_fk FOREIGN KEY (folder_id) REFERENCES public.upload_folders(id) ON DELETE CASCADE;


--
-- Name: upload_folders_parent_lnk upload_folders_parent_lnk_ifk; Type: FK CONSTRAINT; Schema: public; Owner: postgres
--

ALTER TABLE ONLY public.upload_folders_parent_lnk
    ADD CONSTRAINT upload_folders_parent_lnk_ifk FOREIGN KEY (inv_folder_id) REFERENCES public.upload_folders(id) ON DELETE CASCADE;


--
-- Name: upload_folders upload_folders_updated_by_id_fk; Type: FK CONSTRAINT; Schema: public; Owner: postgres
--

ALTER TABLE ONLY public.upload_folders
    ADD CONSTRAINT upload_folders_updated_by_id_fk FOREIGN KEY (updated_by_id) REFERENCES public.admin_users(id) ON DELETE SET NULL;


--
-- PostgreSQL database dump complete
--

--
-- PostgreSQL database cluster dump complete
--

